Area Code,Area Code (M49),Area,Item Code,Item Code (FBS),Item,Element Code,Element,Unit,Y2010,Y2010F,Y2010N,Y2011,Y2011F,Y2011N,Y2012,Y2012F,Y2012N,Y2013,Y2013F,Y2013N,Y2014,Y2014F,Y2014N,Y2015,Y2015F,Y2015N,Y2016,Y2016F,Y2016N,Y2017,Y2017F,Y2017N,Y2018,Y2018F,Y2018N,Y2019,Y2019F,Y2019N,Y2020,Y2020F,Y2020N,Y2021,Y2021F,Y2021N,Y2022,Y2022F,Y2022N,Y2023,Y2023F,Y2023N
237,'704,Viet Nam,2501,'S2501,Population,511,Total Population - Both sexes,1000 No,87455.150000,X,,88468.310000,X,,89510.360000,X,,90573.100000,X,,91679.580000,X,,92823.250000,X,,94000.120000,X,,95176.980000,X,,96237.320000,X,,97173.780000,X,,98079.190000,X,,98935.100000,X,,99680.650000,X,,100352.190000,X,
237,'704,Viet Nam,2901,'S2901,Grand Total,664,Food supply (kcal/capita/day),kcal/cap/d,2729.500000,E,,2757.690000,E,,2815.860000,E,,2800.420000,E,,2833.530000,E,,2822.850000,E,,2847.280000,E,,2862.370000,E,,2885.870000,E,,2922.100000,E,,2966.220000,E,,3004.100000,E,,3030.660000,E,,3086.030000,E,
237,'704,Viet Nam,2901,'S2901,Grand Total,661,Food supply (kcal),million Kcal,87128649.400000,E,,89048268.800000,E,,91997759.610000,E,,92579453.980000,E,,94818709.450000,E,,95639368.200000,E,,97690220.840000,E,,99437418.500000,E,,101370773.470000,E,,103642410.380000,E,,106187561.860000,E,,108482064.280000,E,,110265837.620000,E,,113036936.370000,E,
237,'704,Viet Nam,2901,'S2901,Grand Total,674,Protein supply quantity (g/capita/day),g/cap/d,79.670000,E,,82.420000,E,,86.690000,E,,86.240000,E,,85.100000,E,,86.030000,E,,87.300000,E,,88.830000,E,,90.620000,E,,92.130000,E,,93.400000,E,,96.190000,E,,98.780000,E,,102.200000,E,
237,'704,Viet Nam,2901,'S2901,Grand Total,671,Protein supply quantity (t),t,2543186.680000,E,,2661301.870000,E,,2832172.030000,E,,2851083.750000,E,,2847595.430000,E,,2914645.590000,E,,2995246.360000,E,,3086065.800000,E,,3183289.860000,E,,3267740.920000,E,,3343596.540000,E,,3473448.710000,E,,3594132.060000,E,,3743441.370000,E,
237,'704,Viet Nam,2901,'S2901,Grand Total,684,Fat supply quantity (g/capita/day),g/cap/d,51.550000,E,,53.350000,E,,55.220000,E,,54.930000,E,,53.960000,E,,53.950000,E,,55.620000,E,,56.660000,E,,59.950000,E,,59.840000,E,,57.880000,E,,64.630000,E,,67.910000,E,,73.750000,E,
237,'704,Viet Nam,2901,'S2901,Grand Total,681,Fat supply quantity (t),t,1645640.090000,E,,1722713.690000,E,,1804098.340000,E,,1815965.510000,E,,1805811.110000,E,,1827732.110000,E,,1908253.030000,E,,1968337.480000,E,,2105910.040000,E,,2122478.630000,E,,2072066.720000,E,,2333946.890000,E,,2470975.920000,E,,2701360.140000,E,
237,'704,Viet Nam,2903,'S2903,Vegetal Products,664,Food supply (kcal/capita/day),kcal/cap/d,2346.650000,E,,2351.920000,E,,2414.830000,E,,2398.560000,E,,2449.620000,E,,2413.220000,E,,2429.180000,E,,2439.630000,E,,2445.250000,E,,2494.990000,E,,2529.270000,E,,2525.280000,E,,2532.320000,E,,2557.800000,E,
237,'704,Viet Nam,2903,'S2903,Vegetal Products,661,Food supply (kcal),million Kcal,74907831.380000,E,,75945578.700000,E,,78895511.760000,E,,79294528.320000,E,,81971715.540000,E,,81760922.980000,E,,83345386.830000,E,,84751878.410000,E,,85893376.380000,E,,88493328.150000,E,,90545067.750000,E,,91191299.380000,E,,92134648.500000,E,,93688562.810000,E,
237,'704,Viet Nam,2903,'S2903,Vegetal Products,674,Protein supply quantity (g/capita/day),g/cap/d,49.190000,E,,49.000000,E,,53.910000,E,,53.390000,E,,55.670000,E,,54.080000,E,,55.220000,E,,56.180000,E,,56.230000,E,,57.070000,E,,56.640000,E,,56.800000,E,,57.880000,E,,58.970000,E,
237,'704,Viet Nam,2903,'S2903,Vegetal Products,671,Protein supply quantity (t),t,1570248.060000,E,,1582295.810000,E,,1761181.800000,E,,1765187.990000,E,,1862935.040000,E,,1832346.550000,E,,1894429.600000,E,,1951530.840000,E,,1975190.600000,E,,2024036.640000,E,,2027820.090000,E,,2051126.180000,E,,2105824.430000,E,,2160166.990000,E,
237,'704,Viet Nam,2903,'S2903,Vegetal Products,684,Fat supply quantity (g/capita/day),g/cap/d,23.890000,E,,24.500000,E,,26.770000,E,,26.310000,E,,26.120000,E,,24.640000,E,,25.620000,E,,26.390000,E,,28.590000,E,,30.310000,E,,28.060000,E,,31.420000,E,,32.730000,E,,36.630000,E,
237,'704,Viet Nam,2903,'S2903,Vegetal Products,681,Fat supply quantity (t),t,762692.520000,E,,790978.510000,E,,874447.280000,E,,869784.130000,E,,874207.480000,E,,834904.960000,E,,878899.560000,E,,916794.680000,E,,1004348.870000,E,,1074997.720000,E,,1004419.220000,E,,1134790.200000,E,,1190985.920000,E,,1341554.220000,E,
237,'704,Viet Nam,2941,'S2941,Animal Products,664,Food supply (kcal/capita/day),kcal/cap/d,382.840000,E,,405.770000,E,,401.030000,E,,401.850000,E,,383.920000,E,,409.630000,E,,418.090000,E,,422.730000,E,,440.620000,E,,427.110000,E,,436.950000,E,,478.820000,E,,498.340000,E,,528.230000,E,
237,'704,Viet Nam,2941,'S2941,Animal Products,661,Food supply (kcal),million Kcal,12220818.020000,E,,13102690.110000,E,,13102247.860000,E,,13284925.660000,E,,12846993.910000,E,,13878445.210000,E,,14344834.020000,E,,14685540.090000,E,,15477397.090000,E,,15149082.230000,E,,15642494.110000,E,,17290764.910000,E,,18131189.120000,E,,19348373.550000,E,
237,'704,Viet Nam,2941,'S2941,Animal Products,674,Protein supply quantity (g/capita/day),g/cap/d,30.480000,E,,33.420000,E,,32.780000,E,,32.850000,E,,29.430000,E,,31.940000,E,,32.080000,E,,32.660000,E,,34.390000,E,,35.070000,E,,36.750000,E,,39.390000,E,,40.910000,E,,43.230000,E,
237,'704,Viet Nam,2941,'S2941,Animal Products,671,Protein supply quantity (t),t,972938.630000,E,,1079006.060000,E,,1070990.230000,E,,1085895.760000,E,,984660.390000,E,,1082299.040000,E,,1100816.760000,E,,1134534.960000,E,,1208099.250000,E,,1243704.280000,E,,1315776.450000,E,,1422322.530000,E,,1488307.630000,E,,1583274.380000,E,
237,'704,Viet Nam,2941,'S2941,Animal Products,684,Fat supply quantity (g/capita/day),g/cap/d,27.660000,E,,28.850000,E,,28.450000,E,,28.620000,E,,27.840000,E,,29.300000,E,,30.000000,E,,30.270000,E,,31.360000,E,,29.530000,E,,29.820000,E,,33.210000,E,,35.180000,E,,37.120000,E,
237,'704,Viet Nam,2941,'S2941,Animal Products,681,Fat supply quantity (t),t,882947.570000,E,,931735.180000,E,,929651.050000,E,,946181.380000,E,,931603.640000,E,,992827.150000,E,,1029353.470000,E,,1051542.800000,E,,1101561.170000,E,,1047480.910000,E,,1067647.500000,E,,1199156.700000,E,,1279990.000000,E,,1359805.920000,E,
237,'704,Viet Nam,2905,'S2905,Cereals - Excluding Beer,5511,Production,1000 t,44637.000000,E,,47259.000000,E,,48740.000000,E,,49257.000000,E,,50213.000000,E,,50433.000000,E,,48450.000000,E,,47995.000000,E,,49005.000000,E,,48351.000000,E,,47447.000000,E,,48394.000000,E,,47176.000000,E,,48029.000000,E,
237,'704,Viet Nam,2905,'S2905,Cereals - Excluding Beer,5611,Import quantity,1000 t,5516.000000,E,,4625.000000,E,,5084.000000,E,,5038.000000,E,,8952.000000,E,,12512.000000,E,,17099.000000,E,,14609.000000,E,,15782.000000,E,,17212.000000,E,,18846.000000,E,,19406.000000,E,,18591.000000,E,,21089.000000,E,
237,'704,Viet Nam,2905,'S2905,Cereals - Excluding Beer,5072,Stock Variation,1000 t,-1276.000000,E,,1132.000000,E,,-2378.000000,E,,-1140.000000,E,,314.000000,E,,761.000000,E,,1236.000000,E,,739.000000,E,,1642.000000,E,,81.000000,E,,795.000000,E,,318.000000,E,,2726.000000,E,,2842.000000,E,
237,'704,Viet Nam,2905,'S2905,Cereals - Excluding Beer,5911,Export quantity,1000 t,11425.000000,E,,12194.000000,E,,13336.000000,E,,11227.000000,E,,10406.000000,E,,10948.000000,E,,8120.000000,E,,9758.000000,E,,8383.000000,E,,9414.000000,E,,10078.000000,E,,10188.000000,E,,9772.000000,E,,11998.000000,E,
237,'704,Viet Nam,2905,'S2905,Cereals - Excluding Beer,5301,Domestic supply quantity,1000 t,40004.000000,E,,38558.000000,E,,42867.000000,E,,44207.000000,E,,48446.000000,E,,51236.000000,E,,56193.000000,E,,52107.000000,E,,54762.000000,E,,56068.000000,E,,55421.000000,E,,57295.000000,E,,53269.000000,E,,54278.000000,E,
237,'704,Viet Nam,2905,'S2905,Cereals - Excluding Beer,5521,Feed,1000 t,10314.000000,E,,8368.000000,E,,12280.000000,E,,12943.000000,E,,15681.000000,E,,18466.000000,E,,23027.000000,E,,18586.000000,E,,21724.000000,E,,21855.000000,E,,20780.000000,E,,23689.000000,E,,20630.000000,E,,21716.000000,E,
237,'704,Viet Nam,2905,'S2905,Cereals - Excluding Beer,5527,Seed,1000 t,1232.000000,E,,1304.000000,E,,1344.000000,E,,1354.000000,E,,1382.000000,E,,1385.000000,E,,1326.000000,E,,1314.000000,E,,1351.000000,E,,1616.000000,E,,1589.000000,E,,1497.000000,E,,1514.000000,E,,1517.000000,E,
237,'704,Viet Nam,2905,'S2905,Cereals - Excluding Beer,5123,Losses,1000 t,3958.000000,E,,4227.000000,E,,4394.000000,E,,4472.000000,E,,4597.000000,E,,4578.000000,E,,4385.000000,E,,4303.000000,E,,4345.000000,E,,4542.000000,E,,4509.000000,E,,4529.000000,E,,4417.000000,E,,4508.000000,E,
237,'704,Viet Nam,2905,'S2905,Cereals - Excluding Beer,5131,Processing,1000 t,498.000000,E,,499.000000,E,,511.000000,E,,550.000000,E,,512.000000,E,,593.000000,E,,993.000000,E,,1204.000000,E,,1246.000000,E,,1373.000000,E,,1248.000000,E,,1103.000000,E,,1034.000000,E,,848.000000,E,
237,'704,Viet Nam,2905,'S2905,Cereals - Excluding Beer,5154,Other uses (non-food),1000 t,246.000000,E,,224.000000,E,,248.000000,E,,268.000000,E,,404.000000,E,,492.000000,E,,521.000000,E,,488.000000,E,,553.000000,E,,612.000000,E,,625.000000,E,,568.000000,E,,532.000000,E,,558.000000,E,
237,'704,Viet Nam,2905,'S2905,Cereals - Excluding Beer,5170,Residuals,1000 t,285.000000,E,,291.000000,E,,288.000000,E,,257.000000,E,,303.000000,E,,192.000000,E,,348.000000,E,,331.000000,E,,250.000000,E,,208.000000,E,,158.000000,E,,-50.000000,E,,-51.000000,E,,-113.000000,E,
237,'704,Viet Nam,2905,'S2905,Cereals - Excluding Beer,5142,Food,1000 t,23471.000000,E,,23644.000000,E,,23801.000000,E,,24364.000000,E,,25565.000000,E,,25529.000000,E,,25593.000000,E,,25881.000000,E,,25294.000000,E,,25862.000000,E,,26511.000000,E,,25959.000000,E,,25193.000000,E,,25244.000000,E,
237,'704,Viet Nam,2905,'S2905,Cereals - Excluding Beer,645,Food supply quantity (kg/capita/yr),kg/cap,268.370000,E,,267.260000,E,,265.900000,E,,268.990000,E,,278.860000,E,,275.030000,E,,272.260000,E,,271.920000,E,,262.830000,E,,266.140000,E,,270.300000,E,,262.390000,E,,252.740000,E,,251.550000,E,
237,'704,Viet Nam,2905,'S2905,Cereals - Excluding Beer,664,Food supply (kcal/capita/day),kcal/cap/d,1683.120000,E,,1676.470000,E,,1671.160000,E,,1654.690000,E,,1721.570000,E,,1705.160000,E,,1697.150000,E,,1694.490000,E,,1638.520000,E,,1664.100000,E,,1689.580000,E,,1633.540000,E,,1570.610000,E,,1565.860000,E,
237,'704,Viet Nam,2905,'S2905,Cereals - Excluding Beer,661,Food supply (kcal),million Kcal,53727135.230000,E,,54134728.430000,E,,54599006.750000,E,,54702796.020000,E,,57608819.480000,E,,57771588.560000,E,,58229259.800000,E,,58865901.940000,E,,57555788.670000,E,,59023089.370000,E,,60484948.370000,E,,58989134.940000,E,,57144303.940000,E,,57355363.860000,E,
237,'704,Viet Nam,2905,'S2905,Cereals - Excluding Beer,674,Protein supply quantity (g/capita/day),g/cap/d,35.090000,E,,35.070000,E,,35.090000,E,,34.650000,E,,36.210000,E,,35.690000,E,,36.130000,E,,36.120000,E,,34.790000,E,,35.230000,E,,35.720000,E,,34.480000,E,,33.210000,E,,33.040000,E,
237,'704,Viet Nam,2905,'S2905,Cereals - Excluding Beer,671,Protein supply quantity (t),t,1120048.000000,E,,1132318.390000,E,,1146475.780000,E,,1145550.820000,E,,1211566.810000,E,,1209285.870000,E,,1239624.900000,E,,1254746.420000,E,,1221936.100000,E,,1249504.820000,E,,1278638.940000,E,,1245232.290000,E,,1208224.190000,E,,1210181.970000,E,
237,'704,Viet Nam,2905,'S2905,Cereals - Excluding Beer,684,Fat supply quantity (g/capita/day),g/cap/d,4.960000,E,,4.910000,E,,4.940000,E,,4.900000,E,,5.350000,E,,5.430000,E,,5.570000,E,,5.490000,E,,5.360000,E,,5.520000,E,,5.600000,E,,5.320000,E,,5.220000,E,,5.310000,E,
237,'704,Viet Nam,2905,'S2905,Cereals - Excluding Beer,681,Fat supply quantity (t),t,158415.670000,E,,158583.180000,E,,161255.080000,E,,162006.940000,E,,178877.700000,E,,183855.450000,E,,191223.130000,E,,190763.090000,E,,188436.870000,E,,195810.390000,E,,200628.470000,E,,192094.580000,E,,189924.180000,E,,194411.900000,E,
237,'704,Viet Nam,2511,'S2511,Wheat and products,5511,Production,1000 t,24.000000,I,,23.000000,I,,27.000000,I,,25.000000,I,,35.000000,I,,53.000000,I,,90.000000,I,,118.000000,I,,82.000000,I,,119.000000,I,,122.000000,I,,93.000000,I,,90.000000,I,,93.000000,I,
237,'704,Viet Nam,2511,'S2511,Wheat and products,5611,Import quantity,1000 t,3372.000000,I,,3377.000000,I,,3383.000000,I,,3189.000000,I,,3605.000000,I,,3921.000000,I,,7083.000000,I,,6381.000000,I,,5127.000000,I,,4661.000000,I,,5403.000000,I,,6793.000000,I,,5996.000000,I,,6227.000000,I,
237,'704,Viet Nam,2511,'S2511,Wheat and products,5072,Stock Variation,1000 t,192.000000,I,,4.000000,I,,-243.000000,I,,103.000000,I,,-82.000000,I,,342.000000,I,,391.000000,I,,-83.000000,I,,-50.000000,I,,-647.000000,I,,-227.000000,I,,946.000000,I,,41.000000,I,,431.000000,I,
237,'704,Viet Nam,2511,'S2511,Wheat and products,5911,Export quantity,1000 t,54.000000,I,,68.000000,I,,88.000000,I,,96.000000,I,,273.000000,I,,393.000000,I,,371.000000,I,,369.000000,I,,454.000000,I,,455.000000,I,,508.000000,I,,528.000000,I,,550.000000,I,,472.000000,I,
237,'704,Viet Nam,2511,'S2511,Wheat and products,5301,Domestic supply quantity,1000 t,3150.000000,I,,3328.000000,I,,3566.000000,I,,3016.000000,I,,3449.000000,I,,3240.000000,I,,6410.000000,I,,6212.000000,I,,4805.000000,I,,4972.000000,I,,5244.000000,I,,5412.000000,I,,5495.000000,I,,5417.000000,I,
237,'704,Viet Nam,2511,'S2511,Wheat and products,5521,Feed,1000 t,1925.000000,I,,1989.000000,I,,2065.000000,I,,1671.000000,I,,1785.000000,I,,1857.000000,I,,4082.000000,I,,3784.000000,I,,2714.000000,I,,2975.000000,I,,3246.000000,I,,3474.000000,I,,3463.000000,I,,3505.000000,I,
237,'704,Viet Nam,2511,'S2511,Wheat and products,5123,Losses,1000 t,22.000000,I,,24.000000,I,,24.000000,I,,18.000000,I,,21.000000,I,,22.000000,I,,47.000000,I,,47.000000,I,,38.000000,I,,28.000000,I,,31.000000,I,,45.000000,I,,40.000000,I,,42.000000,I,
237,'704,Viet Nam,2511,'S2511,Wheat and products,5131,Processing,1000 t,0.000000,I,,0.000000,I,,0.000000,I,,0.000000,I,,,,,,,,,,,,,,,,,,,,,,,,,,,,,,,
237,'704,Viet Nam,2511,'S2511,Wheat and products,5170,Residuals,1000 t,285.000000,I,,287.000000,I,,284.000000,I,,252.000000,I,,305.000000,I,,234.000000,I,,395.000000,I,,438.000000,I,,336.000000,I,,342.000000,I,,327.000000,I,,369.000000,I,,388.000000,I,,328.000000,I,
237,'704,Viet Nam,2511,'S2511,Wheat and products,5142,Food,1000 t,918.000000,I,,1027.000000,I,,1193.000000,I,,1075.000000,I,,1338.000000,I,,1126.000000,I,,1886.000000,I,,1944.000000,I,,1717.000000,I,,1627.000000,I,,1639.000000,I,,1524.000000,I,,1604.000000,I,,1542.000000,I,
237,'704,Viet Nam,2511,'S2511,Wheat and products,645,Food supply quantity (kg/capita/yr),kg/cap,10.500000,E,,11.610000,E,,13.330000,E,,11.860000,E,,14.590000,E,,12.130000,E,,20.060000,E,,20.420000,E,,17.850000,E,,16.750000,E,,16.720000,E,,15.400000,E,,16.090000,E,,15.360000,E,
237,'704,Viet Nam,2511,'S2511,Wheat and products,664,Food supply (kcal/capita/day),kcal/cap/d,75.260000,E,,84.170000,E,,96.560000,E,,85.940000,E,,101.250000,E,,85.480000,E,,139.910000,E,,144.780000,E,,124.730000,E,,121.060000,E,,120.830000,E,,109.460000,E,,110.720000,E,,106.230000,E,
237,'704,Viet Nam,2511,'S2511,Wheat and products,661,Food supply (kcal),million Kcal,2402287.930000,I,,2717937.120000,I,,3154603.570000,I,,2841110.630000,I,,3388261.340000,I,,2896031.830000,I,,4800284.370000,I,,5029473.340000,I,,4381407.240000,I,,4293933.930000,I,,4325637.150000,I,,3952704.920000,I,,4028352.080000,I,,3891062.390000,I,
237,'704,Viet Nam,2511,'S2511,Wheat and products,674,Protein supply quantity (g/capita/day),g/cap/d,2.340000,E,,2.630000,E,,3.030000,E,,2.700000,E,,3.190000,E,,2.680000,E,,4.390000,E,,4.540000,E,,3.940000,E,,3.760000,E,,3.750000,E,,3.420000,E,,3.450000,E,,3.270000,E,
237,'704,Viet Nam,2511,'S2511,Wheat and products,671,Protein supply quantity (t),t,74770.150000,I,,85071.810000,I,,98949.440000,I,,89179.500000,I,,106887.490000,I,,90924.020000,I,,150743.600000,I,,157824.100000,I,,138375.140000,I,,133509.340000,I,,134126.110000,I,,123483.310000,I,,125408.330000,I,,119880.130000,I,
237,'704,Viet Nam,2511,'S2511,Wheat and products,684,Fat supply quantity (g/capita/day),g/cap/d,0.400000,E,,0.430000,E,,0.470000,E,,0.410000,E,,0.530000,E,,0.450000,E,,0.710000,E,,0.720000,E,,0.620000,E,,0.620000,E,,0.640000,E,,0.580000,E,,0.680000,E,,0.710000,E,
237,'704,Viet Nam,2511,'S2511,Wheat and products,681,Fat supply quantity (t),t,12678.010000,I,,14002.450000,I,,15452.780000,I,,13714.280000,I,,17885.170000,I,,15198.950000,I,,24462.590000,I,,25134.940000,I,,21661.070000,I,,21871.200000,I,,23016.940000,I,,20978.610000,I,,24717.820000,I,,26178.900000,I,
237,'704,Viet Nam,2807,'S2807,Rice and products,5511,Production,1000 t,40006.000000,I,,42398.000000,I,,43738.000000,I,,44039.000000,I,,44974.000000,I,,45091.000000,I,,43112.000000,I,,42764.000000,I,,44046.000000,I,,43495.000000,I,,42765.000000,I,,43853.000000,I,,42661.000000,I,,43498.000000,I,
237,'704,Viet Nam,2807,'S2807,Rice and products,5611,Import quantity,1000 t,2.000000,I,,4.000000,I,,3.000000,I,,3.000000,I,,38.000000,I,,55.000000,I,,93.000000,I,,91.000000,I,,59.000000,I,,78.000000,I,,181.000000,I,,1517.000000,I,,1076.000000,I,,1369.000000,I,
237,'704,Viet Nam,2807,'S2807,Rice and products,5072,Stock Variation,1000 t,-1504.000000,I,,1294.000000,I,,-1932.000000,I,,-876.000000,I,,783.000000,I,,31.000000,I,,661.000000,I,,566.000000,I,,1206.000000,I,,230.000000,I,,338.000000,I,,-219.000000,I,,2551.000000,I,,1907.000000,I,
237,'704,Viet Nam,2807,'S2807,Rice and products,5911,Export quantity,1000 t,11371.000000,I,,12125.000000,I,,13247.000000,I,,11130.000000,I,,10043.000000,I,,10448.000000,I,,7629.000000,I,,9217.000000,I,,7717.000000,I,,8646.000000,I,,9010.000000,I,,9046.000000,I,,8696.000000,I,,10897.000000,I,
237,'704,Viet Nam,2807,'S2807,Rice and products,5301,Domestic supply quantity,1000 t,30141.000000,I,,28983.000000,I,,32426.000000,I,,33788.000000,I,,34187.000000,I,,34667.000000,I,,34916.000000,I,,33071.000000,I,,35182.000000,I,,34698.000000,I,,33599.000000,I,,36544.000000,I,,32490.000000,I,,32063.000000,I,
237,'704,Viet Nam,2807,'S2807,Rice and products,5521,Feed,1000 t,3396.000000,I,,1827.000000,I,,5187.000000,I,,5824.000000,I,,5529.000000,I,,6137.000000,I,,7366.000000,I,,4771.000000,I,,7341.000000,I,,6001.000000,I,,4458.000000,I,,7867.000000,I,,4752.000000,I,,4338.000000,I,
237,'704,Viet Nam,2807,'S2807,Rice and products,5527,Seed,1000 t,1200.000000,I,,1272.000000,I,,1312.000000,I,,1321.000000,I,,1349.000000,I,,1353.000000,I,,1293.000000,I,,1283.000000,I,,1321.000000,I,,1586.000000,I,,1560.000000,I,,1469.000000,I,,1487.000000,I,,1490.000000,I,
237,'704,Viet Nam,2807,'S2807,Rice and products,5123,Losses,1000 t,3591.000000,I,,3806.000000,I,,3926.000000,I,,3953.000000,I,,4037.000000,I,,4012.000000,I,,3803.000000,I,,3739.000000,I,,3818.000000,I,,3837.000000,I,,3778.000000,I,,3894.000000,I,,3809.000000,I,,3862.000000,I,
237,'704,Viet Nam,2807,'S2807,Rice and products,5131,Processing,1000 t,120.000000,I,,114.000000,I,,112.000000,I,,189.000000,I,,182.000000,I,,235.000000,I,,346.000000,I,,833.000000,I,,786.000000,I,,860.000000,I,,769.000000,I,,478.000000,I,,444.000000,I,,353.000000,I,
237,'704,Viet Nam,2807,'S2807,Rice and products,5170,Residuals,1000 t,0.000000,I,,0.000000,I,,0.000000,I,,0.000000,I,,0.000000,I,,0.000000,I,,0.000000,I,,0.000000,I,,-1.000000,I,,-1.000000,I,,0.000000,I,,0.000000,I,,-32.000000,I,,-48.000000,I,
237,'704,Viet Nam,2807,'S2807,Rice and products,5142,Food,1000 t,21834.000000,I,,21965.000000,I,,21888.000000,I,,22501.000000,I,,23090.000000,I,,22931.000000,I,,22108.000000,I,,22445.000000,I,,21918.000000,I,,22415.000000,I,,23034.000000,I,,22836.000000,I,,22029.000000,I,,22068.000000,I,
237,'704,Viet Nam,2807,'S2807,Rice and products,645,Food supply quantity (kg/capita/yr),kg/cap,249.660000,E,,248.280000,E,,244.530000,E,,248.430000,E,,251.860000,E,,247.040000,E,,235.190000,E,,235.820000,E,,227.750000,E,,230.670000,E,,234.850000,E,,230.820000,E,,221.000000,E,,219.900000,E,
237,'704,Viet Nam,2807,'S2807,Rice and products,664,Food supply (kcal/capita/day),kcal/cap/d,1540.450000,E,,1531.580000,E,,1508.480000,E,,1497.120000,E,,1518.350000,E,,1489.330000,E,,1417.420000,E,,1420.860000,E,,1372.110000,E,,1389.660000,E,,1414.800000,E,,1391.220000,E,,1331.690000,E,,1326.120000,E,
237,'704,Viet Nam,2807,'S2807,Rice and products,661,Food supply (kcal),million Kcal,49172921.900000,I,,49456025.620000,I,,49283809.400000,I,,49493497.400000,I,,50808606.060000,I,,50459349.560000,I,,48631569.750000,I,,49360084.010000,I,,48197530.520000,I,,49288929.290000,I,,50648219.360000,I,,50238875.290000,I,,48451610.110000,I,,48573812.310000,I,
237,'704,Viet Nam,2807,'S2807,Rice and products,674,Protein supply quantity (g/capita/day),g/cap/d,31.350000,E,,31.160000,E,,30.690000,E,,30.460000,E,,30.900000,E,,30.310000,E,,28.840000,E,,28.910000,E,,27.920000,E,,28.270000,E,,28.780000,E,,28.310000,E,,27.100000,E,,26.990000,E,
237,'704,Viet Nam,2807,'S2807,Rice and products,671,Protein supply quantity (t),t,1000665.480000,I,,1006282.340000,I,,1002783.740000,I,,1007125.720000,I,,1034097.030000,I,,1027003.720000,I,,989613.680000,I,,1004297.600000,I,,980599.690000,I,,1002789.410000,I,,1030418.330000,I,,1022383.140000,I,,985865.510000,I,,988784.380000,I,
237,'704,Viet Nam,2807,'S2807,Rice and products,684,Fat supply quantity (g/capita/day),g/cap/d,3.990000,E,,3.960000,E,,3.900000,E,,3.880000,E,,3.940000,E,,3.870000,E,,3.670000,E,,3.670000,E,,3.540000,E,,3.590000,E,,3.650000,E,,3.610000,E,,3.440000,E,,3.450000,E,
237,'704,Viet Nam,2807,'S2807,Rice and products,681,Fat supply quantity (t),t,127435.910000,I,,127866.560000,I,,127432.830000,I,,128133.460000,I,,131980.530000,I,,131104.880000,I,,125958.760000,I,,127550.000000,I,,124453.070000,I,,127239.170000,I,,130693.550000,I,,130252.150000,I,,125311.750000,I,,126535.940000,I,
237,'704,Viet Nam,2513,'S2513,Barley and products,5611,Import quantity,1000 t,478.000000,I,,360.000000,I,,360.000000,I,,341.000000,I,,364.000000,I,,393.000000,I,,443.000000,I,,390.000000,I,,427.000000,I,,525.000000,I,,680.000000,I,,912.000000,I,,1080.000000,I,,1099.000000,I,
237,'704,Viet Nam,2513,'S2513,Barley and products,5072,Stock Variation,1000 t,115.000000,I,,-15.000000,I,,-27.000000,I,,-9.000000,I,,56.000000,I,,78.000000,I,,-191.000000,I,,27.000000,I,,0.000000,I,,93.000000,I,,276.000000,I,,8.000000,I,,260.000000,I,,503.000000,I,
237,'704,Viet Nam,2513,'S2513,Barley and products,5911,Export quantity,1000 t,,,,,,,,,,,,,0.000000,I,,1.000000,I,,3.000000,I,,8.000000,I,,17.000000,I,,12.000000,I,,20.000000,I,,13.000000,I,,22.000000,I,,11.000000,I,
237,'704,Viet Nam,2513,'S2513,Barley and products,5301,Domestic supply quantity,1000 t,364.000000,I,,375.000000,I,,387.000000,I,,350.000000,I,,308.000000,I,,313.000000,I,,632.000000,I,,356.000000,I,,410.000000,I,,420.000000,I,,384.000000,I,,892.000000,I,,799.000000,I,,585.000000,I,
237,'704,Viet Nam,2513,'S2513,Barley and products,5521,Feed,1000 t,0.000000,I,,0.000000,I,,0.000000,I,,0.000000,I,,0.000000,I,,0.000000,I,,0.000000,I,,0.000000,I,,0.000000,I,,0.000000,I,,0.000000,I,,349.000000,I,,292.000000,I,,175.000000,I,
237,'704,Viet Nam,2513,'S2513,Barley and products,5123,Losses,1000 t,1.000000,I,,0.000000,I,,1.000000,I,,0.000000,I,,0.000000,I,,0.000000,I,,1.000000,I,,1.000000,I,,1.000000,I,,2.000000,I,,2.000000,I,,2.000000,I,,4.000000,I,,4.000000,I,
237,'704,Viet Nam,2513,'S2513,Barley and products,5131,Processing,1000 t,363.000000,I,,371.000000,I,,382.000000,I,,345.000000,I,,307.000000,I,,313.000000,I,,631.000000,I,,355.000000,I,,409.000000,I,,418.000000,I,,382.000000,I,,541.000000,I,,509.000000,I,,410.000000,I,
237,'704,Viet Nam,2513,'S2513,Barley and products,5170,Residuals,1000 t,0.000000,I,,4.000000,I,,4.000000,I,,5.000000,I,,0.000000,I,,0.000000,I,,0.000000,I,,0.000000,I,,0.000000,I,,0.000000,I,,0.000000,I,,0.000000,I,,-9.000000,I,,-9.000000,I,
237,'704,Viet Nam,2513,'S2513,Barley and products,5142,Food,1000 t,,,,,,,,,,,,,,,,,,,,,,,,,,,,,,,,,,0.000000,I,,3.000000,I,,5.000000,I,
237,'704,Viet Nam,2513,'S2513,Barley and products,645,Food supply quantity (kg/capita/yr),kg/cap,,,,,,,,,,,,,,,,,,,,,,,,,,,,,,,,,,0.000000,E,,0.030000,E,,0.050000,E,
237,'704,Viet Nam,2513,'S2513,Barley and products,664,Food supply (kcal/capita/day),kcal/cap/d,,,,,,,,,,,,,,,,,,,,,,,,,,,,,,,,,,0.000000,E,,0.160000,E,,0.290000,E,
237,'704,Viet Nam,2513,'S2513,Barley and products,661,Food supply (kcal),million Kcal,,,,,,,,,,,,,,,,,,,,,,,,,,,,,,,,,,0.000000,I,,5810.210000,I,,10487.790000,I,
237,'704,Viet Nam,2513,'S2513,Barley and products,674,Protein supply quantity (g/capita/day),g/cap/d,,,,,,,,,,,,,,,,,,,,,,,,,,,,,,,,,,0.000000,E,,0.000000,E,,0.010000,E,
237,'704,Viet Nam,2513,'S2513,Barley and products,671,Protein supply quantity (t),t,,,,,,,,,,,,,,,,,,,,,,,,,,,,,,,,,,0.000000,I,,116.520000,I,,210.780000,I,
237,'704,Viet Nam,2513,'S2513,Barley and products,684,Fat supply quantity (g/capita/day),g/cap/d,,,,,,,,,,,,,,,,,,,,,,,,,,,,,,,,,,0.000000,E,,0.000000,E,,0.000000,E,
237,'704,Viet Nam,2513,'S2513,Barley and products,681,Fat supply quantity (t),t,,,,,,,,,,,,,,,,,,,,,,,,,,,,,,,,,,0.000000,I,,0.190000,I,,0.620000,I,
237,'704,Viet Nam,2514,'S2514,Maize and products,5511,Production,1000 t,4607.000000,I,,4836.000000,I,,4973.000000,I,,5191.000000,I,,5203.000000,I,,5287.000000,I,,5244.000000,I,,5110.000000,I,,4874.000000,I,,4732.000000,I,,4558.000000,I,,4446.000000,I,,4423.000000,I,,4437.000000,I,
237,'704,Viet Nam,2514,'S2514,Maize and products,5611,Import quantity,1000 t,1659.000000,I,,878.000000,I,,1337.000000,I,,1500.000000,I,,4931.000000,I,,8128.000000,I,,9463.000000,I,,7739.000000,I,,10157.000000,I,,11918.000000,I,,12568.000000,I,,10166.000000,I,,10409.000000,I,,12372.000000,I,
237,'704,Viet Nam,2514,'S2514,Maize and products,5072,Stock Variation,1000 t,-78.000000,I,,-151.000000,I,,-176.000000,I,,-358.000000,I,,-443.000000,I,,311.000000,I,,375.000000,I,,229.000000,I,,486.000000,I,,404.000000,I,,408.000000,I,,-417.000000,I,,-127.000000,I,,0.000000,I,
237,'704,Viet Nam,2514,'S2514,Maize and products,5911,Export quantity,1000 t,0.000000,I,,1.000000,I,,1.000000,I,,1.000000,I,,87.000000,I,,51.000000,I,,56.000000,I,,50.000000,I,,99.000000,I,,161.000000,I,,362.000000,I,,171.000000,I,,99.000000,I,,230.000000,I,
237,'704,Viet Nam,2514,'S2514,Maize and products,5301,Domestic supply quantity,1000 t,6344.000000,I,,5863.000000,I,,6486.000000,I,,7048.000000,I,,10490.000000,I,,13053.000000,I,,14277.000000,I,,12569.000000,I,,14446.000000,I,,16086.000000,I,,16356.000000,I,,14858.000000,I,,14860.000000,I,,16579.000000,I,
237,'704,Viet Nam,2514,'S2514,Maize and products,5521,Feed,1000 t,4992.000000,I,,4551.000000,I,,5027.000000,I,,5447.000000,I,,8354.000000,I,,10470.000000,I,,11576.000000,I,,10029.000000,I,,11666.000000,I,,12875.000000,I,,13074.000000,I,,11996.000000,I,,12115.000000,I,,13692.000000,I,
237,'704,Viet Nam,2514,'S2514,Maize and products,5527,Seed,1000 t,31.000000,I,,32.000000,I,,32.000000,I,,33.000000,I,,33.000000,I,,33.000000,I,,32.000000,I,,31.000000,I,,29.000000,I,,30.000000,I,,29.000000,I,,28.000000,I,,27.000000,I,,27.000000,I,
237,'704,Viet Nam,2514,'S2514,Maize and products,5123,Losses,1000 t,344.000000,I,,396.000000,I,,444.000000,I,,500.000000,I,,539.000000,I,,543.000000,I,,534.000000,I,,516.000000,I,,488.000000,I,,676.000000,I,,698.000000,I,,588.000000,I,,563.000000,I,,600.000000,I,
237,'704,Viet Nam,2514,'S2514,Maize and products,5131,Processing,1000 t,16.000000,I,,14.000000,I,,17.000000,I,,16.000000,I,,23.000000,I,,45.000000,I,,16.000000,I,,15.000000,I,,51.000000,I,,95.000000,I,,97.000000,I,,84.000000,I,,81.000000,I,,85.000000,I,
237,'704,Viet Nam,2514,'S2514,Maize and products,5154,Other uses (non-food),1000 t,246.000000,I,,224.000000,I,,248.000000,I,,268.000000,I,,404.000000,I,,492.000000,I,,521.000000,I,,488.000000,I,,553.000000,I,,612.000000,I,,625.000000,I,,568.000000,I,,532.000000,I,,558.000000,I,
237,'704,Viet Nam,2514,'S2514,Maize and products,5170,Residuals,1000 t,0.000000,I,,0.000000,I,,0.000000,I,,0.000000,I,,0.000000,I,,0.000000,I,,0.000000,I,,0.000000,I,,0.000000,I,,0.000000,I,,0.000000,I,,0.000000,I,,0.000000,I,,0.000000,I,
237,'704,Viet Nam,2514,'S2514,Maize and products,5142,Food,1000 t,715.000000,I,,645.000000,I,,719.000000,I,,784.000000,I,,1137.000000,I,,1471.000000,I,,1598.000000,I,,1491.000000,I,,1658.000000,I,,1798.000000,I,,1834.000000,I,,1595.000000,I,,1542.000000,I,,1617.000000,I,
237,'704,Viet Nam,2514,'S2514,Maize and products,645,Food supply quantity (kg/capita/yr),kg/cap,8.180000,E,,7.300000,E,,8.030000,E,,8.660000,E,,12.400000,E,,15.850000,E,,17.000000,E,,15.660000,E,,17.230000,E,,18.510000,E,,18.700000,E,,16.130000,E,,15.470000,E,,16.120000,E,
237,'704,Viet Nam,2514,'S2514,Maize and products,664,Food supply (kcal/capita/day),kcal/cap/d,67.210000,E,,59.970000,E,,66.020000,E,,71.160000,E,,101.920000,E,,130.290000,E,,139.710000,E,,128.760000,E,,141.610000,E,,152.130000,E,,153.720000,E,,132.570000,E,,127.150000,E,,132.490000,E,
237,'704,Viet Nam,2514,'S2514,Maize and products,661,Food supply (kcal),million Kcal,2145484.930000,I,,1936594.220000,I,,2157003.780000,I,,2352392.000000,I,,3410475.020000,I,,4414171.740000,I,,4793453.740000,I,,4472930.710000,I,,4974322.810000,I,,5395790.380000,I,,5503106.490000,I,,4787184.400000,I,,4626071.010000,I,,4852800.470000,I,
237,'704,Viet Nam,2514,'S2514,Maize and products,674,Protein supply quantity (g/capita/day),g/cap/d,1.390000,E,,1.240000,E,,1.370000,E,,1.470000,E,,2.110000,E,,2.690000,E,,2.890000,E,,2.660000,E,,2.930000,E,,3.150000,E,,3.180000,E,,2.740000,E,,2.630000,E,,2.740000,E,
237,'704,Viet Nam,2514,'S2514,Maize and products,671,Protein supply quantity (t),t,44368.390000,I,,40048.550000,I,,44606.590000,I,,48647.200000,I,,70528.240000,I,,91284.570000,I,,99128.080000,I,,92499.700000,I,,102868.430000,I,,111584.330000,I,,113803.620000,I,,98998.430000,I,,95666.620000,I,,100355.360000,I,
237,'704,Viet Nam,2514,'S2514,Maize and products,684,Fat supply quantity (g/capita/day),g/cap/d,0.570000,E,,0.510000,E,,0.560000,E,,0.600000,E,,0.870000,E,,1.110000,E,,1.190000,E,,1.090000,E,,1.200000,E,,1.290000,E,,1.310000,E,,1.130000,E,,1.080000,E,,1.130000,E,
237,'704,Viet Nam,2514,'S2514,Maize and products,681,Fat supply quantity (t),t,18233.580000,I,,16458.310000,I,,18331.480000,I,,19992.000000,I,,28984.210000,I,,37514.210000,I,,40737.570000,I,,38013.580000,I,,42274.700000,I,,45856.580000,I,,46768.610000,I,,40684.290000,I,,39315.050000,I,,41241.930000,I,
237,'704,Viet Nam,2515,'S2515,Rye and products,5511,Production,1000 t,0.000000,I,,0.000000,I,,0.000000,I,,0.000000,I,,0.000000,I,,0.000000,I,,0.000000,I,,0.000000,I,,0.000000,I,,0.000000,I,,0.000000,I,,0.000000,I,,0.000000,I,,0.000000,I,
237,'704,Viet Nam,2515,'S2515,Rye and products,5611,Import quantity,1000 t,,,,,,,,,,,,,0.000000,I,,0.000000,I,,0.000000,I,,0.000000,I,,,,,,,,,,,0.000000,I,,3.000000,I,,0.000000,I,
237,'704,Viet Nam,2515,'S2515,Rye and products,5072,Stock Variation,1000 t,,,,,,,,,,,,,0.000000,I,,0.000000,I,,0.000000,I,,0.000000,I,,0.000000,I,,0.000000,I,,0.000000,I,,0.000000,I,,0.000000,I,,0.000000,I,
237,'704,Viet Nam,2515,'S2515,Rye and products,5911,Export quantity,1000 t,,,,,,,,,,,,,,,,,,,0.000000,I,,,,,0.000000,I,,,,,,,,,,,0.000000,I,,0.000000,I,
237,'704,Viet Nam,2515,'S2515,Rye and products,5301,Domestic supply quantity,1000 t,0.000000,I,,0.000000,I,,0.000000,I,,0.000000,I,,0.000000,I,,0.000000,I,,0.000000,I,,0.000000,I,,0.000000,I,,0.000000,I,,0.000000,I,,0.000000,I,,3.000000,I,,0.000000,I,
237,'704,Viet Nam,2515,'S2515,Rye and products,5521,Feed,1000 t,,,,,,,,,,,,,,,,,,,,,,,,,,,,,,,,,,,,,3.000000,I,,,,
237,'704,Viet Nam,2515,'S2515,Rye and products,5123,Losses,1000 t,,,,,,,,,,,,,0.000000,I,,0.000000,I,,0.000000,I,,0.000000,I,,0.000000,I,,0.000000,I,,,,,,,,,,,,,
237,'704,Viet Nam,2515,'S2515,Rye and products,5170,Residuals,1000 t,0.000000,I,,0.000000,I,,0.000000,I,,0.000000,I,,0.000000,I,,0.000000,I,,0.000000,I,,0.000000,I,,0.000000,I,,0.000000,I,,0.000000,I,,0.000000,I,,0.000000,I,,0.000000,I,
237,'704,Viet Nam,2515,'S2515,Rye and products,5142,Food,1000 t,,,,,,,,,,,,,0.000000,I,,0.000000,I,,0.000000,I,,0.000000,I,,,,,,,,0.000000,I,,0.000000,I,,0.000000,I,,0.000000,I,
237,'704,Viet Nam,2515,'S2515,Rye and products,645,Food supply quantity (kg/capita/yr),kg/cap,,,,,,,,,,,,,0.000000,E,,0.000000,E,,0.000000,E,,0.000000,E,,,,,,,,0.000000,E,,0.000000,E,,0.000000,E,,0.000000,E,
237,'704,Viet Nam,2515,'S2515,Rye and products,664,Food supply (kcal/capita/day),kcal/cap/d,0.000000,E,,0.000000,E,,0.000000,E,,0.000000,E,,0.000000,E,,0.000000,E,,0.020000,E,,0.000000,E,,0.000000,E,,0.000000,E,,0.000000,E,,0.000000,E,,0.010000,E,,0.010000,E,
237,'704,Viet Nam,2515,'S2515,Rye and products,661,Food supply (kcal),million Kcal,0.000000,I,,0.000000,I,,0.000000,I,,0.000000,I,,3.490000,I,,11.070000,I,,560.900000,I,,4.110000,I,,0.000000,I,,0.000000,I,,0.000000,I,,0.000000,I,,334.070000,I,,402.980000,I,
237,'704,Viet Nam,2515,'S2515,Rye and products,674,Protein supply quantity (g/capita/day),g/cap/d,0.000000,E,,0.000000,E,,0.000000,E,,0.000000,E,,0.000000,E,,0.000000,E,,0.000000,E,,0.000000,E,,0.000000,E,,0.000000,E,,0.000000,E,,0.000000,E,,0.000000,E,,0.000000,E,
237,'704,Viet Nam,2515,'S2515,Rye and products,671,Protein supply quantity (t),t,0.000000,I,,0.000000,I,,0.000000,I,,0.000000,I,,0.120000,I,,0.360000,I,,18.470000,I,,0.140000,I,,0.000000,I,,0.000000,I,,0.000000,I,,0.000000,I,,11.870000,I,,14.330000,I,
237,'704,Viet Nam,2515,'S2515,Rye and products,684,Fat supply quantity (g/capita/day),g/cap/d,0.000000,E,,0.000000,E,,0.000000,E,,0.000000,E,,0.000000,E,,0.000000,E,,0.000000,E,,0.000000,E,,0.000000,E,,0.000000,E,,0.000000,E,,0.000000,E,,0.000000,E,,0.000000,E,
237,'704,Viet Nam,2515,'S2515,Rye and products,681,Fat supply quantity (t),t,0.000000,I,,0.000000,I,,0.000000,I,,0.000000,I,,0.020000,I,,0.070000,I,,3.560000,I,,0.030000,I,,0.000000,I,,0.000000,I,,0.000000,I,,0.000000,I,,1.930000,I,,2.330000,I,
237,'704,Viet Nam,2516,'S2516,Oats,5611,Import quantity,1000 t,,,,,,,,,,,,,1.000000,I,,1.000000,I,,1.000000,I,,2.000000,I,,1.000000,I,,21.000000,I,,4.000000,I,,4.000000,I,,14.000000,I,,11.000000,I,
237,'704,Viet Nam,2516,'S2516,Oats,5911,Export quantity,1000 t,,,,,,,,,,,,,0.000000,I,,0.000000,I,,0.000000,I,,0.000000,I,,0.000000,I,,0.000000,I,,0.000000,I,,0.000000,I,,0.000000,I,,0.000000,I,
237,'704,Viet Nam,2516,'S2516,Oats,5301,Domestic supply quantity,1000 t,,,,,,,,,,,,,1.000000,I,,1.000000,I,,1.000000,I,,2.000000,I,,1.000000,I,,21.000000,I,,4.000000,I,,4.000000,I,,14.000000,I,,11.000000,I,
237,'704,Viet Nam,2516,'S2516,Oats,5521,Feed,1000 t,,,,,,,,,,,,,0.000000,I,,0.000000,I,,0.000000,I,,0.000000,I,,0.000000,I,,0.000000,I,,0.000000,I,,0.000000,I,,1.000000,I,,1.000000,I,
237,'704,Viet Nam,2516,'S2516,Oats,5170,Residuals,1000 t,,,,,,,,,,,,,0.000000,I,,0.000000,I,,0.000000,I,,0.000000,I,,0.000000,I,,0.000000,I,,0.000000,I,,0.000000,I,,0.000000,I,,0.000000,I,
237,'704,Viet Nam,2516,'S2516,Oats,5142,Food,1000 t,,,,,,,,,,,,,1.000000,I,,1.000000,I,,1.000000,I,,2.000000,I,,1.000000,I,,21.000000,I,,4.000000,I,,4.000000,I,,13.000000,I,,10.000000,I,
237,'704,Viet Nam,2516,'S2516,Oats,645,Food supply quantity (kg/capita/yr),kg/cap,,,,,,,,,,,,,0.010000,E,,0.010000,E,,0.010000,E,,0.020000,E,,0.010000,E,,0.210000,E,,0.040000,E,,0.040000,E,,0.130000,E,,0.100000,E,
237,'704,Viet Nam,2516,'S2516,Oats,664,Food supply (kcal/capita/day),kcal/cap/d,,,,,,,,,,,,,0.040000,E,,0.060000,E,,0.090000,E,,0.100000,E,,0.070000,E,,1.240000,E,,0.210000,E,,0.230000,E,,0.780000,E,,0.600000,E,
237,'704,Viet Nam,2516,'S2516,Oats,661,Food supply (kcal),million Kcal,,,,,,,,,,,,,1440.910000,I,,1882.380000,I,,2948.370000,I,,3352.470000,I,,2476.810000,I,,43887.490000,I,,7611.990000,I,,8277.170000,I,,28382.870000,I,,21938.180000,I,
237,'704,Viet Nam,2516,'S2516,Oats,674,Protein supply quantity (g/capita/day),g/cap/d,,,,,,,,,,,,,0.000000,E,,0.000000,E,,0.000000,E,,0.000000,E,,0.000000,E,,0.050000,E,,0.010000,E,,0.010000,E,,0.030000,E,,0.020000,E,
237,'704,Viet Nam,2516,'S2516,Oats,671,Protein supply quantity (t),t,,,,,,,,,,,,,52.980000,I,,69.030000,I,,108.100000,I,,123.050000,I,,90.900000,I,,1605.170000,I,,279.170000,I,,305.130000,I,,1045.560000,I,,809.610000,I,
237,'704,Viet Nam,2516,'S2516,Oats,684,Fat supply quantity (g/capita/day),g/cap/d,,,,,,,,,,,,,0.000000,E,,0.000000,E,,0.000000,E,,0.000000,E,,0.000000,E,,0.020000,E,,0.000000,E,,0.000000,E,,0.010000,E,,0.010000,E,
237,'704,Viet Nam,2516,'S2516,Oats,681,Fat supply quantity (t),t,,,,,,,,,,,,,27.430000,I,,35.880000,I,,56.200000,I,,63.870000,I,,47.190000,I,,837.480000,I,,145.080000,I,,157.400000,I,,539.890000,I,,416.970000,I,
237,'704,Viet Nam,2517,'S2517,Millet and products,5511,Production,1000 t,1.000000,I,,2.000000,I,,2.000000,I,,1.000000,I,,2.000000,I,,2.000000,I,,4.000000,I,,4.000000,I,,3.000000,I,,4.000000,I,,2.000000,I,,2.000000,I,,1.000000,I,,1.000000,I,
237,'704,Viet Nam,2517,'S2517,Millet and products,5611,Import quantity,1000 t,,,,,,,,,,,,,3.000000,I,,2.000000,I,,1.000000,I,,1.000000,I,,1.000000,I,,2.000000,I,,2.000000,I,,2.000000,I,,2.000000,I,,2.000000,I,
237,'704,Viet Nam,2517,'S2517,Millet and products,5072,Stock Variation,1000 t,0.000000,I,,0.000000,I,,0.000000,I,,0.000000,I,,0.000000,I,,0.000000,I,,0.000000,I,,0.000000,I,,0.000000,I,,0.000000,I,,0.000000,I,,0.000000,I,,0.000000,I,,0.000000,I,
237,'704,Viet Nam,2517,'S2517,Millet and products,5911,Export quantity,1000 t,,,,,,,,,,,,,0.000000,I,,1.000000,I,,1.000000,I,,1.000000,I,,2.000000,I,,1.000000,I,,0.000000,I,,0.000000,I,,0.000000,I,,0.000000,I,
237,'704,Viet Nam,2517,'S2517,Millet and products,5301,Domestic supply quantity,1000 t,1.000000,I,,2.000000,I,,2.000000,I,,1.000000,I,,4.000000,I,,2.000000,I,,4.000000,I,,3.000000,I,,3.000000,I,,5.000000,I,,3.000000,I,,4.000000,I,,3.000000,I,,2.000000,I,
237,'704,Viet Nam,2517,'S2517,Millet and products,5521,Feed,1000 t,1.000000,I,,1.000000,I,,1.000000,I,,1.000000,I,,4.000000,I,,2.000000,I,,3.000000,I,,3.000000,I,,3.000000,I,,4.000000,I,,3.000000,I,,3.000000,I,,3.000000,I,,2.000000,I,
237,'704,Viet Nam,2517,'S2517,Millet and products,5527,Seed,1000 t,0.000000,I,,0.000000,I,,0.000000,I,,0.000000,I,,0.000000,I,,0.000000,I,,0.000000,I,,0.000000,I,,0.000000,I,,0.000000,I,,0.000000,I,,0.000000,I,,0.000000,I,,0.000000,I,
237,'704,Viet Nam,2517,'S2517,Millet and products,5123,Losses,1000 t,0.000000,I,,0.000000,I,,0.000000,I,,0.000000,I,,1.000000,I,,0.000000,I,,0.000000,I,,0.000000,I,,0.000000,I,,0.000000,I,,0.000000,I,,0.000000,I,,0.000000,I,,0.000000,I,
237,'704,Viet Nam,2517,'S2517,Millet and products,5131,Processing,1000 t,0.000000,I,,0.000000,I,,0.000000,I,,0.000000,I,,,,,,,,,,,,,,,,,,,,,,,,,,,,,,,
237,'704,Viet Nam,2517,'S2517,Millet and products,5170,Residuals,1000 t,0.000000,I,,0.000000,I,,0.000000,I,,0.000000,I,,0.000000,I,,0.000000,I,,0.000000,I,,0.000000,I,,0.000000,I,,0.000000,I,,0.000000,I,,0.000000,I,,0.000000,I,,0.000000,I,
237,'704,Viet Nam,2518,'S2518,Sorghum and products,5511,Production,1000 t,0.000000,I,,0.000000,I,,0.000000,I,,0.000000,I,,0.000000,I,,0.000000,I,,0.000000,I,,0.000000,I,,,,,0.000000,I,,0.000000,I,,0.000000,I,,0.000000,I,,0.000000,I,
237,'704,Viet Nam,2518,'S2518,Sorghum and products,5611,Import quantity,1000 t,,,,,,,,,,,,,0.000000,I,,0.000000,I,,0.000000,I,,0.000000,I,,0.000000,I,,0.000000,I,,0.000000,I,,1.000000,I,,1.000000,I,,1.000000,I,
237,'704,Viet Nam,2518,'S2518,Sorghum and products,5072,Stock Variation,1000 t,,,,,,,,,,,,,0.000000,I,,0.000000,I,,0.000000,I,,0.000000,I,,0.000000,I,,0.000000,I,,0.000000,I,,0.000000,I,,0.000000,I,,0.000000,I,
237,'704,Viet Nam,2518,'S2518,Sorghum and products,5911,Export quantity,1000 t,,,,,,,,,,,,,,,,,,,,,,0.000000,I,,0.000000,I,,,,,,,,,,,0.000000,I,,0.000000,I,
237,'704,Viet Nam,2518,'S2518,Sorghum and products,5301,Domestic supply quantity,1000 t,0.000000,I,,0.000000,I,,0.000000,I,,0.000000,I,,0.000000,I,,0.000000,I,,0.000000,I,,0.000000,I,,0.000000,I,,0.000000,I,,0.000000,I,,1.000000,I,,1.000000,I,,1.000000,I,
237,'704,Viet Nam,2518,'S2518,Sorghum and products,5521,Feed,1000 t,,,,,,,,,,,,,0.000000,I,,0.000000,I,,0.000000,I,,0.000000,I,,0.000000,I,,,,,,,,0.000000,I,,0.000000,I,,0.000000,I,
237,'704,Viet Nam,2518,'S2518,Sorghum and products,5123,Losses,1000 t,,,,,,,,,,,,,0.000000,I,,0.000000,I,,0.000000,I,,0.000000,I,,0.000000,I,,0.000000,I,,,,,,,,,,,,,
237,'704,Viet Nam,2518,'S2518,Sorghum and products,5131,Processing,1000 t,0.000000,I,,0.000000,I,,0.000000,I,,0.000000,I,,,,,,,,,,,,,,,,,,,,,,,,,,,,,,,
237,'704,Viet Nam,2518,'S2518,Sorghum and products,5170,Residuals,1000 t,0.000000,I,,0.000000,I,,0.000000,I,,0.000000,I,,0.000000,I,,0.000000,I,,0.000000,I,,0.000000,I,,0.000000,I,,0.000000,I,,0.000000,I,,0.000000,I,,0.000000,I,,0.000000,I,
237,'704,Viet Nam,2518,'S2518,Sorghum and products,5142,Food,1000 t,,,,,,,,,,,,,0.000000,I,,0.000000,I,,0.000000,I,,0.000000,I,,,,,0.000000,I,,0.000000,I,,1.000000,I,,1.000000,I,,1.000000,I,
237,'704,Viet Nam,2518,'S2518,Sorghum and products,645,Food supply quantity (kg/capita/yr),kg/cap,,,,,,,,,,,,,0.000000,E,,0.000000,E,,0.000000,E,,0.000000,E,,,,,0.000000,E,,0.000000,E,,0.010000,E,,0.010000,E,,0.010000,E,
237,'704,Viet Nam,2518,'S2518,Sorghum and products,664,Food supply (kcal/capita/day),kcal/cap/d,,,,,,,,,,,,,0.000000,E,,0.000000,E,,0.010000,E,,0.000000,E,,,,,0.010000,E,,0.000000,E,,0.050000,E,,0.090000,E,,0.060000,E,
237,'704,Viet Nam,2518,'S2518,Sorghum and products,661,Food supply (kcal),million Kcal,,,,,,,,,,,,,30.870000,I,,134.190000,I,,407.020000,I,,29.610000,I,,,,,454.120000,I,,167.900000,I,,1873.170000,I,,3276.190000,I,,2139.800000,I,
237,'704,Viet Nam,2518,'S2518,Sorghum and products,674,Protein supply quantity (g/capita/day),g/cap/d,,,,,,,,,,,,,0.000000,E,,0.000000,E,,0.000000,E,,0.000000,E,,,,,0.000000,E,,0.000000,E,,0.000000,E,,0.000000,E,,0.000000,E,
237,'704,Viet Nam,2518,'S2518,Sorghum and products,671,Protein supply quantity (t),t,,,,,,,,,,,,,0.890000,I,,3.860000,I,,11.710000,I,,0.850000,I,,,,,13.070000,I,,4.830000,I,,53.910000,I,,94.290000,I,,61.580000,I,
237,'704,Viet Nam,2518,'S2518,Sorghum and products,684,Fat supply quantity (g/capita/day),g/cap/d,,,,,,,,,,,,,0.000000,E,,0.000000,E,,0.000000,E,,0.000000,E,,,,,0.000000,E,,0.000000,E,,0.000000,E,,0.000000,E,,0.000000,E,
237,'704,Viet Nam,2518,'S2518,Sorghum and products,681,Fat supply quantity (t),t,,,,,,,,,,,,,0.310000,I,,1.330000,I,,4.020000,I,,0.290000,I,,,,,4.490000,I,,1.660000,I,,18.510000,I,,32.380000,I,,21.150000,I,
237,'704,Viet Nam,2520,'S2520,"Cereals, other",5511,Production,1000 t,0.000000,I,,0.000000,I,,0.000000,I,,0.000000,I,,,,,,,,,,,,,,,,,,,,,,,,,,,,,,,
237,'704,Viet Nam,2520,'S2520,"Cereals, other",5611,Import quantity,1000 t,4.000000,I,,7.000000,I,,1.000000,I,,4.000000,I,,11.000000,I,,12.000000,I,,14.000000,I,,6.000000,I,,9.000000,I,,7.000000,I,,9.000000,I,,11.000000,I,,10.000000,I,,8.000000,I,
237,'704,Viet Nam,2520,'S2520,"Cereals, other",5072,Stock Variation,1000 t,,,,,,,,,,,,,0.000000,I,,0.000000,I,,0.000000,I,,0.000000,I,,0.000000,I,,0.000000,I,,0.000000,I,,0.000000,I,,1.000000,I,,1.000000,I,
237,'704,Viet Nam,2520,'S2520,"Cereals, other",5911,Export quantity,1000 t,0.000000,I,,0.000000,I,,0.000000,I,,0.000000,I,,3.000000,I,,54.000000,I,,61.000000,I,,112.000000,I,,94.000000,I,,140.000000,I,,178.000000,I,,430.000000,I,,405.000000,I,,388.000000,I,
237,'704,Viet Nam,2520,'S2520,"Cereals, other",5301,Domestic supply quantity,1000 t,4.000000,I,,7.000000,I,,1.000000,I,,4.000000,I,,8.000000,I,,-42.000000,I,,-47.000000,I,,-107.000000,I,,-85.000000,I,,-133.000000,I,,-169.000000,I,,-419.000000,I,,-396.000000,I,,-381.000000,I,
237,'704,Viet Nam,2520,'S2520,"Cereals, other",5521,Feed,1000 t,0.000000,I,,0.000000,I,,0.000000,I,,0.000000,I,,10.000000,I,,0.000000,I,,0.000000,I,,0.000000,I,,0.000000,I,,0.000000,I,,0.000000,I,,,,,2.000000,I,,2.000000,I,
237,'704,Viet Nam,2520,'S2520,"Cereals, other",5170,Residuals,1000 t,0.000000,I,,0.000000,I,,0.000000,I,,0.000000,I,,-2.000000,I,,-42.000000,I,,-47.000000,I,,-107.000000,I,,-85.000000,I,,-133.000000,I,,-169.000000,I,,-419.000000,I,,-398.000000,I,,-384.000000,I,
237,'704,Viet Nam,2520,'S2520,"Cereals, other",5142,Food,1000 t,4.000000,I,,7.000000,I,,1.000000,I,,4.000000,I,,0.000000,I,,0.000000,I,,0.000000,I,,0.000000,I,,0.000000,I,,0.000000,I,,0.000000,I,,0.000000,I,,0.000000,I,,1.000000,I,
237,'704,Viet Nam,2520,'S2520,"Cereals, other",645,Food supply quantity (kg/capita/yr),kg/cap,0.050000,E,,0.080000,E,,0.010000,E,,0.050000,E,,0.000000,E,,0.000000,E,,0.000000,E,,0.000000,E,,0.000000,E,,0.000000,E,,0.000000,E,,0.000000,E,,0.000000,E,,0.010000,E,
237,'704,Viet Nam,2520,'S2520,"Cereals, other",664,Food supply (kcal/capita/day),kcal/cap/d,0.200000,E,,0.750000,E,,0.110000,E,,0.480000,E,,0.000000,E,,0.000000,E,,0.000000,E,,0.000000,E,,0.000000,E,,0.000000,E,,0.010000,E,,0.010000,E,,0.010000,E,,0.070000,E,
237,'704,Viet Nam,2520,'S2520,"Cereals, other",661,Food supply (kcal),million Kcal,6440.460000,I,,24171.470000,I,,3590.000000,I,,15796.000000,I,,1.780000,I,,7.790000,I,,35.650000,I,,27.680000,I,,51.300000,I,,94.150000,I,,205.470000,I,,219.990000,I,,467.410000,I,,2719.930000,I,
237,'704,Viet Nam,2520,'S2520,"Cereals, other",674,Protein supply quantity (g/capita/day),g/cap/d,0.010000,E,,0.030000,E,,0.000000,E,,0.020000,E,,0.000000,E,,0.000000,E,,0.000000,E,,0.000000,E,,0.000000,E,,0.000000,E,,0.000000,E,,0.000000,E,,0.000000,E,,0.000000,E,
237,'704,Viet Nam,2520,'S2520,"Cereals, other",671,Protein supply quantity (t),t,243.980000,I,,915.690000,I,,136.000000,I,,598.400000,I,,0.070000,I,,0.300000,I,,1.260000,I,,0.990000,I,,1.940000,I,,3.490000,I,,6.880000,I,,8.370000,I,,15.490000,I,,65.790000,I,
237,'704,Viet Nam,2520,'S2520,"Cereals, other",684,Fat supply quantity (g/capita/day),g/cap/d,0.000000,E,,0.010000,E,,0.000000,E,,0.010000,E,,0.000000,E,,0.000000,E,,0.000000,E,,0.000000,E,,0.000000,E,,0.000000,E,,0.000000,E,,0.000000,E,,0.000000,E,,0.000000,E,
237,'704,Viet Nam,2520,'S2520,"Cereals, other",681,Fat supply quantity (t),t,68.170000,I,,255.850000,I,,38.000000,I,,167.200000,I,,0.030000,I,,0.130000,I,,0.440000,I,,0.380000,I,,0.840000,I,,1.480000,I,,2.630000,I,,3.620000,I,,5.160000,I,,14.070000,I,
237,'704,Viet Nam,2907,'S2907,Starchy Roots,5511,Production,1000 t,10267.000000,E,,11572.000000,E,,11567.000000,E,,11429.000000,E,,11933.000000,E,,12394.000000,E,,12481.000000,E,,11924.000000,E,,11598.000000,E,,11941.000000,E,,12176.000000,E,,12121.000000,E,,11936.000000,E,,11633.000000,E,
237,'704,Viet Nam,2907,'S2907,Starchy Roots,5611,Import quantity,1000 t,53.000000,E,,90.000000,E,,85.000000,E,,85.000000,E,,429.000000,E,,391.000000,E,,489.000000,E,,583.000000,E,,507.000000,E,,660.000000,E,,599.000000,E,,1350.000000,E,,2601.000000,E,,1532.000000,E,
237,'704,Viet Nam,2907,'S2907,Starchy Roots,5072,Stock Variation,1000 t,1604.000000,E,,608.000000,E,,-2054.000000,E,,55.000000,E,,2.000000,E,,-37.000000,E,,242.000000,E,,-29.000000,E,,447.000000,E,,70.000000,E,,-516.000000,E,,-109.000000,E,,437.000000,E,,75.000000,E,
237,'704,Viet Nam,2907,'S2907,Starchy Roots,5911,Export quantity,1000 t,4012.000000,E,,6444.000000,E,,10025.000000,E,,6741.000000,E,,10952.000000,E,,10613.000000,E,,9315.000000,E,,12557.000000,E,,8105.000000,E,,9674.000000,E,,10556.000000,E,,10509.000000,E,,8954.000000,E,,6716.000000,E,
237,'704,Viet Nam,2907,'S2907,Starchy Roots,5301,Domestic supply quantity,1000 t,4704.000000,E,,4609.000000,E,,3680.000000,E,,4719.000000,E,,1408.000000,E,,2210.000000,E,,3414.000000,E,,-21.000000,E,,3553.000000,E,,2857.000000,E,,2735.000000,E,,3071.000000,E,,5147.000000,E,,6373.000000,E,
237,'704,Viet Nam,2907,'S2907,Starchy Roots,5521,Feed,1000 t,2413.000000,E,,2104.000000,E,,1133.000000,E,,2256.000000,E,,1108.000000,E,,1067.000000,E,,1013.000000,E,,1067.000000,E,,1233.000000,E,,1193.000000,E,,974.000000,E,,737.000000,E,,1780.000000,E,,963.000000,E,
237,'704,Viet Nam,2907,'S2907,Starchy Roots,5527,Seed,1000 t,27.000000,E,,22.000000,E,,26.000000,E,,22.000000,E,,22.000000,E,,21.000000,E,,20.000000,E,,19.000000,E,,23.000000,E,,20.000000,E,,17.000000,E,,18.000000,E,,18.000000,E,,18.000000,E,
237,'704,Viet Nam,2907,'S2907,Starchy Roots,5123,Losses,1000 t,773.000000,E,,871.000000,E,,870.000000,E,,860.000000,E,,898.000000,E,,933.000000,E,,939.000000,E,,897.000000,E,,873.000000,E,,900.000000,E,,917.000000,E,,914.000000,E,,907.000000,E,,886.000000,E,
237,'704,Viet Nam,2907,'S2907,Starchy Roots,5131,Processing,1000 t,0.000000,E,,0.000000,E,,0.000000,E,,0.000000,E,,,,,,,,,,,,,,,,,,,,,,,,,,,,,,,
237,'704,Viet Nam,2907,'S2907,Starchy Roots,5154,Other uses (non-food),1000 t,,,,,,,,,,,,,,,,,,,,,,,,,,,,,,,,,,0.000000,E,,693.000000,E,,2748.000000,E,
237,'704,Viet Nam,2907,'S2907,Starchy Roots,5170,Residuals,1000 t,0.000000,E,,0.000000,E,,1.000000,E,,0.000000,E,,-2222.000000,E,,-1463.000000,E,,-154.000000,E,,-3577.000000,E,,-194.000000,E,,-933.000000,E,,-952.000000,E,,-332.000000,E,,-18.000000,E,,-1.000000,E,
237,'704,Viet Nam,2907,'S2907,Starchy Roots,5142,Food,1000 t,1491.000000,E,,1611.000000,E,,1651.000000,E,,1581.000000,E,,1603.000000,E,,1653.000000,E,,1596.000000,E,,1572.000000,E,,1619.000000,E,,1677.000000,E,,1779.000000,E,,1734.000000,E,,1767.000000,E,,1759.000000,E,
237,'704,Viet Nam,2907,'S2907,Starchy Roots,645,Food supply quantity (kg/capita/yr),kg/cap,17.050000,E,,18.220000,E,,18.440000,E,,17.450000,E,,17.480000,E,,17.810000,E,,16.970000,E,,16.520000,E,,16.820000,E,,17.260000,E,,18.140000,E,,17.530000,E,,17.730000,E,,17.530000,E,
237,'704,Viet Nam,2907,'S2907,Starchy Roots,664,Food supply (kcal/capita/day),kcal/cap/d,47.050000,E,,50.880000,E,,50.920000,E,,49.110000,E,,49.600000,E,,50.770000,E,,48.510000,E,,46.880000,E,,46.720000,E,,48.100000,E,,50.830000,E,,48.850000,E,,48.710000,E,,47.760000,E,
237,'704,Viet Nam,2907,'S2907,Starchy Roots,661,Food supply (kcal),million Kcal,1501962.150000,E,,1643036.030000,E,,1663784.570000,E,,1623471.920000,E,,1659763.510000,E,,1720240.700000,E,,1664480.580000,E,,1628675.250000,E,,1641020.630000,E,,1706104.590000,E,,1819536.750000,E,,1763875.160000,E,,1772280.120000,E,,1749280.550000,E,
237,'704,Viet Nam,2907,'S2907,Starchy Roots,674,Protein supply quantity (g/capita/day),g/cap/d,0.530000,E,,0.560000,E,,0.570000,E,,0.530000,E,,0.530000,E,,0.540000,E,,0.520000,E,,0.500000,E,,0.520000,E,,0.530000,E,,0.530000,E,,0.530000,E,,0.550000,E,,0.540000,E,
237,'704,Viet Nam,2907,'S2907,Starchy Roots,671,Protein supply quantity (t),t,16889.810000,E,,18039.990000,E,,18637.050000,E,,17544.310000,E,,17895.410000,E,,18323.720000,E,,17676.720000,E,,17445.700000,E,,18301.080000,E,,18723.610000,E,,19126.810000,E,,19158.440000,E,,19869.800000,E,,19783.080000,E,
237,'704,Viet Nam,2907,'S2907,Starchy Roots,684,Fat supply quantity (g/capita/day),g/cap/d,0.080000,E,,0.090000,E,,0.090000,E,,0.090000,E,,0.090000,E,,0.090000,E,,0.090000,E,,0.080000,E,,0.090000,E,,0.090000,E,,0.100000,E,,0.090000,E,,0.090000,E,,0.090000,E,
237,'704,Viet Nam,2907,'S2907,Starchy Roots,681,Fat supply quantity (t),t,2655.560000,E,,2876.850000,E,,2914.010000,E,,2872.900000,E,,2995.330000,E,,3108.900000,E,,3002.860000,E,,2948.150000,E,,3053.940000,E,,3320.660000,E,,3401.990000,E,,3286.240000,E,,3309.770000,E,,3218.770000,E,
237,'704,Viet Nam,2532,'S2532,Cassava and products,5511,Production,1000 t,8596.000000,I,,9898.000000,I,,9736.000000,I,,9758.000000,I,,10210.000000,I,,10740.000000,I,,10910.000000,I,,10268.000000,I,,9847.000000,I,,10175.000000,I,,10504.000000,I,,10566.000000,I,,10627.000000,I,,10377.000000,I,
237,'704,Viet Nam,2532,'S2532,Cassava and products,5611,Import quantity,1000 t,,,,,,,,,,,,,380.000000,I,,345.000000,I,,412.000000,I,,507.000000,I,,407.000000,I,,525.000000,I,,467.000000,I,,1215.000000,I,,2342.000000,I,,1264.000000,I,
237,'704,Viet Nam,2532,'S2532,Cassava and products,5072,Stock Variation,1000 t,1571.000000,I,,571.000000,I,,-2143.000000,I,,0.000000,I,,5.000000,I,,4.000000,I,,227.000000,I,,-46.000000,I,,425.000000,I,,7.000000,I,,-519.000000,I,,-96.000000,I,,441.000000,I,,78.000000,I,
237,'704,Viet Nam,2532,'S2532,Cassava and products,5911,Export quantity,1000 t,4007.000000,I,,6442.000000,I,,10023.000000,I,,6738.000000,I,,10924.000000,I,,10574.000000,I,,9245.000000,I,,12495.000000,I,,8060.000000,I,,9611.000000,I,,10489.000000,I,,10458.000000,I,,8902.000000,I,,6684.000000,I,
237,'704,Viet Nam,2532,'S2532,Cassava and products,5301,Domestic supply quantity,1000 t,3017.000000,I,,2884.000000,I,,1856.000000,I,,3019.000000,I,,-340.000000,I,,507.000000,I,,1850.000000,I,,-1674.000000,I,,1770.000000,I,,1081.000000,I,,1001.000000,I,,1418.000000,I,,3625.000000,I,,4879.000000,I,
237,'704,Viet Nam,2532,'S2532,Cassava and products,5521,Feed,1000 t,1661.000000,I,,1322.000000,I,,319.000000,I,,1482.000000,I,,286.000000,I,,286.000000,I,,286.000000,I,,286.000000,I,,429.000000,I,,399.000000,I,,213.000000,I,,39.000000,I,,1199.000000,I,,421.000000,I,
237,'704,Viet Nam,2532,'S2532,Cassava and products,5123,Losses,1000 t,647.000000,I,,745.000000,I,,733.000000,I,,734.000000,I,,768.000000,I,,808.000000,I,,821.000000,I,,773.000000,I,,741.000000,I,,766.000000,I,,789.000000,I,,795.000000,I,,799.000000,I,,780.000000,I,
237,'704,Viet Nam,2532,'S2532,Cassava and products,5131,Processing,1000 t,0.000000,I,,0.000000,I,,0.000000,I,,0.000000,I,,,,,,,,,,,,,,,,,,,,,,,,,,,,,,,
237,'704,Viet Nam,2532,'S2532,Cassava and products,5154,Other uses (non-food),1000 t,,,,,,,,,,,,,,,,,,,,,,,,,,,,,,,,,,0.000000,I,,693.000000,I,,2748.000000,I,
237,'704,Viet Nam,2532,'S2532,Cassava and products,5170,Residuals,1000 t,0.000000,I,,0.000000,I,,1.000000,I,,0.000000,I,,-2213.000000,I,,-1451.000000,I,,-143.000000,I,,-3564.000000,I,,-190.000000,I,,-923.000000,I,,-946.000000,I,,-326.000000,I,,-7.000000,I,,0.000000,I,
237,'704,Viet Nam,2532,'S2532,Cassava and products,5142,Food,1000 t,709.000000,I,,817.000000,I,,804.000000,I,,804.000000,I,,819.000000,I,,864.000000,I,,887.000000,I,,832.000000,I,,791.000000,I,,839.000000,I,,945.000000,I,,911.000000,I,,941.000000,I,,930.000000,I,
237,'704,Viet Nam,2532,'S2532,Cassava and products,645,Food supply quantity (kg/capita/yr),kg/cap,8.110000,E,,9.230000,E,,8.980000,E,,8.870000,E,,8.930000,E,,9.310000,E,,9.440000,E,,8.740000,E,,8.220000,E,,8.640000,E,,9.640000,E,,9.210000,E,,9.440000,E,,9.270000,E,
237,'704,Viet Nam,2532,'S2532,Cassava and products,664,Food supply (kcal/capita/day),kcal/cap/d,26.740000,E,,30.450000,E,,29.610000,E,,29.280000,E,,29.670000,E,,30.900000,E,,31.240000,E,,28.960000,E,,27.280000,E,,28.490000,E,,31.150000,E,,30.060000,E,,30.630000,E,,29.940000,E,
237,'704,Viet Nam,2532,'S2532,Cassava and products,661,Food supply (kcal),million Kcal,853587.970000,I,,983290.430000,I,,967455.290000,I,,967969.390000,I,,992843.480000,I,,1046944.280000,I,,1071851.370000,I,,1006082.800000,I,,958391.560000,I,,1010508.150000,I,,1115236.750000,I,,1085374.450000,I,,1114477.800000,I,,1096510.700000,I,
237,'704,Viet Nam,2532,'S2532,Cassava and products,674,Protein supply quantity (g/capita/day),g/cap/d,0.220000,E,,0.250000,E,,0.240000,E,,0.240000,E,,0.240000,E,,0.250000,E,,0.250000,E,,0.240000,E,,0.220000,E,,0.230000,E,,0.240000,E,,0.240000,E,,0.240000,E,,0.230000,E,
237,'704,Viet Nam,2532,'S2532,Cassava and products,671,Protein supply quantity (t),t,6894.100000,I,,7940.360000,I,,7811.540000,I,,7821.400000,I,,8090.920000,I,,8522.880000,I,,8696.480000,I,,8172.120000,I,,7807.260000,I,,8161.170000,I,,8765.660000,I,,8642.290000,I,,8801.000000,I,,8601.660000,I,
237,'704,Viet Nam,2532,'S2532,Cassava and products,684,Fat supply quantity (g/capita/day),g/cap/d,0.040000,E,,0.050000,E,,0.040000,E,,0.040000,E,,0.040000,E,,0.050000,E,,0.050000,E,,0.040000,E,,0.040000,E,,0.040000,E,,0.050000,E,,0.040000,E,,0.050000,E,,0.040000,E,
237,'704,Viet Nam,2532,'S2532,Cassava and products,681,Fat supply quantity (t),t,1272.770000,I,,1466.160000,I,,1442.530000,I,,1443.360000,I,,1481.210000,I,,1561.820000,I,,1598.660000,I,,1500.660000,I,,1429.780000,I,,1506.750000,I,,1660.260000,I,,1617.030000,I,,1659.580000,I,,1622.950000,I,
237,'704,Viet Nam,2531,'S2531,Potatoes and products,5511,Production,1000 t,353.000000,I,,312.000000,I,,404.000000,I,,313.000000,I,,322.000000,I,,318.000000,I,,302.000000,I,,304.000000,I,,376.000000,I,,334.000000,I,,294.000000,I,,324.000000,I,,333.000000,I,,341.000000,I,
237,'704,Viet Nam,2531,'S2531,Potatoes and products,5611,Import quantity,1000 t,53.000000,I,,90.000000,I,,85.000000,I,,85.000000,I,,49.000000,I,,46.000000,I,,76.000000,I,,76.000000,I,,99.000000,I,,134.000000,I,,128.000000,I,,131.000000,I,,233.000000,I,,230.000000,I,
237,'704,Viet Nam,2531,'S2531,Potatoes and products,5072,Stock Variation,1000 t,0.000000,I,,0.000000,I,,39.000000,I,,40.000000,I,,13.000000,I,,13.000000,I,,14.000000,I,,15.000000,I,,18.000000,I,,19.000000,I,,18.000000,I,,1.000000,I,,4.000000,I,,6.000000,I,
237,'704,Viet Nam,2531,'S2531,Potatoes and products,5911,Export quantity,1000 t,5.000000,I,,2.000000,I,,2.000000,I,,2.000000,I,,3.000000,I,,4.000000,I,,6.000000,I,,5.000000,I,,10.000000,I,,14.000000,I,,10.000000,I,,12.000000,I,,14.000000,I,,7.000000,I,
237,'704,Viet Nam,2531,'S2531,Potatoes and products,5301,Domestic supply quantity,1000 t,401.000000,I,,399.000000,I,,447.000000,I,,356.000000,I,,355.000000,I,,347.000000,I,,359.000000,I,,359.000000,I,,447.000000,I,,435.000000,I,,394.000000,I,,442.000000,I,,547.000000,I,,558.000000,I,
237,'704,Viet Nam,2531,'S2531,Potatoes and products,5521,Feed,1000 t,1.000000,I,,6.000000,I,,1.000000,I,,1.000000,I,,6.000000,I,,8.000000,I,,10.000000,I,,10.000000,I,,13.000000,I,,13.000000,I,,17.000000,I,,15.000000,I,,37.000000,I,,25.000000,I,
237,'704,Viet Nam,2531,'S2531,Potatoes and products,5527,Seed,1000 t,27.000000,I,,22.000000,I,,26.000000,I,,22.000000,I,,22.000000,I,,21.000000,I,,20.000000,I,,19.000000,I,,23.000000,I,,20.000000,I,,17.000000,I,,18.000000,I,,18.000000,I,,18.000000,I,
237,'704,Viet Nam,2531,'S2531,Potatoes and products,5123,Losses,1000 t,27.000000,I,,23.000000,I,,30.000000,I,,24.000000,I,,24.000000,I,,24.000000,I,,23.000000,I,,23.000000,I,,28.000000,I,,26.000000,I,,25.000000,I,,27.000000,I,,34.000000,I,,35.000000,I,
237,'704,Viet Nam,2531,'S2531,Potatoes and products,5131,Processing,1000 t,,,,,,,,,,0.000000,I,,,,,,,,,,,,,,,,,,,,,,,,,,,,,,,
237,'704,Viet Nam,2531,'S2531,Potatoes and products,5170,Residuals,1000 t,0.000000,I,,0.000000,I,,0.000000,I,,0.000000,I,,0.000000,I,,0.000000,I,,0.000000,I,,0.000000,I,,0.000000,I,,0.000000,I,,0.000000,I,,0.000000,I,,0.000000,I,,0.000000,I,
237,'704,Viet Nam,2531,'S2531,Potatoes and products,5142,Food,1000 t,346.000000,I,,348.000000,I,,390.000000,I,,309.000000,I,,303.000000,I,,295.000000,I,,305.000000,I,,307.000000,I,,383.000000,I,,376.000000,I,,336.000000,I,,383.000000,I,,458.000000,I,,480.000000,I,
237,'704,Viet Nam,2531,'S2531,Potatoes and products,645,Food supply quantity (kg/capita/yr),kg/cap,3.960000,E,,3.930000,E,,4.350000,E,,3.410000,E,,3.310000,E,,3.180000,E,,3.250000,E,,3.230000,E,,3.980000,E,,3.870000,E,,3.430000,E,,3.870000,E,,4.600000,E,,4.780000,E,
237,'704,Viet Nam,2531,'S2531,Potatoes and products,664,Food supply (kcal/capita/day),kcal/cap/d,6.930000,E,,6.870000,E,,7.600000,E,,5.960000,E,,5.870000,E,,5.610000,E,,5.760000,E,,5.700000,E,,7.020000,E,,6.860000,E,,6.050000,E,,6.850000,E,,8.210000,E,,8.490000,E,
237,'704,Viet Nam,2531,'S2531,Potatoes and products,661,Food supply (kcal),million Kcal,221360.550000,I,,221733.830000,I,,248256.630000,I,,196870.640000,I,,196483.980000,I,,190124.250000,I,,197784.820000,I,,197933.250000,I,,246685.700000,I,,243229.990000,I,,216703.830000,I,,247248.400000,I,,298646.190000,I,,310924.310000,I,
237,'704,Viet Nam,2531,'S2531,Potatoes and products,674,Protein supply quantity (g/capita/day),g/cap/d,0.170000,E,,0.160000,E,,0.180000,E,,0.140000,E,,0.140000,E,,0.130000,E,,0.130000,E,,0.130000,E,,0.160000,E,,0.160000,E,,0.140000,E,,0.160000,E,,0.190000,E,,0.200000,E,
237,'704,Viet Nam,2531,'S2531,Potatoes and products,671,Protein supply quantity (t),t,5291.330000,I,,5274.080000,I,,5889.110000,I,,4670.190000,I,,4621.730000,I,,4477.190000,I,,4629.760000,I,,4595.140000,I,,5690.500000,I,,5578.740000,I,,4989.330000,I,,5765.060000,I,,7071.510000,I,,7347.370000,I,
237,'704,Viet Nam,2531,'S2531,Potatoes and products,684,Fat supply quantity (g/capita/day),g/cap/d,0.010000,E,,0.010000,E,,0.010000,E,,0.010000,E,,0.010000,E,,0.010000,E,,0.010000,E,,0.010000,E,,0.010000,E,,0.020000,E,,0.010000,E,,0.020000,E,,0.020000,E,,0.020000,E,
237,'704,Viet Nam,2531,'S2531,Potatoes and products,681,Fat supply quantity (t),t,297.160000,I,,297.110000,I,,332.310000,I,,263.530000,I,,318.100000,I,,318.650000,I,,400.340000,I,,367.840000,I,,515.810000,I,,663.820000,I,,502.080000,I,,572.810000,I,,730.000000,I,,700.920000,I,
237,'704,Viet Nam,2533,'S2533,Sweet potatoes,5511,Production,1000 t,1318.000000,I,,1362.000000,I,,1427.000000,I,,1358.000000,I,,1401.000000,I,,1336.000000,I,,1269.000000,I,,1353.000000,I,,1375.000000,I,,1432.000000,I,,1378.000000,I,,1231.000000,I,,976.000000,I,,915.000000,I,
237,'704,Viet Nam,2533,'S2533,Sweet potatoes,5611,Import quantity,1000 t,,,,,,,,,,,,,,,,0.000000,I,,0.000000,I,,0.000000,I,,0.000000,I,,0.000000,I,,0.000000,I,,0.000000,I,,16.000000,I,,24.000000,I,
237,'704,Viet Nam,2533,'S2533,Sweet potatoes,5072,Stock Variation,1000 t,32.000000,I,,37.000000,I,,50.000000,I,,14.000000,I,,-16.000000,I,,-54.000000,I,,1.000000,I,,3.000000,I,,4.000000,I,,44.000000,I,,-15.000000,I,,-14.000000,I,,-9.000000,I,,-8.000000,I,
237,'704,Viet Nam,2533,'S2533,Sweet potatoes,5911,Export quantity,1000 t,,,,,,,,,,,,,16.000000,I,,23.000000,I,,52.000000,I,,43.000000,I,,31.000000,I,,37.000000,I,,47.000000,I,,30.000000,I,,21.000000,I,,20.000000,I,
237,'704,Viet Nam,2533,'S2533,Sweet potatoes,5301,Domestic supply quantity,1000 t,1286.000000,I,,1325.000000,I,,1378.000000,I,,1344.000000,I,,1402.000000,I,,1368.000000,I,,1216.000000,I,,1307.000000,I,,1340.000000,I,,1350.000000,I,,1346.000000,I,,1216.000000,I,,979.000000,I,,927.000000,I,
237,'704,Viet Nam,2533,'S2533,Sweet potatoes,5521,Feed,1000 t,751.000000,I,,776.000000,I,,813.000000,I,,773.000000,I,,816.000000,I,,774.000000,I,,717.000000,I,,771.000000,I,,792.000000,I,,781.000000,I,,745.000000,I,,683.000000,I,,543.000000,I,,514.000000,I,
237,'704,Viet Nam,2533,'S2533,Sweet potatoes,5123,Losses,1000 t,99.000000,I,,103.000000,I,,107.000000,I,,102.000000,I,,105.000000,I,,101.000000,I,,96.000000,I,,102.000000,I,,103.000000,I,,108.000000,I,,103.000000,I,,93.000000,I,,74.000000,I,,70.000000,I,
237,'704,Viet Nam,2533,'S2533,Sweet potatoes,5131,Processing,1000 t,0.000000,I,,0.000000,I,,0.000000,I,,0.000000,I,,,,,,,,,,,,,,,,,,,,,,,,,,,,,,,
237,'704,Viet Nam,2533,'S2533,Sweet potatoes,5170,Residuals,1000 t,0.000000,I,,0.000000,I,,0.000000,I,,0.000000,I,,0.000000,I,,0.000000,I,,0.000000,I,,0.000000,I,,0.000000,I,,0.000000,I,,0.000000,I,,0.000000,I,,0.000000,I,,0.000000,I,
237,'704,Viet Nam,2533,'S2533,Sweet potatoes,5142,Food,1000 t,436.000000,I,,447.000000,I,,457.000000,I,,468.000000,I,,480.000000,I,,493.000000,I,,403.000000,I,,434.000000,I,,445.000000,I,,462.000000,I,,498.000000,I,,440.000000,I,,362.000000,I,,343.000000,I,
237,'704,Viet Nam,2533,'S2533,Sweet potatoes,645,Food supply quantity (kg/capita/yr),kg/cap,4.990000,E,,5.060000,E,,5.110000,E,,5.170000,E,,5.240000,E,,5.310000,E,,4.290000,E,,4.560000,E,,4.620000,E,,4.750000,E,,5.080000,E,,4.450000,E,,3.630000,E,,3.420000,E,
237,'704,Viet Nam,2533,'S2533,Sweet potatoes,664,Food supply (kcal/capita/day),kcal/cap/d,13.380000,E,,13.560000,E,,13.710000,E,,13.870000,E,,14.060000,E,,14.260000,E,,11.510000,E,,12.220000,E,,12.410000,E,,12.750000,E,,13.620000,E,,11.940000,E,,9.750000,E,,9.170000,E,
237,'704,Viet Nam,2533,'S2533,Sweet potatoes,661,Food supply (kcal),million Kcal,427013.630000,I,,438011.770000,I,,448072.650000,I,,458631.890000,I,,470436.050000,I,,483107.770000,I,,394788.120000,I,,424659.200000,I,,435881.050000,I,,452366.440000,I,,487596.180000,I,,431252.300000,I,,354672.770000,I,,335733.900000,I,
237,'704,Viet Nam,2533,'S2533,Sweet potatoes,674,Protein supply quantity (g/capita/day),g/cap/d,0.150000,E,,0.150000,E,,0.150000,E,,0.150000,E,,0.150000,E,,0.160000,E,,0.130000,E,,0.130000,E,,0.140000,E,,0.140000,E,,0.150000,E,,0.130000,E,,0.110000,E,,0.100000,E,
237,'704,Viet Nam,2533,'S2533,Sweet potatoes,671,Protein supply quantity (t),t,4704.390000,I,,4825.550000,I,,4936.390000,I,,5052.720000,I,,5182.770000,I,,5322.370000,I,,4349.360000,I,,4678.450000,I,,4802.080000,I,,4983.700000,I,,5371.820000,I,,4751.080000,I,,3907.410000,I,,3698.760000,I,
237,'704,Viet Nam,2533,'S2533,Sweet potatoes,684,Fat supply quantity (g/capita/day),g/cap/d,0.030000,E,,0.030000,E,,0.030000,E,,0.040000,E,,0.040000,E,,0.040000,E,,0.030000,E,,0.030000,E,,0.030000,E,,0.030000,E,,0.030000,E,,0.030000,E,,0.020000,E,,0.020000,E,
237,'704,Viet Nam,2533,'S2533,Sweet potatoes,681,Fat supply quantity (t),t,1085.630000,I,,1113.590000,I,,1139.170000,I,,1166.010000,I,,1196.020000,I,,1228.240000,I,,1003.700000,I,,1079.640000,I,,1108.170000,I,,1150.080000,I,,1239.650000,I,,1096.400000,I,,901.710000,I,,853.560000,I,
237,'704,Viet Nam,2535,'S2535,Yams,5611,Import quantity,1000 t,,,,,,,,,,,,,,,,0.000000,I,,0.000000,I,,,,,0.000000,I,,0.000000,I,,0.000000,I,,0.000000,I,,0.000000,I,,0.000000,I,
237,'704,Viet Nam,2535,'S2535,Yams,5911,Export quantity,1000 t,,,,,,,,,,,,,0.000000,I,,0.000000,I,,0.000000,I,,0.000000,I,,0.000000,I,,0.000000,I,,0.000000,I,,0.000000,I,,1.000000,I,,1.000000,I,
237,'704,Viet Nam,2535,'S2535,Yams,5301,Domestic supply quantity,1000 t,,,,,,,,,,,,,0.000000,I,,0.000000,I,,0.000000,I,,0.000000,I,,0.000000,I,,0.000000,I,,0.000000,I,,0.000000,I,,-1.000000,I,,-1.000000,I,
237,'704,Viet Nam,2535,'S2535,Yams,5170,Residuals,1000 t,,,,,,,,,,,,,0.000000,I,,0.000000,I,,0.000000,I,,0.000000,I,,0.000000,I,,0.000000,I,,0.000000,I,,0.000000,I,,-1.000000,I,,-1.000000,I,
237,'704,Viet Nam,2534,'S2534,"Roots, Other",5511,Production,1000 t,0.000000,I,,0.000000,I,,0.000000,I,,0.000000,I,,,,,,,,,,,,,,,,,,,,,,,,,,,,,,,
237,'704,Viet Nam,2534,'S2534,"Roots, Other",5611,Import quantity,1000 t,,,,,,,,,,,,,0.000000,I,,1.000000,I,,1.000000,I,,1.000000,I,,1.000000,I,,1.000000,I,,4.000000,I,,4.000000,I,,11.000000,I,,14.000000,I,
237,'704,Viet Nam,2534,'S2534,"Roots, Other",5911,Export quantity,1000 t,,,,,,,,,,,,,10.000000,I,,12.000000,I,,12.000000,I,,13.000000,I,,4.000000,I,,11.000000,I,,10.000000,I,,9.000000,I,,15.000000,I,,4.000000,I,
237,'704,Viet Nam,2534,'S2534,"Roots, Other",5301,Domestic supply quantity,1000 t,0.000000,I,,0.000000,I,,0.000000,I,,0.000000,I,,-10.000000,I,,-11.000000,I,,-11.000000,I,,-12.000000,I,,-3.000000,I,,-9.000000,I,,-6.000000,I,,-5.000000,I,,-4.000000,I,,10.000000,I,
237,'704,Viet Nam,2534,'S2534,"Roots, Other",5521,Feed,1000 t,,,,,,,,,,,,,,,,,,,,,,,,,,,,,,,,,,,,,1.000000,I,,3.000000,I,
237,'704,Viet Nam,2534,'S2534,"Roots, Other",5170,Residuals,1000 t,0.000000,I,,0.000000,I,,0.000000,I,,0.000000,I,,-10.000000,I,,-11.000000,I,,-11.000000,I,,-12.000000,I,,-3.000000,I,,-9.000000,I,,-6.000000,I,,-5.000000,I,,-10.000000,I,,0.000000,I,
237,'704,Viet Nam,2534,'S2534,"Roots, Other",5142,Food,1000 t,,,,,,,,,,,,,,,,0.000000,I,,0.000000,I,,,,,0.000000,I,,,,,0.000000,I,,0.000000,I,,5.000000,I,,7.000000,I,
237,'704,Viet Nam,2534,'S2534,"Roots, Other",645,Food supply quantity (kg/capita/yr),kg/cap,,,,,,,,,,,,,,,,0.000000,E,,0.000000,E,,,,,0.000000,E,,,,,0.000000,E,,0.000000,E,,0.050000,E,,0.070000,E,
237,'704,Viet Nam,2534,'S2534,"Roots, Other",664,Food supply (kcal/capita/day),kcal/cap/d,,,,,,,,,,,,,,,,0.000000,E,,0.000000,E,,,,,0.000000,E,,,,,0.000000,E,,0.000000,E,,0.120000,E,,0.170000,E,
237,'704,Viet Nam,2534,'S2534,"Roots, Other",661,Food supply (kcal),million Kcal,,,,,,,,,,,,,,,,64.400000,I,,56.270000,I,,,,,62.320000,I,,,,,0.000000,I,,0.000000,I,,4483.360000,I,,6111.630000,I,
237,'704,Viet Nam,2534,'S2534,"Roots, Other",674,Protein supply quantity (g/capita/day),g/cap/d,,,,,,,,,,,,,,,,0.000000,E,,0.000000,E,,,,,0.000000,E,,,,,0.000000,E,,0.000000,E,,0.000000,E,,0.000000,E,
237,'704,Viet Nam,2534,'S2534,"Roots, Other",671,Protein supply quantity (t),t,,,,,,,,,,,,,,,,1.280000,I,,1.110000,I,,,,,1.230000,I,,,,,0.000000,I,,0.000000,I,,89.870000,I,,135.280000,I,
237,'704,Viet Nam,2534,'S2534,"Roots, Other",684,Fat supply quantity (g/capita/day),g/cap/d,,,,,,,,,,,,,,,,0.000000,E,,0.000000,E,,,,,0.000000,E,,,,,0.000000,E,,0.000000,E,,0.000000,E,,0.000000,E,
237,'704,Viet Nam,2534,'S2534,"Roots, Other",681,Fat supply quantity (t),t,,,,,,,,,,,,,,,,0.190000,I,,0.170000,I,,,,,0.190000,I,,,,,0.000000,I,,0.000000,I,,18.470000,I,,41.340000,I,
237,'704,Viet Nam,2908,'S2908,Sugar Crops,5511,Production,1000 t,16162.000000,E,,17540.000000,E,,19015.000000,E,,20129.000000,E,,19823.000000,E,,18337.000000,E,,16313.000000,E,,18356.000000,E,,17945.000000,E,,15686.000000,E,,11535.000000,E,,10741.000000,E,,11089.000000,E,,11844.000000,E,
237,'704,Viet Nam,2908,'S2908,Sugar Crops,5611,Import quantity,1000 t,,,,,,,,,,,,,1.000000,E,,1.000000,E,,1.000000,E,,1.000000,E,,1.000000,E,,3.000000,E,,2.000000,E,,1.000000,E,,1.000000,E,,0.000000,E,
237,'704,Viet Nam,2908,'S2908,Sugar Crops,5911,Export quantity,1000 t,,,,,,,,,,,,,0.000000,E,,1.000000,E,,1.000000,E,,0.000000,E,,1.000000,E,,0.000000,E,,1.000000,E,,0.000000,E,,10.000000,E,,11.000000,E,
237,'704,Viet Nam,2908,'S2908,Sugar Crops,5301,Domestic supply quantity,1000 t,16162.000000,E,,17540.000000,E,,19015.000000,E,,20129.000000,E,,19824.000000,E,,18337.000000,E,,16313.000000,E,,18357.000000,E,,17945.000000,E,,15688.000000,E,,11536.000000,E,,10742.000000,E,,11081.000000,E,,11833.000000,E,
237,'704,Viet Nam,2908,'S2908,Sugar Crops,5521,Feed,1000 t,89.000000,E,,101.000000,E,,74.000000,E,,39.000000,E,,114.000000,E,,80.000000,E,,32.000000,E,,105.000000,E,,68.000000,E,,30.000000,E,,22.000000,E,,93.000000,E,,62.000000,E,,71.000000,E,
237,'704,Viet Nam,2908,'S2908,Sugar Crops,5527,Seed,1000 t,178.000000,E,,193.000000,E,,209.000000,E,,221.000000,E,,218.000000,E,,202.000000,E,,179.000000,E,,202.000000,E,,197.000000,E,,173.000000,E,,329.000000,E,,340.000000,E,,226.000000,E,,233.000000,E,
237,'704,Viet Nam,2908,'S2908,Sugar Crops,5123,Losses,1000 t,869.000000,E,,943.000000,E,,1023.000000,E,,1083.000000,E,,1066.000000,E,,986.000000,E,,877.000000,E,,987.000000,E,,965.000000,E,,844.000000,E,,620.000000,E,,578.000000,E,,596.000000,E,,637.000000,E,
237,'704,Viet Nam,2908,'S2908,Sugar Crops,5131,Processing,1000 t,13501.000000,E,,13100.000000,E,,16343.000000,E,,17650.000000,E,,15595.000000,E,,15351.000000,E,,14128.000000,E,,14563.000000,E,,15221.000000,E,,13630.000000,E,,10065.000000,E,,9024.000000,E,,9853.000000,E,,10529.000000,E,
237,'704,Viet Nam,2908,'S2908,Sugar Crops,5154,Other uses (non-food),1000 t,410.000000,E,,1799.000000,E,,341.000000,E,,50.000000,E,,1245.000000,E,,651.000000,E,,218.000000,E,,1032.000000,E,,526.000000,E,,166.000000,E,,99.000000,E,,149.000000,E,,144.000000,E,,163.000000,E,
237,'704,Viet Nam,2908,'S2908,Sugar Crops,5170,Residuals,1000 t,0.000000,E,,0.000000,E,,0.000000,E,,0.000000,E,,0.000000,E,,0.000000,E,,0.000000,E,,0.000000,E,,0.000000,E,,0.000000,E,,0.000000,E,,0.000000,E,,0.000000,E,,0.000000,E,
237,'704,Viet Nam,2908,'S2908,Sugar Crops,5142,Food,1000 t,1115.000000,E,,1403.000000,E,,1025.000000,E,,1085.000000,E,,1586.000000,E,,1067.000000,E,,879.000000,E,,1469.000000,E,,967.000000,E,,846.000000,E,,400.000000,E,,558.000000,E,,200.000000,E,,200.000000,E,
237,'704,Viet Nam,2908,'S2908,Sugar Crops,645,Food supply quantity (kg/capita/yr),kg/cap,12.750000,E,,15.860000,E,,11.450000,E,,11.980000,E,,17.300000,E,,11.500000,E,,9.360000,E,,15.430000,E,,10.050000,E,,8.700000,E,,4.080000,E,,5.640000,E,,2.010000,E,,1.990000,E,
237,'704,Viet Nam,2908,'S2908,Sugar Crops,664,Food supply (kcal/capita/day),kcal/cap/d,11.530000,E,,14.340000,E,,10.350000,E,,10.830000,E,,15.640000,E,,10.400000,E,,8.460000,E,,13.950000,E,,9.090000,E,,7.870000,E,,3.690000,E,,5.100000,E,,1.810000,E,,1.800000,E,
237,'704,Viet Nam,2908,'S2908,Sugar Crops,661,Food supply (kcal),million Kcal,368008.760000,E,,463044.700000,E,,338268.270000,E,,358074.150000,E,,523354.510000,E,,352239.830000,E,,290203.370000,E,,484630.900000,E,,319236.720000,E,,279082.000000,E,,132000.000000,E,,184136.940000,E,,66000.000000,E,,66000.000000,E,
237,'704,Viet Nam,2908,'S2908,Sugar Crops,674,Protein supply quantity (g/capita/day),g/cap/d,0.050000,E,,0.060000,E,,0.040000,E,,0.040000,E,,0.060000,E,,0.040000,E,,0.030000,E,,0.060000,E,,0.040000,E,,0.030000,E,,0.010000,E,,0.020000,E,,0.010000,E,,0.010000,E,
237,'704,Viet Nam,2908,'S2908,Sugar Crops,671,Protein supply quantity (t),t,1472.040000,E,,1852.180000,E,,1353.070000,E,,1432.300000,E,,2093.420000,E,,1408.960000,E,,1160.810000,E,,1938.520000,E,,1276.950000,E,,1116.330000,E,,528.000000,E,,736.550000,E,,264.000000,E,,264.000000,E,
237,'704,Viet Nam,2908,'S2908,Sugar Crops,684,Fat supply quantity (g/capita/day),g/cap/d,0.050000,E,,0.060000,E,,0.040000,E,,0.040000,E,,0.060000,E,,0.040000,E,,0.030000,E,,0.060000,E,,0.040000,E,,0.030000,E,,0.010000,E,,0.020000,E,,0.010000,E,,0.010000,E,
237,'704,Viet Nam,2908,'S2908,Sugar Crops,681,Fat supply quantity (t),t,1472.040000,E,,1852.180000,E,,1353.070000,E,,1432.300000,E,,2093.420000,E,,1408.960000,E,,1160.810000,E,,1938.520000,E,,1276.950000,E,,1116.330000,E,,528.000000,E,,736.550000,E,,264.000000,E,,264.000000,E,
237,'704,Viet Nam,2536,'S2536,Sugar cane,5511,Production,1000 t,16162.000000,I,,17540.000000,I,,19015.000000,I,,20129.000000,I,,19823.000000,I,,18337.000000,I,,16313.000000,I,,18356.000000,I,,17945.000000,I,,15686.000000,I,,11535.000000,I,,10741.000000,I,,11089.000000,I,,11844.000000,I,
237,'704,Viet Nam,2536,'S2536,Sugar cane,5611,Import quantity,1000 t,,,,,,,,,,,,,1.000000,I,,1.000000,I,,1.000000,I,,1.000000,I,,1.000000,I,,3.000000,I,,2.000000,I,,1.000000,I,,1.000000,I,,0.000000,I,
237,'704,Viet Nam,2536,'S2536,Sugar cane,5911,Export quantity,1000 t,,,,,,,,,,,,,0.000000,I,,1.000000,I,,1.000000,I,,0.000000,I,,1.000000,I,,0.000000,I,,1.000000,I,,0.000000,I,,9.000000,I,,11.000000,I,
237,'704,Viet Nam,2536,'S2536,Sugar cane,5301,Domestic supply quantity,1000 t,16162.000000,I,,17540.000000,I,,19015.000000,I,,20129.000000,I,,19824.000000,I,,18337.000000,I,,16313.000000,I,,18357.000000,I,,17945.000000,I,,15688.000000,I,,11536.000000,I,,10742.000000,I,,11081.000000,I,,11833.000000,I,
237,'704,Viet Nam,2536,'S2536,Sugar cane,5521,Feed,1000 t,89.000000,I,,101.000000,I,,74.000000,I,,39.000000,I,,114.000000,I,,80.000000,I,,32.000000,I,,105.000000,I,,68.000000,I,,30.000000,I,,22.000000,I,,93.000000,I,,62.000000,I,,71.000000,I,
237,'704,Viet Nam,2536,'S2536,Sugar cane,5527,Seed,1000 t,178.000000,I,,193.000000,I,,209.000000,I,,221.000000,I,,218.000000,I,,202.000000,I,,179.000000,I,,202.000000,I,,197.000000,I,,173.000000,I,,329.000000,I,,340.000000,I,,226.000000,I,,233.000000,I,
237,'704,Viet Nam,2536,'S2536,Sugar cane,5123,Losses,1000 t,869.000000,I,,943.000000,I,,1023.000000,I,,1083.000000,I,,1066.000000,I,,986.000000,I,,877.000000,I,,987.000000,I,,965.000000,I,,844.000000,I,,620.000000,I,,578.000000,I,,596.000000,I,,637.000000,I,
237,'704,Viet Nam,2536,'S2536,Sugar cane,5131,Processing,1000 t,13501.000000,I,,13100.000000,I,,16343.000000,I,,17650.000000,I,,15595.000000,I,,15351.000000,I,,14128.000000,I,,14563.000000,I,,15221.000000,I,,13630.000000,I,,10065.000000,I,,9024.000000,I,,9853.000000,I,,10529.000000,I,
237,'704,Viet Nam,2536,'S2536,Sugar cane,5154,Other uses (non-food),1000 t,410.000000,I,,1799.000000,I,,341.000000,I,,50.000000,I,,1245.000000,I,,651.000000,I,,218.000000,I,,1032.000000,I,,526.000000,I,,166.000000,I,,99.000000,I,,149.000000,I,,144.000000,I,,163.000000,I,
237,'704,Viet Nam,2536,'S2536,Sugar cane,5170,Residuals,1000 t,0.000000,I,,0.000000,I,,0.000000,I,,0.000000,I,,0.000000,I,,0.000000,I,,0.000000,I,,0.000000,I,,0.000000,I,,0.000000,I,,0.000000,I,,0.000000,I,,0.000000,I,,0.000000,I,
237,'704,Viet Nam,2536,'S2536,Sugar cane,5142,Food,1000 t,1115.000000,I,,1403.000000,I,,1025.000000,I,,1085.000000,I,,1586.000000,I,,1067.000000,I,,879.000000,I,,1469.000000,I,,967.000000,I,,846.000000,I,,400.000000,I,,558.000000,I,,200.000000,I,,200.000000,I,
237,'704,Viet Nam,2536,'S2536,Sugar cane,645,Food supply quantity (kg/capita/yr),kg/cap,12.750000,E,,15.860000,E,,11.450000,E,,11.980000,E,,17.300000,E,,11.500000,E,,9.360000,E,,15.430000,E,,10.050000,E,,8.700000,E,,4.080000,E,,5.640000,E,,2.010000,E,,1.990000,E,
237,'704,Viet Nam,2536,'S2536,Sugar cane,664,Food supply (kcal/capita/day),kcal/cap/d,11.530000,E,,14.340000,E,,10.350000,E,,10.830000,E,,15.640000,E,,10.400000,E,,8.460000,E,,13.950000,E,,9.090000,E,,7.870000,E,,3.690000,E,,5.100000,E,,1.810000,E,,1.800000,E,
237,'704,Viet Nam,2536,'S2536,Sugar cane,661,Food supply (kcal),million Kcal,368008.760000,I,,463044.700000,I,,338268.270000,I,,358074.150000,I,,523354.510000,I,,352239.830000,I,,290203.370000,I,,484630.900000,I,,319236.720000,I,,279082.000000,I,,132000.000000,I,,184136.940000,I,,66000.000000,I,,66000.000000,I,
237,'704,Viet Nam,2536,'S2536,Sugar cane,674,Protein supply quantity (g/capita/day),g/cap/d,0.050000,E,,0.060000,E,,0.040000,E,,0.040000,E,,0.060000,E,,0.040000,E,,0.030000,E,,0.060000,E,,0.040000,E,,0.030000,E,,0.010000,E,,0.020000,E,,0.010000,E,,0.010000,E,
237,'704,Viet Nam,2536,'S2536,Sugar cane,671,Protein supply quantity (t),t,1472.040000,I,,1852.180000,I,,1353.070000,I,,1432.300000,I,,2093.420000,I,,1408.960000,I,,1160.810000,I,,1938.520000,I,,1276.950000,I,,1116.330000,I,,528.000000,I,,736.550000,I,,264.000000,I,,264.000000,I,
237,'704,Viet Nam,2536,'S2536,Sugar cane,684,Fat supply quantity (g/capita/day),g/cap/d,0.050000,E,,0.060000,E,,0.040000,E,,0.040000,E,,0.060000,E,,0.040000,E,,0.030000,E,,0.060000,E,,0.040000,E,,0.030000,E,,0.010000,E,,0.020000,E,,0.010000,E,,0.010000,E,
237,'704,Viet Nam,2536,'S2536,Sugar cane,681,Fat supply quantity (t),t,1472.040000,I,,1852.180000,I,,1353.070000,I,,1432.300000,I,,2093.420000,I,,1408.960000,I,,1160.810000,I,,1938.520000,I,,1276.950000,I,,1116.330000,I,,528.000000,I,,736.550000,I,,264.000000,I,,264.000000,I,
237,'704,Viet Nam,2537,'S2537,Sugar beet,5611,Import quantity,1000 t,,,,,,,,,,,,,,,,,,,,,,,,,,,,,,,,,,0.000000,I,,0.000000,I,,0.000000,I,
237,'704,Viet Nam,2537,'S2537,Sugar beet,5911,Export quantity,1000 t,,,,,,,,,,,,,0.000000,I,,0.000000,I,,0.000000,I,,0.000000,I,,0.000000,I,,0.000000,I,,0.000000,I,,0.000000,I,,0.000000,I,,0.000000,I,
237,'704,Viet Nam,2537,'S2537,Sugar beet,5301,Domestic supply quantity,1000 t,,,,,,,,,,,,,0.000000,I,,0.000000,I,,0.000000,I,,0.000000,I,,0.000000,I,,0.000000,I,,0.000000,I,,0.000000,I,,0.000000,I,,0.000000,I,
237,'704,Viet Nam,2537,'S2537,Sugar beet,5170,Residuals,1000 t,,,,,,,,,,,,,0.000000,I,,0.000000,I,,0.000000,I,,0.000000,I,,0.000000,I,,0.000000,I,,0.000000,I,,0.000000,I,,0.000000,I,,0.000000,I,
237,'704,Viet Nam,2909,'S2909,Sugar & Sweeteners,5511,Production,1000 t,1828.000000,E,,1836.000000,E,,2235.000000,E,,2458.000000,E,,2570.000000,E,,2487.000000,E,,2271.000000,E,,2340.000000,E,,2501.000000,E,,2421.000000,E,,2407.000000,E,,2115.000000,E,,2245.000000,E,,2365.000000,E,
237,'704,Viet Nam,2909,'S2909,Sugar & Sweeteners,5611,Import quantity,1000 t,728.000000,E,,997.000000,E,,692.000000,E,,527.000000,E,,322.000000,E,,474.000000,E,,593.000000,E,,492.000000,E,,397.000000,E,,528.000000,E,,1973.000000,E,,2158.000000,E,,2239.000000,E,,1403.000000,E,
237,'704,Viet Nam,2909,'S2909,Sugar & Sweeteners,5072,Stock Variation,1000 t,142.000000,E,,69.000000,E,,296.000000,E,,85.000000,E,,36.000000,E,,151.000000,E,,105.000000,E,,82.000000,E,,7.000000,E,,54.000000,E,,573.000000,E,,520.000000,E,,-15.000000,E,,-226.000000,E,
237,'704,Viet Nam,2909,'S2909,Sugar & Sweeteners,5911,Export quantity,1000 t,99.000000,E,,77.000000,E,,130.000000,E,,122.000000,E,,364.000000,E,,274.000000,E,,234.000000,E,,272.000000,E,,332.000000,E,,439.000000,E,,442.000000,E,,394.000000,E,,363.000000,E,,451.000000,E,
237,'704,Viet Nam,2909,'S2909,Sugar & Sweeteners,5301,Domestic supply quantity,1000 t,2316.000000,E,,2686.000000,E,,2501.000000,E,,2778.000000,E,,2492.000000,E,,2535.000000,E,,2525.000000,E,,2478.000000,E,,2559.000000,E,,2456.000000,E,,3365.000000,E,,3360.000000,E,,4135.000000,E,,3543.000000,E,
237,'704,Viet Nam,2909,'S2909,Sugar & Sweeteners,5521,Feed,1000 t,410.000000,E,,674.000000,E,,469.000000,E,,553.000000,E,,524.000000,E,,488.000000,E,,497.000000,E,,566.000000,E,,395.000000,E,,293.000000,E,,373.000000,E,,336.000000,E,,593.000000,E,,343.000000,E,
237,'704,Viet Nam,2909,'S2909,Sugar & Sweeteners,5123,Losses,1000 t,1.000000,E,,1.000000,E,,1.000000,E,,1.000000,E,,1.000000,E,,1.000000,E,,1.000000,E,,1.000000,E,,1.000000,E,,1.000000,E,,1.000000,E,,1.000000,E,,1.000000,E,,1.000000,E,
237,'704,Viet Nam,2909,'S2909,Sugar & Sweeteners,5131,Processing,1000 t,18.000000,E,,18.000000,E,,19.000000,E,,21.000000,E,,20.000000,E,,21.000000,E,,21.000000,E,,20.000000,E,,22.000000,E,,23.000000,E,,174.000000,E,,177.000000,E,,147.000000,E,,135.000000,E,
237,'704,Viet Nam,2909,'S2909,Sugar & Sweeteners,5154,Other uses (non-food),1000 t,113.000000,E,,186.000000,E,,130.000000,E,,152.000000,E,,144.000000,E,,135.000000,E,,137.000000,E,,156.000000,E,,109.000000,E,,80.000000,E,,102.000000,E,,92.000000,E,,162.000000,E,,94.000000,E,
237,'704,Viet Nam,2909,'S2909,Sugar & Sweeteners,5170,Residuals,1000 t,-1.000000,E,,-1.000000,E,,0.000000,E,,0.000000,E,,-18.000000,E,,-7.000000,E,,-2.000000,E,,0.000000,E,,0.000000,E,,0.000000,E,,-8.000000,E,,-15.000000,E,,-6.000000,E,,0.000000,E,
237,'704,Viet Nam,2909,'S2909,Sugar & Sweeteners,5142,Food,1000 t,1774.000000,E,,1808.000000,E,,1882.000000,E,,2052.000000,E,,1821.000000,E,,1898.000000,E,,1871.000000,E,,1736.000000,E,,2031.000000,E,,2059.000000,E,,2722.000000,E,,2769.000000,E,,3236.000000,E,,2970.000000,E,
237,'704,Viet Nam,2909,'S2909,Sugar & Sweeteners,645,Food supply quantity (kg/capita/yr),kg/cap,20.290000,E,,20.430000,E,,21.030000,E,,22.650000,E,,19.860000,E,,20.450000,E,,19.900000,E,,18.240000,E,,21.110000,E,,21.190000,E,,27.750000,E,,27.990000,E,,32.470000,E,,29.600000,E,
237,'704,Viet Nam,2909,'S2909,Sugar & Sweeteners,664,Food supply (kcal/capita/day),kcal/cap/d,187.640000,E,,188.740000,E,,193.940000,E,,196.460000,E,,180.260000,E,,185.440000,E,,182.120000,E,,167.940000,E,,192.050000,E,,190.750000,E,,250.320000,E,,252.570000,E,,266.660000,E,,247.230000,E,
237,'704,Viet Nam,2909,'S2909,Sugar & Sweeteners,661,Food supply (kcal),million Kcal,5989742.350000,E,,6094523.790000,E,,6336297.130000,E,,6494840.880000,E,,6032002.280000,E,,6282808.280000,E,,6248405.370000,E,,5834086.010000,E,,6746022.800000,E,,6765692.620000,E,,8961316.340000,E,,9120624.330000,E,,9701902.320000,E,,9055850.110000,E,
237,'704,Viet Nam,2909,'S2909,Sugar & Sweeteners,674,Protein supply quantity (g/capita/day),g/cap/d,0.140000,E,,0.130000,E,,0.120000,E,,0.120000,E,,0.100000,E,,0.100000,E,,0.100000,E,,0.100000,E,,0.110000,E,,0.110000,E,,0.130000,E,,0.160000,E,,0.090000,E,,0.080000,E,
237,'704,Viet Nam,2909,'S2909,Sugar & Sweeteners,671,Protein supply quantity (t),t,4366.380000,E,,4303.200000,E,,4052.930000,E,,4057.920000,E,,3263.990000,E,,3475.640000,E,,3461.590000,E,,3308.160000,E,,3889.580000,E,,3959.210000,E,,4761.970000,E,,5650.540000,E,,3317.230000,E,,2935.530000,E,
237,'704,Viet Nam,2909,'S2909,Sugar & Sweeteners,684,Fat supply quantity (g/capita/day),g/cap/d,0.470000,E,,0.440000,E,,0.430000,E,,0.440000,E,,0.360000,E,,0.380000,E,,0.360000,E,,0.340000,E,,0.400000,E,,0.410000,E,,0.390000,E,,0.400000,E,,0.280000,E,,0.260000,E,
237,'704,Viet Nam,2909,'S2909,Sugar & Sweeteners,681,Fat supply quantity (t),t,14973.080000,E,,14290.800000,E,,14201.460000,E,,14476.260000,E,,11939.310000,E,,12710.700000,E,,12477.480000,E,,11949.900000,E,,14183.940000,E,,14519.440000,E,,13976.200000,E,,14333.820000,E,,10353.580000,E,,9483.640000,E,
237,'704,Viet Nam,2541,'S2541,Sugar non-centrifugal,5511,Production,1000 t,0.000000,I,,0.000000,I,,0.000000,I,,0.000000,I,,,,,,,,,,,,,,,,,,,,,,,,,,,,,,,
237,'704,Viet Nam,2541,'S2541,Sugar non-centrifugal,5301,Domestic supply quantity,1000 t,0.000000,I,,0.000000,I,,0.000000,I,,0.000000,I,,,,,,,,,,,,,,,,,,,,,,,,,,,,,,,
237,'704,Viet Nam,2541,'S2541,Sugar non-centrifugal,5170,Residuals,1000 t,0.000000,I,,0.000000,I,,0.000000,I,,0.000000,I,,,,,,,,,,,,,,,,,,,,,,,,,,,,,,,
237,'704,Viet Nam,2542,'S2542,Sugar (Raw Equivalent),5511,Production,1000 t,1423.000000,I,,1310.000000,I,,1634.000000,I,,1765.000000,I,,1871.000000,I,,1842.000000,I,,1695.000000,I,,1748.000000,I,,1903.000000,I,,1854.000000,I,,1711.000000,I,,1534.000000,I,,1675.000000,I,,1790.000000,I,
237,'704,Viet Nam,2542,'S2542,Sugar (Raw Equivalent),5611,Import quantity,1000 t,348.000000,I,,414.000000,I,,399.000000,I,,238.000000,I,,115.000000,I,,243.000000,I,,276.000000,I,,105.000000,I,,138.000000,I,,200.000000,I,,1590.000000,I,,1706.000000,I,,941.000000,I,,465.000000,I,
237,'704,Viet Nam,2542,'S2542,Sugar (Raw Equivalent),5072,Stock Variation,1000 t,142.000000,I,,69.000000,I,,296.000000,I,,64.000000,I,,34.000000,I,,148.000000,I,,103.000000,I,,80.000000,I,,5.000000,I,,45.000000,I,,568.000000,I,,507.000000,I,,-89.000000,I,,-283.000000,I,
237,'704,Viet Nam,2542,'S2542,Sugar (Raw Equivalent),5911,Export quantity,1000 t,19.000000,I,,24.000000,I,,26.000000,I,,33.000000,I,,205.000000,I,,121.000000,I,,54.000000,I,,84.000000,I,,83.000000,I,,52.000000,I,,42.000000,I,,36.000000,I,,62.000000,I,,125.000000,I,
237,'704,Viet Nam,2542,'S2542,Sugar (Raw Equivalent),5301,Domestic supply quantity,1000 t,1610.000000,I,,1631.000000,I,,1711.000000,I,,1906.000000,I,,1747.000000,I,,1816.000000,I,,1814.000000,I,,1689.000000,I,,1952.000000,I,,1957.000000,I,,2690.000000,I,,2697.000000,I,,2643.000000,I,,2412.000000,I,
237,'704,Viet Nam,2542,'S2542,Sugar (Raw Equivalent),5131,Processing,1000 t,18.000000,I,,18.000000,I,,19.000000,I,,21.000000,I,,20.000000,I,,21.000000,I,,21.000000,I,,20.000000,I,,22.000000,I,,23.000000,I,,174.000000,I,,177.000000,I,,147.000000,I,,135.000000,I,
237,'704,Viet Nam,2542,'S2542,Sugar (Raw Equivalent),5154,Other uses (non-food),1000 t,0.000000,I,,0.000000,I,,0.000000,I,,0.000000,I,,0.000000,I,,0.000000,I,,0.000000,I,,0.000000,I,,0.000000,I,,0.000000,I,,0.000000,I,,0.000000,I,,,,,,,
237,'704,Viet Nam,2542,'S2542,Sugar (Raw Equivalent),5170,Residuals,1000 t,0.000000,I,,0.000000,I,,0.000000,I,,0.000000,I,,0.000000,I,,0.000000,I,,0.000000,I,,0.000000,I,,0.000000,I,,0.000000,I,,0.000000,I,,0.000000,I,,0.000000,I,,0.000000,I,
237,'704,Viet Nam,2542,'S2542,Sugar (Raw Equivalent),5142,Food,1000 t,1592.000000,I,,1613.000000,I,,1692.000000,I,,1885.000000,I,,1728.000000,I,,1795.000000,I,,1793.000000,I,,1669.000000,I,,1930.000000,I,,1934.000000,I,,2516.000000,I,,2520.000000,I,,2496.000000,I,,2278.000000,I,
237,'704,Viet Nam,2542,'S2542,Sugar (Raw Equivalent),645,Food supply quantity (kg/capita/yr),kg/cap,18.210000,E,,18.230000,E,,18.900000,E,,20.810000,E,,18.840000,E,,19.340000,E,,19.070000,E,,17.540000,E,,20.060000,E,,19.910000,E,,25.650000,E,,25.470000,E,,25.040000,E,,22.700000,E,
237,'704,Viet Nam,2542,'S2542,Sugar (Raw Equivalent),664,Food supply (kcal/capita/day),kcal/cap/d,182.730000,E,,182.960000,E,,189.740000,E,,193.020000,E,,174.790000,E,,179.410000,E,,176.900000,E,,162.640000,E,,186.030000,E,,184.610000,E,,238.040000,E,,236.360000,E,,232.400000,E,,210.690000,E,
237,'704,Viet Nam,2542,'S2542,Sugar (Raw Equivalent),661,Food supply (kcal),million Kcal,5832830.380000,I,,5907927.960000,I,,6198980.290000,I,,6380931.770000,I,,5849092.450000,I,,6078527.070000,I,,6069446.750000,I,,5650052.720000,I,,6534685.400000,I,,6547677.570000,I,,8521531.590000,I,,8535315.090000,I,,8455677.570000,I,,7717189.680000,I,
237,'704,Viet Nam,2542,'S2542,Sugar (Raw Equivalent),674,Protein supply quantity (g/capita/day),g/cap/d,0.120000,E,,0.120000,E,,0.110000,E,,0.120000,E,,0.090000,E,,0.100000,E,,0.100000,E,,0.090000,E,,0.110000,E,,0.110000,E,,0.100000,E,,0.100000,E,,0.080000,E,,0.070000,E,
237,'704,Viet Nam,2542,'S2542,Sugar (Raw Equivalent),671,Protein supply quantity (t),t,3955.150000,I,,3774.930000,I,,3751.330000,I,,3823.920000,I,,3151.480000,I,,3355.420000,I,,3293.550000,I,,3154.620000,I,,3744.820000,I,,3833.330000,I,,3689.270000,I,,3783.170000,I,,2728.930000,I,,2499.250000,I,
237,'704,Viet Nam,2542,'S2542,Sugar (Raw Equivalent),684,Fat supply quantity (g/capita/day),g/cap/d,0.470000,E,,0.440000,E,,0.430000,E,,0.440000,E,,0.360000,E,,0.370000,E,,0.360000,E,,0.340000,E,,0.400000,E,,0.410000,E,,0.390000,E,,0.400000,E,,0.280000,E,,0.260000,E,
237,'704,Viet Nam,2542,'S2542,Sugar (Raw Equivalent),681,Fat supply quantity (t),t,14973.080000,I,,14290.800000,I,,14201.460000,I,,14476.260000,I,,11930.610000,I,,12702.640000,I,,12468.460000,I,,11942.480000,I,,14176.800000,I,,14511.880000,I,,13966.510000,I,,14322.000000,I,,10330.940000,I,,9461.460000,I,
237,'704,Viet Nam,2543,'S2543,"Sweeteners, Other",5511,Production,1000 t,393.000000,I,,514.000000,I,,588.000000,I,,681.000000,I,,685.000000,I,,629.000000,I,,559.000000,I,,574.000000,I,,578.000000,I,,545.000000,I,,674.000000,I,,559.000000,I,,546.000000,I,,550.000000,I,
237,'704,Viet Nam,2543,'S2543,"Sweeteners, Other",5611,Import quantity,1000 t,379.000000,I,,582.000000,I,,292.000000,I,,289.000000,I,,207.000000,I,,230.000000,I,,317.000000,I,,387.000000,I,,259.000000,I,,328.000000,I,,383.000000,I,,452.000000,I,,1298.000000,I,,938.000000,I,
237,'704,Viet Nam,2543,'S2543,"Sweeteners, Other",5072,Stock Variation,1000 t,0.000000,I,,0.000000,I,,0.000000,I,,22.000000,I,,2.000000,I,,2.000000,I,,2.000000,I,,1.000000,I,,2.000000,I,,3.000000,I,,11.000000,I,,12.000000,I,,75.000000,I,,57.000000,I,
237,'704,Viet Nam,2543,'S2543,"Sweeteners, Other",5911,Export quantity,1000 t,67.000000,I,,41.000000,I,,91.000000,I,,76.000000,I,,128.000000,I,,132.000000,I,,161.000000,I,,174.000000,I,,235.000000,I,,372.000000,I,,366.000000,I,,322.000000,I,,273.000000,I,,302.000000,I,
237,'704,Viet Nam,2543,'S2543,"Sweeteners, Other",5301,Domestic supply quantity,1000 t,705.000000,I,,1055.000000,I,,789.000000,I,,872.000000,I,,762.000000,I,,725.000000,I,,713.000000,I,,786.000000,I,,600.000000,I,,498.000000,I,,681.000000,I,,677.000000,I,,1496.000000,I,,1129.000000,I,
237,'704,Viet Nam,2543,'S2543,"Sweeteners, Other",5521,Feed,1000 t,410.000000,I,,674.000000,I,,469.000000,I,,553.000000,I,,524.000000,I,,488.000000,I,,497.000000,I,,566.000000,I,,395.000000,I,,293.000000,I,,373.000000,I,,336.000000,I,,593.000000,I,,343.000000,I,
237,'704,Viet Nam,2543,'S2543,"Sweeteners, Other",5154,Other uses (non-food),1000 t,113.000000,I,,186.000000,I,,130.000000,I,,152.000000,I,,144.000000,I,,135.000000,I,,137.000000,I,,156.000000,I,,109.000000,I,,80.000000,I,,102.000000,I,,92.000000,I,,162.000000,I,,94.000000,I,
237,'704,Viet Nam,2543,'S2543,"Sweeteners, Other",5170,Residuals,1000 t,0.000000,I,,0.000000,I,,0.000000,I,,0.000000,I,,0.000000,I,,0.000000,I,,0.000000,I,,0.000000,I,,0.000000,I,,0.000000,I,,0.000000,I,,0.000000,I,,0.000000,I,,0.000000,I,
237,'704,Viet Nam,2543,'S2543,"Sweeteners, Other",5142,Food,1000 t,182.000000,I,,195.000000,I,,190.000000,I,,167.000000,I,,94.000000,I,,103.000000,I,,78.000000,I,,64.000000,I,,96.000000,I,,125.000000,I,,206.000000,I,,249.000000,I,,741.000000,I,,693.000000,I,
237,'704,Viet Nam,2543,'S2543,"Sweeteners, Other",645,Food supply quantity (kg/capita/yr),kg/cap,2.080000,E,,2.200000,E,,2.130000,E,,1.840000,E,,1.020000,E,,1.110000,E,,0.830000,E,,0.670000,E,,1.000000,E,,1.290000,E,,2.100000,E,,2.520000,E,,7.430000,E,,6.900000,E,
237,'704,Viet Nam,2543,'S2543,"Sweeteners, Other",664,Food supply (kcal/capita/day),kcal/cap/d,4.920000,E,,5.780000,E,,4.200000,E,,3.450000,E,,5.470000,E,,6.030000,E,,5.220000,E,,4.990000,E,,5.540000,E,,6.150000,E,,12.280000,E,,16.210000,E,,34.250000,E,,36.550000,E,
237,'704,Viet Nam,2543,'S2543,"Sweeteners, Other",661,Food supply (kcal),million Kcal,156911.970000,I,,186595.830000,I,,137316.830000,I,,113909.110000,I,,182909.830000,I,,204281.210000,I,,178958.630000,I,,173493.430000,I,,194447.910000,I,,218015.050000,I,,439784.740000,I,,585309.240000,I,,1246224.760000,I,,1338660.430000,I,
237,'704,Viet Nam,2543,'S2543,"Sweeteners, Other",674,Protein supply quantity (g/capita/day),g/cap/d,0.010000,E,,0.020000,E,,0.010000,E,,0.010000,E,,0.000000,E,,0.000000,E,,0.000000,E,,0.000000,E,,0.000000,E,,0.000000,E,,0.030000,E,,0.050000,E,,0.020000,E,,0.010000,E,
237,'704,Viet Nam,2543,'S2543,"Sweeteners, Other",671,Protein supply quantity (t),t,411.230000,I,,528.270000,I,,301.600000,I,,234.000000,I,,112.510000,I,,120.220000,I,,168.040000,I,,143.900000,I,,129.310000,I,,125.880000,I,,1072.700000,I,,1867.370000,I,,588.310000,I,,436.280000,I,
237,'704,Viet Nam,2543,'S2543,"Sweeteners, Other",684,Fat supply quantity (g/capita/day),g/cap/d,0.000000,E,,0.000000,E,,0.000000,E,,0.000000,E,,0.000000,E,,0.000000,E,,0.000000,E,,0.000000,E,,0.000000,E,,0.000000,E,,0.000000,E,,0.000000,E,,0.000000,E,,0.000000,E,
237,'704,Viet Nam,2543,'S2543,"Sweeteners, Other",681,Fat supply quantity (t),t,0.000000,I,,0.000000,I,,0.000000,I,,0.000000,I,,8.710000,I,,8.060000,I,,9.030000,I,,7.430000,I,,7.140000,I,,7.570000,I,,9.690000,I,,11.820000,I,,22.640000,I,,22.180000,I,
237,'704,Viet Nam,2745,'S2745,Honey,5511,Production,1000 t,12.000000,I,,12.000000,I,,12.000000,I,,13.000000,I,,14.000000,I,,15.000000,I,,17.000000,I,,19.000000,I,,20.000000,I,,22.000000,I,,21.000000,I,,21.000000,I,,24.000000,I,,25.000000,I,
237,'704,Viet Nam,2745,'S2745,Honey,5611,Import quantity,1000 t,1.000000,I,,1.000000,I,,1.000000,I,,1.000000,I,,0.000000,I,,0.000000,I,,0.000000,I,,0.000000,I,,0.000000,I,,0.000000,I,,0.000000,I,,0.000000,I,,0.000000,I,,0.000000,I,
237,'704,Viet Nam,2745,'S2745,Honey,5072,Stock Variation,1000 t,0.000000,I,,0.000000,I,,0.000000,I,,0.000000,I,,0.000000,I,,0.000000,I,,0.000000,I,,1.000000,I,,0.000000,I,,5.000000,I,,-6.000000,I,,0.000000,I,,0.000000,I,,0.000000,I,
237,'704,Viet Nam,2745,'S2745,Honey,5911,Export quantity,1000 t,13.000000,I,,13.000000,I,,13.000000,I,,14.000000,I,,31.000000,I,,22.000000,I,,18.000000,I,,14.000000,I,,14.000000,I,,15.000000,I,,34.000000,I,,35.000000,I,,29.000000,I,,24.000000,I,
237,'704,Viet Nam,2745,'S2745,Honey,5301,Domestic supply quantity,1000 t,0.000000,I,,0.000000,I,,1.000000,I,,0.000000,I,,-17.000000,I,,-6.000000,I,,-1.000000,I,,4.000000,I,,6.000000,I,,1.000000,I,,-6.000000,I,,-14.000000,I,,-5.000000,I,,1.000000,I,
237,'704,Viet Nam,2745,'S2745,Honey,5123,Losses,1000 t,1.000000,I,,1.000000,I,,1.000000,I,,1.000000,I,,1.000000,I,,1.000000,I,,1.000000,I,,1.000000,I,,1.000000,I,,1.000000,I,,1.000000,I,,1.000000,I,,1.000000,I,,1.000000,I,
237,'704,Viet Nam,2745,'S2745,Honey,5170,Residuals,1000 t,-1.000000,I,,-1.000000,I,,0.000000,I,,0.000000,I,,-18.000000,I,,-7.000000,I,,-2.000000,I,,0.000000,I,,0.000000,I,,0.000000,I,,-8.000000,I,,-15.000000,I,,-6.000000,I,,0.000000,I,
237,'704,Viet Nam,2745,'S2745,Honey,5142,Food,1000 t,0.000000,I,,0.000000,I,,0.000000,I,,0.000000,I,,0.000000,I,,0.000000,I,,0.000000,I,,3.000000,I,,5.000000,I,,0.000000,I,,0.000000,I,,0.000000,I,,0.000000,I,,0.000000,I,
237,'704,Viet Nam,2745,'S2745,Honey,645,Food supply quantity (kg/capita/yr),kg/cap,0.000000,E,,0.000000,E,,0.000000,E,,0.000000,E,,0.000000,E,,0.000000,E,,0.000000,E,,0.030000,E,,0.050000,E,,0.000000,E,,0.000000,E,,0.000000,E,,0.000000,E,,0.000000,E,
237,'704,Viet Nam,2745,'S2745,Honey,664,Food supply (kcal/capita/day),kcal/cap/d,0.000000,E,,0.000000,E,,0.000000,E,,0.000000,E,,0.000000,E,,0.000000,E,,0.000000,E,,0.300000,E,,0.480000,E,,0.000000,E,,0.000000,E,,0.000000,E,,0.000000,E,,0.000000,E,
237,'704,Viet Nam,2745,'S2745,Honey,661,Food supply (kcal),million Kcal,0.000000,I,,0.000000,I,,0.000000,I,,0.000000,I,,0.000000,I,,0.000000,I,,0.000000,I,,10539.860000,I,,16889.490000,I,,0.000000,I,,0.000000,I,,0.000000,I,,0.000000,I,,0.000000,I,
237,'704,Viet Nam,2745,'S2745,Honey,674,Protein supply quantity (g/capita/day),g/cap/d,0.000000,E,,0.000000,E,,0.000000,E,,0.000000,E,,0.000000,E,,0.000000,E,,0.000000,E,,0.000000,E,,0.000000,E,,0.000000,E,,0.000000,E,,0.000000,E,,0.000000,E,,0.000000,E,
237,'704,Viet Nam,2745,'S2745,Honey,671,Protein supply quantity (t),t,0.000000,I,,0.000000,I,,0.000000,I,,0.000000,I,,0.000000,I,,0.000000,I,,0.000000,I,,9.640000,I,,15.450000,I,,0.000000,I,,0.000000,I,,0.000000,I,,0.000000,I,,0.000000,I,
237,'704,Viet Nam,2745,'S2745,Honey,684,Fat supply quantity (g/capita/day),g/cap/d,0.000000,E,,0.000000,E,,0.000000,E,,0.000000,E,,0.000000,E,,0.000000,E,,0.000000,E,,0.000000,E,,0.000000,E,,0.000000,E,,0.000000,E,,0.000000,E,,0.000000,E,,0.000000,E,
237,'704,Viet Nam,2745,'S2745,Honey,681,Fat supply quantity (t),t,0.000000,I,,0.000000,I,,0.000000,I,,0.000000,I,,0.000000,I,,0.000000,I,,0.000000,I,,0.000000,I,,0.000000,I,,0.000000,I,,0.000000,I,,0.000000,I,,0.000000,I,,0.000000,I,
237,'704,Viet Nam,2911,'S2911,Pulses,5511,Production,1000 t,306.000000,E,,313.000000,E,,305.000000,E,,302.000000,E,,301.000000,E,,313.000000,E,,296.000000,E,,314.000000,E,,335.000000,E,,307.000000,E,,299.000000,E,,295.000000,E,,290.000000,E,,286.000000,E,
237,'704,Viet Nam,2911,'S2911,Pulses,5611,Import quantity,1000 t,0.000000,E,,0.000000,E,,0.000000,E,,0.000000,E,,48.000000,E,,33.000000,E,,39.000000,E,,42.000000,E,,47.000000,E,,70.000000,E,,86.000000,E,,123.000000,E,,186.000000,E,,216.000000,E,
237,'704,Viet Nam,2911,'S2911,Pulses,5072,Stock Variation,1000 t,22.000000,E,,20.000000,E,,-11.000000,E,,-5.000000,E,,-1.000000,E,,-1.000000,E,,-1.000000,E,,-2.000000,E,,5.000000,E,,12.000000,E,,8.000000,E,,6.000000,E,,-1.000000,E,,2.000000,E,
237,'704,Viet Nam,2911,'S2911,Pulses,5911,Export quantity,1000 t,5.000000,E,,3.000000,E,,2.000000,E,,1.000000,E,,20.000000,E,,17.000000,E,,11.000000,E,,16.000000,E,,10.000000,E,,3.000000,E,,11.000000,E,,6.000000,E,,64.000000,E,,11.000000,E,
237,'704,Viet Nam,2911,'S2911,Pulses,5301,Domestic supply quantity,1000 t,279.000000,E,,290.000000,E,,314.000000,E,,306.000000,E,,330.000000,E,,331.000000,E,,325.000000,E,,342.000000,E,,367.000000,E,,362.000000,E,,366.000000,E,,405.000000,E,,414.000000,E,,489.000000,E,
237,'704,Viet Nam,2911,'S2911,Pulses,5521,Feed,1000 t,25.000000,E,,26.000000,E,,42.000000,E,,25.000000,E,,36.000000,E,,36.000000,E,,35.000000,E,,34.000000,E,,38.000000,E,,34.000000,E,,34.000000,E,,22.000000,E,,38.000000,E,,44.000000,E,
237,'704,Viet Nam,2911,'S2911,Pulses,5527,Seed,1000 t,9.000000,E,,9.000000,E,,9.000000,E,,9.000000,E,,9.000000,E,,9.000000,E,,9.000000,E,,9.000000,E,,10.000000,E,,9.000000,E,,9.000000,E,,8.000000,E,,8.000000,E,,8.000000,E,
237,'704,Viet Nam,2911,'S2911,Pulses,5123,Losses,1000 t,14.000000,E,,15.000000,E,,14.000000,E,,14.000000,E,,14.000000,E,,15.000000,E,,14.000000,E,,15.000000,E,,16.000000,E,,15.000000,E,,16.000000,E,,17.000000,E,,19.000000,E,,19.000000,E,
237,'704,Viet Nam,2911,'S2911,Pulses,5131,Processing,1000 t,0.000000,E,,0.000000,E,,0.000000,E,,0.000000,E,,,,,,,,,,,,,,,,,,,,,,,,,,,,,,,
237,'704,Viet Nam,2911,'S2911,Pulses,5170,Residuals,1000 t,0.000000,E,,0.000000,E,,0.000000,E,,0.000000,E,,0.000000,E,,-4.000000,E,,-1.000000,E,,-1.000000,E,,-1.000000,E,,-1.000000,E,,-1.000000,E,,0.000000,E,,-56.000000,E,,-3.000000,E,
237,'704,Viet Nam,2911,'S2911,Pulses,5142,Food,1000 t,231.000000,E,,240.000000,E,,249.000000,E,,258.000000,E,,271.000000,E,,275.000000,E,,268.000000,E,,285.000000,E,,305.000000,E,,304.000000,E,,309.000000,E,,357.000000,E,,404.000000,E,,420.000000,E,
237,'704,Viet Nam,2911,'S2911,Pulses,645,Food supply quantity (kg/capita/yr),kg/cap,2.640000,E,,2.720000,E,,2.780000,E,,2.850000,E,,2.960000,E,,2.960000,E,,2.850000,E,,2.990000,E,,3.160000,E,,3.130000,E,,3.150000,E,,3.610000,E,,4.060000,E,,4.190000,E,
237,'704,Viet Nam,2911,'S2911,Pulses,664,Food supply (kcal/capita/day),kcal/cap/d,23.480000,E,,24.180000,E,,24.760000,E,,25.370000,E,,26.300000,E,,26.370000,E,,25.460000,E,,26.660000,E,,28.150000,E,,27.780000,E,,27.910000,E,,32.040000,E,,35.970000,E,,37.090000,E,
237,'704,Viet Nam,2911,'S2911,Pulses,661,Food supply (kcal),million Kcal,749605.110000,E,,780878.910000,E,,808819.740000,E,,838651.670000,E,,879917.060000,E,,893436.850000,E,,873451.120000,E,,925991.830000,E,,988930.440000,E,,985170.210000,E,,999014.660000,E,,1157040.140000,E,,1308583.980000,E,,1358713.970000,E,
237,'704,Viet Nam,2911,'S2911,Pulses,674,Protein supply quantity (g/capita/day),g/cap/d,1.670000,E,,1.720000,E,,1.760000,E,,1.810000,E,,1.870000,E,,1.880000,E,,1.820000,E,,1.900000,E,,2.010000,E,,1.970000,E,,1.980000,E,,2.270000,E,,2.550000,E,,2.630000,E,
237,'704,Viet Nam,2911,'S2911,Pulses,671,Protein supply quantity (t),t,53407.180000,E,,55635.350000,E,,57626.050000,E,,59751.490000,E,,62671.940000,E,,63710.360000,E,,62464.750000,E,,66169.530000,E,,70437.220000,E,,69898.760000,E,,70804.060000,E,,82082.760000,E,,92888.420000,E,,96346.340000,E,
237,'704,Viet Nam,2911,'S2911,Pulses,684,Fat supply quantity (g/capita/day),g/cap/d,0.220000,E,,0.230000,E,,0.230000,E,,0.240000,E,,0.250000,E,,0.250000,E,,0.250000,E,,0.260000,E,,0.260000,E,,0.250000,E,,0.250000,E,,0.290000,E,,0.320000,E,,0.320000,E,
237,'704,Viet Nam,2911,'S2911,Pulses,681,Fat supply quantity (t),t,7047.350000,E,,7341.370000,E,,7604.050000,E,,7884.520000,E,,8248.870000,E,,8479.460000,E,,8543.920000,E,,8984.230000,E,,9237.260000,E,,8786.640000,E,,8809.180000,E,,10319.800000,E,,11570.840000,E,,11773.650000,E,
237,'704,Viet Nam,2546,'S2546,Beans,5511,Production,1000 t,187.000000,I,,188.000000,I,,175.000000,I,,169.000000,I,,164.000000,I,,171.000000,I,,149.000000,I,,163.000000,I,,179.000000,I,,168.000000,I,,161.000000,I,,153.000000,I,,150.000000,I,,145.000000,I,
237,'704,Viet Nam,2546,'S2546,Beans,5611,Import quantity,1000 t,,,,,,,,,,,,,47.000000,I,,32.000000,I,,32.000000,I,,40.000000,I,,44.000000,I,,66.000000,I,,81.000000,I,,118.000000,I,,156.000000,I,,177.000000,I,
237,'704,Viet Nam,2546,'S2546,Beans,5072,Stock Variation,1000 t,16.000000,I,,14.000000,I,,-18.000000,I,,-11.000000,I,,-4.000000,I,,-5.000000,I,,-4.000000,I,,-4.000000,I,,-4.000000,I,,5.000000,I,,1.000000,I,,17.000000,I,,13.000000,I,,15.000000,I,
237,'704,Viet Nam,2546,'S2546,Beans,5911,Export quantity,1000 t,5.000000,I,,2.000000,I,,1.000000,I,,1.000000,I,,20.000000,I,,13.000000,I,,9.000000,I,,14.000000,I,,8.000000,I,,2.000000,I,,9.000000,I,,5.000000,I,,7.000000,I,,6.000000,I,
237,'704,Viet Nam,2546,'S2546,Beans,5301,Domestic supply quantity,1000 t,166.000000,I,,172.000000,I,,191.000000,I,,179.000000,I,,196.000000,I,,195.000000,I,,176.000000,I,,193.000000,I,,220.000000,I,,226.000000,I,,233.000000,I,,249.000000,I,,286.000000,I,,300.000000,I,
237,'704,Viet Nam,2546,'S2546,Beans,5521,Feed,1000 t,23.000000,I,,24.000000,I,,39.000000,I,,23.000000,I,,32.000000,I,,31.000000,I,,29.000000,I,,31.000000,I,,36.000000,I,,30.000000,I,,30.000000,I,,19.000000,I,,27.000000,I,,27.000000,I,
237,'704,Viet Nam,2546,'S2546,Beans,5527,Seed,1000 t,5.000000,I,,5.000000,I,,4.000000,I,,4.000000,I,,4.000000,I,,4.000000,I,,4.000000,I,,4.000000,I,,5.000000,I,,4.000000,I,,4.000000,I,,4.000000,I,,4.000000,I,,4.000000,I,
237,'704,Viet Nam,2546,'S2546,Beans,5123,Losses,1000 t,9.000000,I,,9.000000,I,,8.000000,I,,8.000000,I,,8.000000,I,,8.000000,I,,7.000000,I,,8.000000,I,,8.000000,I,,9.000000,I,,9.000000,I,,10.000000,I,,12.000000,I,,12.000000,I,
237,'704,Viet Nam,2546,'S2546,Beans,5131,Processing,1000 t,0.000000,I,,0.000000,I,,0.000000,I,,0.000000,I,,,,,,,,,,,,,,,,,,,,,,,,,,,,,,,
237,'704,Viet Nam,2546,'S2546,Beans,5170,Residuals,1000 t,0.000000,I,,0.000000,I,,0.000000,I,,0.000000,I,,0.000000,I,,0.000000,I,,0.000000,I,,0.000000,I,,0.000000,I,,0.000000,I,,0.000000,I,,0.000000,I,,0.000000,I,,0.000000,I,
237,'704,Viet Nam,2546,'S2546,Beans,5142,Food,1000 t,129.000000,I,,135.000000,I,,139.000000,I,,144.000000,I,,152.000000,I,,151.000000,I,,137.000000,I,,150.000000,I,,171.000000,I,,184.000000,I,,190.000000,I,,216.000000,I,,244.000000,I,,257.000000,I,
237,'704,Viet Nam,2546,'S2546,Beans,645,Food supply quantity (kg/capita/yr),kg/cap,1.480000,E,,1.520000,E,,1.560000,E,,1.590000,E,,1.660000,E,,1.620000,E,,1.460000,E,,1.570000,E,,1.780000,E,,1.890000,E,,1.940000,E,,2.190000,E,,2.440000,E,,2.560000,E,
237,'704,Viet Nam,2546,'S2546,Beans,664,Food supply (kcal/capita/day),kcal/cap/d,12.780000,E,,13.160000,E,,13.480000,E,,13.810000,E,,14.360000,E,,14.070000,E,,12.620000,E,,13.610000,E,,15.420000,E,,16.380000,E,,16.750000,E,,18.940000,E,,21.160000,E,,22.210000,E,
237,'704,Viet Nam,2546,'S2546,Beans,661,Food supply (kcal),million Kcal,408022.280000,I,,425045.120000,I,,440253.770000,I,,456491.770000,I,,480490.340000,I,,476581.750000,I,,433002.160000,I,,472940.020000,I,,541596.450000,I,,581149.400000,I,,599743.960000,I,,683836.800000,I,,769696.860000,I,,813388.040000,I,
237,'704,Viet Nam,2546,'S2546,Beans,674,Protein supply quantity (g/capita/day),g/cap/d,0.870000,E,,0.900000,E,,0.920000,E,,0.940000,E,,0.980000,E,,0.960000,E,,0.860000,E,,0.930000,E,,1.050000,E,,1.120000,E,,1.150000,E,,1.290000,E,,1.450000,E,,1.520000,E,
237,'704,Viet Nam,2546,'S2546,Beans,671,Protein supply quantity (t),t,27890.130000,I,,29053.720000,I,,30093.300000,I,,31203.240000,I,,32843.640000,I,,32576.470000,I,,29597.620000,I,,32327.550000,I,,37020.520000,I,,39724.140000,I,,40995.160000,I,,46743.280000,I,,52612.190000,I,,55598.680000,I,
237,'704,Viet Nam,2546,'S2546,Beans,684,Fat supply quantity (g/capita/day),g/cap/d,0.060000,E,,0.070000,E,,0.070000,E,,0.070000,E,,0.070000,E,,0.070000,E,,0.060000,E,,0.070000,E,,0.080000,E,,0.080000,E,,0.080000,E,,0.100000,E,,0.110000,E,,0.110000,E,
237,'704,Viet Nam,2546,'S2546,Beans,681,Fat supply quantity (t),t,2065.940000,I,,2152.130000,I,,2229.130000,I,,2311.350000,I,,2432.860000,I,,2413.070000,I,,2192.420000,I,,2394.630000,I,,2742.260000,I,,2942.530000,I,,3036.680000,I,,3462.460000,I,,3897.200000,I,,4118.420000,I,
237,'704,Viet Nam,2547,'S2547,Peas,5611,Import quantity,1000 t,,,,,,,,,,,,,1.000000,I,,1.000000,I,,1.000000,I,,1.000000,I,,1.000000,I,,1.000000,I,,2.000000,I,,1.000000,I,,3.000000,I,,7.000000,I,
237,'704,Viet Nam,2547,'S2547,Peas,5911,Export quantity,1000 t,,,,,,,,,,,,,0.000000,I,,0.000000,I,,0.000000,I,,0.000000,I,,0.000000,I,,0.000000,I,,0.000000,I,,0.000000,I,,0.000000,I,,1.000000,I,
237,'704,Viet Nam,2547,'S2547,Peas,5301,Domestic supply quantity,1000 t,,,,,,,,,,,,,1.000000,I,,1.000000,I,,1.000000,I,,1.000000,I,,1.000000,I,,1.000000,I,,2.000000,I,,1.000000,I,,3.000000,I,,6.000000,I,
237,'704,Viet Nam,2547,'S2547,Peas,5521,Feed,1000 t,,,,,,,,,,,,,0.000000,I,,0.000000,I,,1.000000,I,,0.000000,I,,0.000000,I,,1.000000,I,,1.000000,I,,1.000000,I,,2.000000,I,,3.000000,I,
237,'704,Viet Nam,2547,'S2547,Peas,5170,Residuals,1000 t,,,,,,,,,,,,,0.000000,I,,0.000000,I,,0.000000,I,,0.000000,I,,0.000000,I,,0.000000,I,,0.000000,I,,0.000000,I,,0.000000,I,,0.000000,I,
237,'704,Viet Nam,2547,'S2547,Peas,5142,Food,1000 t,,,,,,,,,,,,,0.000000,I,,0.000000,I,,0.000000,I,,0.000000,I,,0.000000,I,,1.000000,I,,1.000000,I,,1.000000,I,,1.000000,I,,2.000000,I,
237,'704,Viet Nam,2547,'S2547,Peas,645,Food supply quantity (kg/capita/yr),kg/cap,,,,,,,,,,,,,0.000000,E,,0.000000,E,,0.010000,E,,0.000000,E,,0.000000,E,,0.010000,E,,0.010000,E,,0.010000,E,,0.010000,E,,0.020000,E,
237,'704,Viet Nam,2547,'S2547,Peas,664,Food supply (kcal/capita/day),kcal/cap/d,,,,,,,,,,,,,0.020000,E,,0.030000,E,,0.050000,E,,0.020000,E,,0.030000,E,,0.050000,E,,0.060000,E,,0.050000,E,,0.100000,E,,0.220000,E,
237,'704,Viet Nam,2547,'S2547,Peas,661,Food supply (kcal),million Kcal,,,,,,,,,,,,,835.280000,I,,1049.300000,I,,1568.800000,I,,820.230000,I,,1111.150000,I,,1700.500000,I,,2248.700000,I,,1894.240000,I,,3556.670000,I,,8060.310000,I,
237,'704,Viet Nam,2547,'S2547,Peas,674,Protein supply quantity (g/capita/day),g/cap/d,,,,,,,,,,,,,0.000000,E,,0.000000,E,,0.000000,E,,0.000000,E,,0.000000,E,,0.000000,E,,0.000000,E,,0.000000,E,,0.010000,E,,0.020000,E,
237,'704,Viet Nam,2547,'S2547,Peas,671,Protein supply quantity (t),t,,,,,,,,,,,,,57.410000,I,,72.120000,I,,107.820000,I,,56.370000,I,,76.370000,I,,116.880000,I,,154.550000,I,,130.190000,I,,244.450000,I,,553.990000,I,
237,'704,Viet Nam,2547,'S2547,Peas,684,Fat supply quantity (g/capita/day),g/cap/d,,,,,,,,,,,,,0.000000,E,,0.000000,E,,0.000000,E,,0.000000,E,,0.000000,E,,0.000000,E,,0.000000,E,,0.000000,E,,0.000000,E,,0.000000,E,
237,'704,Viet Nam,2547,'S2547,Peas,681,Fat supply quantity (t),t,,,,,,,,,,,,,4.650000,I,,5.850000,I,,8.740000,I,,4.570000,I,,6.190000,I,,9.480000,I,,12.530000,I,,10.560000,I,,19.820000,I,,44.920000,I,
237,'704,Viet Nam,2549,'S2549,"Pulses, Other and products",5511,Production,1000 t,120.000000,I,,125.000000,I,,130.000000,I,,134.000000,I,,137.000000,I,,142.000000,I,,147.000000,I,,151.000000,I,,156.000000,I,,139.000000,I,,138.000000,I,,142.000000,I,,140.000000,I,,141.000000,I,
237,'704,Viet Nam,2549,'S2549,"Pulses, Other and products",5611,Import quantity,1000 t,0.000000,I,,0.000000,I,,0.000000,I,,0.000000,I,,0.000000,I,,0.000000,I,,6.000000,I,,1.000000,I,,2.000000,I,,3.000000,I,,3.000000,I,,3.000000,I,,28.000000,I,,31.000000,I,
237,'704,Viet Nam,2549,'S2549,"Pulses, Other and products",5072,Stock Variation,1000 t,7.000000,I,,6.000000,I,,7.000000,I,,6.000000,I,,3.000000,I,,3.000000,I,,3.000000,I,,2.000000,I,,9.000000,I,,7.000000,I,,7.000000,I,,-11.000000,I,,-14.000000,I,,-14.000000,I,
237,'704,Viet Nam,2549,'S2549,"Pulses, Other and products",5911,Export quantity,1000 t,0.000000,I,,1.000000,I,,1.000000,I,,1.000000,I,,0.000000,I,,4.000000,I,,2.000000,I,,1.000000,I,,2.000000,I,,1.000000,I,,2.000000,I,,1.000000,I,,57.000000,I,,3.000000,I,
237,'704,Viet Nam,2549,'S2549,"Pulses, Other and products",5301,Domestic supply quantity,1000 t,114.000000,I,,118.000000,I,,123.000000,I,,127.000000,I,,134.000000,I,,135.000000,I,,148.000000,I,,149.000000,I,,146.000000,I,,134.000000,I,,132.000000,I,,154.000000,I,,125.000000,I,,182.000000,I,
237,'704,Viet Nam,2549,'S2549,"Pulses, Other and products",5521,Feed,1000 t,2.000000,I,,2.000000,I,,2.000000,I,,2.000000,I,,4.000000,I,,4.000000,I,,6.000000,I,,3.000000,I,,2.000000,I,,4.000000,I,,3.000000,I,,3.000000,I,,10.000000,I,,13.000000,I,
237,'704,Viet Nam,2549,'S2549,"Pulses, Other and products",5527,Seed,1000 t,4.000000,I,,4.000000,I,,4.000000,I,,4.000000,I,,5.000000,I,,5.000000,I,,5.000000,I,,5.000000,I,,5.000000,I,,5.000000,I,,5.000000,I,,5.000000,I,,5.000000,I,,5.000000,I,
237,'704,Viet Nam,2549,'S2549,"Pulses, Other and products",5123,Losses,1000 t,6.000000,I,,6.000000,I,,6.000000,I,,6.000000,I,,6.000000,I,,7.000000,I,,7.000000,I,,7.000000,I,,7.000000,I,,7.000000,I,,7.000000,I,,7.000000,I,,7.000000,I,,7.000000,I,
237,'704,Viet Nam,2549,'S2549,"Pulses, Other and products",5170,Residuals,1000 t,0.000000,I,,0.000000,I,,0.000000,I,,0.000000,I,,0.000000,I,,-4.000000,I,,-1.000000,I,,-1.000000,I,,-1.000000,I,,-1.000000,I,,-1.000000,I,,0.000000,I,,-56.000000,I,,-3.000000,I,
237,'704,Viet Nam,2549,'S2549,"Pulses, Other and products",5142,Food,1000 t,102.000000,I,,106.000000,I,,110.000000,I,,114.000000,I,,119.000000,I,,124.000000,I,,131.000000,I,,135.000000,I,,133.000000,I,,120.000000,I,,118.000000,I,,140.000000,I,,160.000000,I,,160.000000,I,
237,'704,Viet Nam,2549,'S2549,"Pulses, Other and products",645,Food supply quantity (kg/capita/yr),kg/cap,1.160000,E,,1.200000,E,,1.230000,E,,1.260000,E,,1.290000,E,,1.330000,E,,1.390000,E,,1.410000,E,,1.380000,E,,1.230000,E,,1.210000,E,,1.420000,E,,1.600000,E,,1.600000,E,
237,'704,Viet Nam,2549,'S2549,"Pulses, Other and products",664,Food supply (kcal/capita/day),kcal/cap/d,10.700000,E,,11.020000,E,,11.280000,E,,11.560000,E,,11.910000,E,,12.270000,E,,12.790000,E,,13.020000,E,,12.700000,E,,11.340000,E,,11.090000,E,,13.050000,E,,14.710000,E,,14.670000,E,
237,'704,Viet Nam,2549,'S2549,"Pulses, Other and products",661,Food supply (kcal),million Kcal,341582.830000,I,,355833.790000,I,,368565.970000,I,,382159.890000,I,,398591.440000,I,,415805.810000,I,,438880.160000,I,,452231.580000,I,,446222.840000,I,,402320.320000,I,,397021.990000,I,,471309.100000,I,,535330.450000,I,,537265.620000,I,
237,'704,Viet Nam,2549,'S2549,"Pulses, Other and products",674,Protein supply quantity (g/capita/day),g/cap/d,0.800000,E,,0.820000,E,,0.840000,E,,0.860000,E,,0.890000,E,,0.920000,E,,0.950000,E,,0.970000,E,,0.950000,E,,0.850000,E,,0.830000,E,,0.980000,E,,1.100000,E,,1.100000,E,
237,'704,Viet Nam,2549,'S2549,"Pulses, Other and products",671,Protein supply quantity (t),t,25517.050000,I,,26581.630000,I,,27532.760000,I,,28548.250000,I,,29770.890000,I,,31061.770000,I,,32759.310000,I,,33785.610000,I,,33340.330000,I,,30057.750000,I,,29654.350000,I,,35209.290000,I,,40031.770000,I,,40193.680000,I,
237,'704,Viet Nam,2549,'S2549,"Pulses, Other and products",684,Fat supply quantity (g/capita/day),g/cap/d,0.160000,E,,0.160000,E,,0.160000,E,,0.170000,E,,0.170000,E,,0.180000,E,,0.180000,E,,0.190000,E,,0.180000,E,,0.160000,E,,0.160000,E,,0.190000,E,,0.210000,E,,0.210000,E,
237,'704,Viet Nam,2549,'S2549,"Pulses, Other and products",681,Fat supply quantity (t),t,4981.420000,I,,5189.240000,I,,5374.920000,I,,5573.170000,I,,5811.360000,I,,6060.540000,I,,6342.760000,I,,6585.020000,I,,6488.810000,I,,5834.640000,I,,5759.970000,I,,6846.780000,I,,7653.820000,I,,7610.310000,I,
237,'704,Viet Nam,2912,'S2912,Treenuts,5511,Production,1000 t,328.000000,E,,337.000000,E,,331.000000,E,,294.000000,E,,264.000000,E,,369.000000,E,,323.000000,E,,238.000000,E,,321.000000,E,,342.000000,E,,411.000000,E,,498.000000,E,,460.000000,E,,493.000000,E,
237,'704,Viet Nam,2912,'S2912,Treenuts,5611,Import quantity,1000 t,274.000000,E,,216.000000,E,,381.000000,E,,375.000000,E,,594.000000,E,,913.000000,E,,1060.000000,E,,1326.000000,E,,1952.000000,E,,1423.000000,E,,1373.000000,E,,2687.000000,E,,1931.000000,E,,2280.000000,E,
237,'704,Viet Nam,2912,'S2912,Treenuts,5072,Stock Variation,1000 t,-8.000000,E,,-9.000000,E,,-7.000000,E,,-2.000000,E,,-263.000000,E,,-2.000000,E,,2.000000,E,,10.000000,E,,350.000000,E,,5.000000,E,,5.000000,E,,421.000000,E,,-122.000000,E,,153.000000,E,
237,'704,Viet Nam,2912,'S2912,Treenuts,5911,Export quantity,1000 t,650.000000,E,,596.000000,E,,740.000000,E,,873.000000,E,,993.000000,E,,1081.000000,E,,1140.000000,E,,1166.000000,E,,1019.000000,E,,1432.000000,E,,1622.000000,E,,1792.000000,E,,1549.000000,E,,1637.000000,E,
237,'704,Viet Nam,2912,'S2912,Treenuts,5301,Domestic supply quantity,1000 t,-40.000000,E,,-34.000000,E,,-21.000000,E,,-203.000000,E,,128.000000,E,,203.000000,E,,241.000000,E,,388.000000,E,,904.000000,E,,328.000000,E,,157.000000,E,,972.000000,E,,964.000000,E,,984.000000,E,
237,'704,Viet Nam,2912,'S2912,Treenuts,5123,Losses,1000 t,16.000000,E,,16.000000,E,,16.000000,E,,14.000000,E,,13.000000,E,,18.000000,E,,16.000000,E,,11.000000,E,,14.000000,E,,17.000000,E,,17.000000,E,,13.000000,E,,20.000000,E,,13.000000,E,
237,'704,Viet Nam,2912,'S2912,Treenuts,5170,Residuals,1000 t,-90.000000,E,,-89.000000,E,,-83.000000,E,,-245.000000,E,,-3.000000,E,,-5.000000,E,,-7.000000,E,,-12.000000,E,,-7.000000,E,,-2.000000,E,,-3.000000,E,,-2.000000,E,,-1.000000,E,,0.000000,E,
237,'704,Viet Nam,2912,'S2912,Treenuts,5142,Food,1000 t,34.000000,E,,39.000000,E,,46.000000,E,,28.000000,E,,118.000000,E,,190.000000,E,,232.000000,E,,389.000000,E,,897.000000,E,,312.000000,E,,142.000000,E,,961.000000,E,,945.000000,E,,971.000000,E,
237,'704,Viet Nam,2912,'S2912,Treenuts,645,Food supply quantity (kg/capita/yr),kg/cap,0.390000,E,,0.440000,E,,0.520000,E,,0.310000,E,,1.290000,E,,2.050000,E,,2.470000,E,,4.090000,E,,9.330000,E,,3.210000,E,,1.450000,E,,9.720000,E,,9.480000,E,,9.670000,E,
237,'704,Viet Nam,2912,'S2912,Treenuts,664,Food supply (kcal/capita/day),kcal/cap/d,4.370000,E,,4.860000,E,,5.670000,E,,3.840000,E,,6.880000,E,,10.350000,E,,12.470000,E,,20.710000,E,,47.020000,E,,17.920000,E,,8.610000,E,,51.380000,E,,50.220000,E,,53.630000,E,
237,'704,Viet Nam,2912,'S2912,Treenuts,661,Food supply (kcal),million Kcal,139584.670000,E,,156940.370000,E,,185166.400000,E,,127090.610000,E,,230376.420000,E,,350606.430000,E,,427771.960000,E,,719316.040000,E,,1651796.250000,E,,635652.670000,E,,308220.830000,E,,1855291.800000,E,,1827152.960000,E,,1964344.870000,E,
237,'704,Viet Nam,2912,'S2912,Treenuts,674,Protein supply quantity (g/capita/day),g/cap/d,0.090000,E,,0.100000,E,,0.120000,E,,0.080000,E,,0.190000,E,,0.300000,E,,0.360000,E,,0.600000,E,,1.370000,E,,0.510000,E,,0.250000,E,,1.490000,E,,1.450000,E,,1.550000,E,
237,'704,Viet Nam,2912,'S2912,Treenuts,671,Protein supply quantity (t),t,2919.920000,E,,3261.170000,E,,3820.360000,E,,2784.750000,E,,6450.260000,E,,10021.550000,E,,12234.360000,E,,20716.280000,E,,47990.310000,E,,18099.010000,E,,8808.930000,E,,53644.210000,E,,52645.490000,E,,56773.040000,E,
237,'704,Viet Nam,2912,'S2912,Treenuts,684,Fat supply quantity (g/capita/day),g/cap/d,0.410000,E,,0.450000,E,,0.530000,E,,0.350000,E,,0.550000,E,,0.820000,E,,0.990000,E,,1.640000,E,,3.720000,E,,1.450000,E,,0.710000,E,,4.090000,E,,4.000000,E,,4.280000,E,
237,'704,Viet Nam,2912,'S2912,Treenuts,681,Fat supply quantity (t),t,12955.960000,E,,14591.660000,E,,17247.080000,E,,11652.830000,E,,18531.040000,E,,27834.760000,E,,33934.130000,E,,56970.130000,E,,130499.830000,E,,51469.260000,E,,25513.180000,E,,147856.580000,E,,145685.820000,E,,156708.820000,E,
237,'704,Viet Nam,2551,'S2551,Nuts and products,5511,Production,1000 t,328.000000,I,,337.000000,I,,331.000000,I,,294.000000,I,,264.000000,I,,369.000000,I,,323.000000,I,,238.000000,I,,321.000000,I,,342.000000,I,,411.000000,I,,498.000000,I,,460.000000,I,,493.000000,I,
237,'704,Viet Nam,2551,'S2551,Nuts and products,5611,Import quantity,1000 t,274.000000,I,,216.000000,I,,381.000000,I,,375.000000,I,,594.000000,I,,913.000000,I,,1060.000000,I,,1326.000000,I,,1952.000000,I,,1423.000000,I,,1373.000000,I,,2687.000000,I,,1931.000000,I,,2280.000000,I,
237,'704,Viet Nam,2551,'S2551,Nuts and products,5072,Stock Variation,1000 t,-8.000000,I,,-9.000000,I,,-7.000000,I,,-2.000000,I,,-263.000000,I,,-2.000000,I,,2.000000,I,,10.000000,I,,350.000000,I,,5.000000,I,,5.000000,I,,421.000000,I,,-122.000000,I,,153.000000,I,
237,'704,Viet Nam,2551,'S2551,Nuts and products,5911,Export quantity,1000 t,650.000000,I,,596.000000,I,,740.000000,I,,873.000000,I,,993.000000,I,,1081.000000,I,,1140.000000,I,,1166.000000,I,,1019.000000,I,,1432.000000,I,,1622.000000,I,,1792.000000,I,,1549.000000,I,,1637.000000,I,
237,'704,Viet Nam,2551,'S2551,Nuts and products,5301,Domestic supply quantity,1000 t,-40.000000,I,,-34.000000,I,,-21.000000,I,,-203.000000,I,,128.000000,I,,203.000000,I,,241.000000,I,,388.000000,I,,904.000000,I,,328.000000,I,,157.000000,I,,972.000000,I,,964.000000,I,,984.000000,I,
237,'704,Viet Nam,2551,'S2551,Nuts and products,5123,Losses,1000 t,16.000000,I,,16.000000,I,,16.000000,I,,14.000000,I,,13.000000,I,,18.000000,I,,16.000000,I,,11.000000,I,,14.000000,I,,17.000000,I,,17.000000,I,,13.000000,I,,20.000000,I,,13.000000,I,
237,'704,Viet Nam,2551,'S2551,Nuts and products,5170,Residuals,1000 t,-90.000000,I,,-89.000000,I,,-83.000000,I,,-245.000000,I,,-3.000000,I,,-5.000000,I,,-7.000000,I,,-12.000000,I,,-7.000000,I,,-2.000000,I,,-3.000000,I,,-2.000000,I,,-1.000000,I,,0.000000,I,
237,'704,Viet Nam,2551,'S2551,Nuts and products,5142,Food,1000 t,34.000000,I,,39.000000,I,,46.000000,I,,28.000000,I,,118.000000,I,,190.000000,I,,232.000000,I,,389.000000,I,,897.000000,I,,312.000000,I,,142.000000,I,,961.000000,I,,945.000000,I,,971.000000,I,
237,'704,Viet Nam,2551,'S2551,Nuts and products,645,Food supply quantity (kg/capita/yr),kg/cap,0.390000,E,,0.440000,E,,0.520000,E,,0.310000,E,,1.290000,E,,2.050000,E,,2.470000,E,,4.090000,E,,9.330000,E,,3.210000,E,,1.450000,E,,9.720000,E,,9.480000,E,,9.670000,E,
237,'704,Viet Nam,2551,'S2551,Nuts and products,664,Food supply (kcal/capita/day),kcal/cap/d,4.370000,E,,4.860000,E,,5.670000,E,,3.840000,E,,6.880000,E,,10.350000,E,,12.470000,E,,20.710000,E,,47.020000,E,,17.920000,E,,8.610000,E,,51.380000,E,,50.220000,E,,53.630000,E,
237,'704,Viet Nam,2551,'S2551,Nuts and products,661,Food supply (kcal),million Kcal,139584.670000,I,,156940.370000,I,,185166.400000,I,,127090.610000,I,,230376.420000,I,,350606.430000,I,,427771.960000,I,,719316.040000,I,,1651796.250000,I,,635652.670000,I,,308220.830000,I,,1855291.800000,I,,1827152.960000,I,,1964344.870000,I,
237,'704,Viet Nam,2551,'S2551,Nuts and products,674,Protein supply quantity (g/capita/day),g/cap/d,0.090000,E,,0.100000,E,,0.120000,E,,0.080000,E,,0.190000,E,,0.300000,E,,0.360000,E,,0.600000,E,,1.370000,E,,0.510000,E,,0.250000,E,,1.490000,E,,1.450000,E,,1.550000,E,
237,'704,Viet Nam,2551,'S2551,Nuts and products,671,Protein supply quantity (t),t,2919.920000,I,,3261.170000,I,,3820.360000,I,,2784.750000,I,,6450.260000,I,,10021.550000,I,,12234.360000,I,,20716.280000,I,,47990.310000,I,,18099.010000,I,,8808.930000,I,,53644.210000,I,,52645.490000,I,,56773.040000,I,
237,'704,Viet Nam,2551,'S2551,Nuts and products,684,Fat supply quantity (g/capita/day),g/cap/d,0.410000,E,,0.450000,E,,0.530000,E,,0.350000,E,,0.550000,E,,0.820000,E,,0.990000,E,,1.640000,E,,3.720000,E,,1.450000,E,,0.710000,E,,4.090000,E,,4.000000,E,,4.280000,E,
237,'704,Viet Nam,2551,'S2551,Nuts and products,681,Fat supply quantity (t),t,12955.960000,I,,14591.660000,I,,17247.080000,I,,11652.830000,I,,18531.040000,I,,27834.760000,I,,33934.130000,I,,56970.130000,I,,130499.830000,I,,51469.260000,I,,25513.180000,I,,147856.580000,I,,145685.820000,I,,156708.820000,I,
237,'704,Viet Nam,2913,'S2913,Oilcrops,5511,Production,1000 t,1979.000000,E,,1983.000000,E,,1957.000000,E,,2006.000000,E,,2028.000000,E,,2094.000000,E,,2109.000000,E,,2098.000000,E,,2138.000000,E,,2228.000000,E,,2245.000000,E,,2387.000000,E,,2414.000000,E,,2609.000000,E,
237,'704,Viet Nam,2913,'S2913,Oilcrops,5611,Import quantity,1000 t,271.000000,E,,997.000000,E,,1381.000000,E,,1342.000000,E,,1534.000000,E,,1727.000000,E,,1569.000000,E,,1686.000000,E,,1592.000000,E,,1851.000000,E,,2080.000000,E,,2191.000000,E,,2384.000000,E,,2552.000000,E,
237,'704,Viet Nam,2913,'S2913,Oilcrops,5072,Stock Variation,1000 t,-192.000000,E,,301.000000,E,,-134.000000,E,,-34.000000,E,,-129.000000,E,,249.000000,E,,144.000000,E,,20.000000,E,,-209.000000,E,,-113.000000,E,,90.000000,E,,119.000000,E,,-55.000000,E,,8.000000,E,
237,'704,Viet Nam,2913,'S2913,Oilcrops,5911,Export quantity,1000 t,181.000000,E,,145.000000,E,,168.000000,E,,164.000000,E,,255.000000,E,,251.000000,E,,200.000000,E,,132.000000,E,,246.000000,E,,273.000000,E,,345.000000,E,,347.000000,E,,221.000000,E,,432.000000,E,
237,'704,Viet Nam,2913,'S2913,Oilcrops,5301,Domestic supply quantity,1000 t,2261.000000,E,,2535.000000,E,,3304.000000,E,,3216.000000,E,,3435.000000,E,,3321.000000,E,,3333.000000,E,,3631.000000,E,,3693.000000,E,,3919.000000,E,,3891.000000,E,,4112.000000,E,,4632.000000,E,,4722.000000,E,
237,'704,Viet Nam,2913,'S2913,Oilcrops,5521,Feed,1000 t,322.000000,E,,353.000000,E,,319.000000,E,,278.000000,E,,317.000000,E,,260.000000,E,,319.000000,E,,353.000000,E,,344.000000,E,,376.000000,E,,410.000000,E,,540.000000,E,,671.000000,E,,808.000000,E,
237,'704,Viet Nam,2913,'S2913,Oilcrops,5527,Seed,1000 t,17.000000,E,,16.000000,E,,16.000000,E,,16.000000,E,,15.000000,E,,15.000000,E,,14.000000,E,,15.000000,E,,14.000000,E,,14.000000,E,,13.000000,E,,4.000000,E,,4.000000,E,,4.000000,E,
237,'704,Viet Nam,2913,'S2913,Oilcrops,5123,Losses,1000 t,148.000000,E,,149.000000,E,,163.000000,E,,168.000000,E,,174.000000,E,,184.000000,E,,181.000000,E,,185.000000,E,,187.000000,E,,199.000000,E,,206.000000,E,,219.000000,E,,217.000000,E,,233.000000,E,
237,'704,Viet Nam,2913,'S2913,Oilcrops,5131,Processing,1000 t,913.000000,E,,1145.000000,E,,1729.000000,E,,1819.000000,E,,2021.000000,E,,2121.000000,E,,1975.000000,E,,2149.000000,E,,2264.000000,E,,2255.000000,E,,2254.000000,E,,2405.000000,E,,2437.000000,E,,2421.000000,E,
237,'704,Viet Nam,2913,'S2913,Oilcrops,5154,Other uses (non-food),1000 t,44.000000,E,,83.000000,E,,62.000000,E,,42.000000,E,,34.000000,E,,42.000000,E,,35.000000,E,,32.000000,E,,30.000000,E,,34.000000,E,,39.000000,E,,38.000000,E,,39.000000,E,,43.000000,E,
237,'704,Viet Nam,2913,'S2913,Oilcrops,5170,Residuals,1000 t,0.000000,E,,0.000000,E,,0.000000,E,,0.000000,E,,0.000000,E,,0.000000,E,,-3.000000,E,,-3.000000,E,,-4.000000,E,,-10.000000,E,,-11.000000,E,,-4.000000,E,,-5.000000,E,,-3.000000,E,
237,'704,Viet Nam,2913,'S2913,Oilcrops,5142,Food,1000 t,816.000000,E,,789.000000,E,,1015.000000,E,,893.000000,E,,875.000000,E,,699.000000,E,,813.000000,E,,901.000000,E,,858.000000,E,,1051.000000,E,,980.000000,E,,910.000000,E,,1269.000000,E,,1215.000000,E,
237,'704,Viet Nam,2913,'S2913,Oilcrops,645,Food supply quantity (kg/capita/yr),kg/cap,9.340000,E,,8.920000,E,,11.340000,E,,9.860000,E,,9.540000,E,,7.530000,E,,8.650000,E,,9.460000,E,,8.920000,E,,10.820000,E,,9.990000,E,,9.200000,E,,12.730000,E,,12.110000,E,
237,'704,Viet Nam,2913,'S2913,Oilcrops,664,Food supply (kcal/capita/day),kcal/cap/d,79.740000,E,,78.390000,E,,106.140000,E,,95.120000,E,,99.470000,E,,74.550000,E,,82.510000,E,,89.720000,E,,86.440000,E,,101.890000,E,,91.940000,E,,80.790000,E,,110.230000,E,,113.440000,E,
237,'704,Viet Nam,2913,'S2913,Oilcrops,661,Food supply (kcal),million Kcal,2545299.430000,E,,2531235.240000,E,,3467567.470000,E,,3144502.060000,E,,3328491.360000,E,,2525830.760000,E,,2830902.960000,E,,3116927.050000,E,,3036251.280000,E,,3613779.470000,E,,3291376.950000,E,,2917302.290000,E,,4010523.690000,E,,4155170.420000,E,
237,'704,Viet Nam,2913,'S2913,Oilcrops,674,Protein supply quantity (g/capita/day),g/cap/d,4.460000,E,,4.940000,E,,6.080000,E,,5.430000,E,,6.020000,E,,4.710000,E,,5.160000,E,,5.450000,E,,5.440000,E,,6.580000,E,,5.930000,E,,5.540000,E,,6.740000,E,,7.030000,E,
237,'704,Viet Nam,2913,'S2913,Oilcrops,671,Protein supply quantity (t),t,142417.790000,E,,159412.540000,E,,198494.880000,E,,179414.430000,E,,201549.840000,E,,159662.550000,E,,177105.230000,E,,189448.220000,E,,190968.410000,E,,233430.120000,E,,212214.050000,E,,199962.620000,E,,245249.430000,E,,257368.460000,E,
237,'704,Viet Nam,2913,'S2913,Oilcrops,684,Fat supply quantity (g/capita/day),g/cap/d,5.410000,E,,4.910000,E,,7.150000,E,,6.440000,E,,6.510000,E,,4.700000,E,,5.240000,E,,5.810000,E,,5.470000,E,,6.310000,E,,5.690000,E,,4.730000,E,,7.060000,E,,7.250000,E,
237,'704,Viet Nam,2913,'S2913,Oilcrops,681,Fat supply quantity (t),t,172827.810000,E,,158583.890000,E,,233646.100000,E,,212744.620000,E,,217948.800000,E,,159393.720000,E,,179736.350000,E,,201859.420000,E,,192154.760000,E,,223794.470000,E,,203622.030000,E,,170665.830000,E,,256698.300000,E,,265399.730000,E,
237,'704,Viet Nam,2555,'S2555,Soyabeans,5511,Production,1000 t,299.000000,I,,267.000000,I,,174.000000,I,,168.000000,I,,157.000000,I,,146.000000,I,,161.000000,I,,102.000000,I,,81.000000,I,,77.000000,I,,65.000000,I,,59.000000,I,,52.000000,I,,48.000000,I,
237,'704,Viet Nam,2555,'S2555,Soyabeans,5611,Import quantity,1000 t,228.000000,I,,909.000000,I,,1293.000000,I,,1309.000000,I,,1520.000000,I,,1708.000000,I,,1547.000000,I,,1647.000000,I,,1530.000000,I,,1719.000000,I,,1872.000000,I,,2021.000000,I,,1852.000000,I,,1835.000000,I,
237,'704,Viet Nam,2555,'S2555,Soyabeans,5072,Stock Variation,1000 t,-269.000000,I,,167.000000,I,,-85.000000,I,,-6.000000,I,,-8.000000,I,,203.000000,I,,205.000000,I,,38.000000,I,,-203.000000,I,,-105.000000,I,,85.000000,I,,106.000000,I,,-45.000000,I,,-30.000000,I,
237,'704,Viet Nam,2555,'S2555,Soyabeans,5911,Export quantity,1000 t,25.000000,I,,20.000000,I,,15.000000,I,,16.000000,I,,2.000000,I,,2.000000,I,,2.000000,I,,1.000000,I,,2.000000,I,,3.000000,I,,2.000000,I,,3.000000,I,,2.000000,I,,1.000000,I,
237,'704,Viet Nam,2555,'S2555,Soyabeans,5301,Domestic supply quantity,1000 t,771.000000,I,,989.000000,I,,1537.000000,I,,1466.000000,I,,1683.000000,I,,1650.000000,I,,1501.000000,I,,1710.000000,I,,1812.000000,I,,1899.000000,I,,1851.000000,I,,1971.000000,I,,1947.000000,I,,1911.000000,I,
237,'704,Viet Nam,2555,'S2555,Soyabeans,5521,Feed,1000 t,130.000000,I,,130.000000,I,,130.000000,I,,130.000000,I,,142.000000,I,,82.000000,I,,127.000000,I,,140.000000,I,,152.000000,I,,175.000000,I,,174.000000,I,,179.000000,I,,169.000000,I,,167.000000,I,
237,'704,Viet Nam,2555,'S2555,Soyabeans,5527,Seed,1000 t,3.000000,I,,2.000000,I,,2.000000,I,,2.000000,I,,2.000000,I,,1.000000,I,,1.000000,I,,1.000000,I,,1.000000,I,,1.000000,I,,1.000000,I,,1.000000,I,,1.000000,I,,1.000000,I,
237,'704,Viet Nam,2555,'S2555,Soyabeans,5123,Losses,1000 t,22.000000,I,,20.000000,I,,30.000000,I,,30.000000,I,,34.000000,I,,37.000000,I,,34.000000,I,,35.000000,I,,32.000000,I,,36.000000,I,,39.000000,I,,42.000000,I,,38.000000,I,,38.000000,I,
237,'704,Viet Nam,2555,'S2555,Soyabeans,5131,Processing,1000 t,342.000000,I,,474.000000,I,,1011.000000,I,,980.000000,I,,1119.000000,I,,1197.000000,I,,968.000000,I,,1154.000000,I,,1225.000000,I,,1168.000000,I,,1162.000000,I,,1253.000000,I,,1219.000000,I,,1172.000000,I,
237,'704,Viet Nam,2555,'S2555,Soyabeans,5170,Residuals,1000 t,0.000000,I,,0.000000,I,,0.000000,I,,0.000000,I,,0.000000,I,,0.000000,I,,0.000000,I,,0.000000,I,,0.000000,I,,0.000000,I,,0.000000,I,,0.000000,I,,0.000000,I,,0.000000,I,
237,'704,Viet Nam,2555,'S2555,Soyabeans,5142,Food,1000 t,273.000000,I,,362.000000,I,,364.000000,I,,325.000000,I,,386.000000,I,,332.000000,I,,370.000000,I,,379.000000,I,,401.000000,I,,519.000000,I,,476.000000,I,,497.000000,I,,519.000000,I,,533.000000,I,
237,'704,Viet Nam,2555,'S2555,Soyabeans,645,Food supply quantity (kg/capita/yr),kg/cap,3.120000,E,,4.090000,E,,4.070000,E,,3.590000,E,,4.210000,E,,3.570000,E,,3.940000,E,,3.980000,E,,4.170000,E,,5.340000,E,,4.850000,E,,5.030000,E,,5.210000,E,,5.310000,E,
237,'704,Viet Nam,2555,'S2555,Soyabeans,664,Food supply (kcal/capita/day),kcal/cap/d,34.580000,E,,45.070000,E,,44.830000,E,,39.490000,E,,46.340000,E,,39.260000,E,,43.420000,E,,43.800000,E,,45.900000,E,,58.920000,E,,53.510000,E,,55.430000,E,,57.430000,E,,58.590000,E,
237,'704,Viet Nam,2555,'S2555,Soyabeans,661,Food supply (kcal),million Kcal,1103987.350000,I,,1455505.540000,I,,1464757.110000,I,,1305513.310000,I,,1550583.210000,I,,1330228.130000,I,,1489624.000000,I,,1521723.000000,I,,1612417.440000,I,,2089948.600000,I,,1915723.980000,I,,2001561.440000,I,,2089438.520000,I,,2146039.060000,I,
237,'704,Viet Nam,2555,'S2555,Soyabeans,674,Protein supply quantity (g/capita/day),g/cap/d,2.910000,E,,3.800000,E,,3.780000,E,,3.330000,E,,3.910000,E,,3.320000,E,,3.660000,E,,3.700000,E,,3.870000,E,,4.960000,E,,4.510000,E,,4.670000,E,,4.840000,E,,4.940000,E,
237,'704,Viet Nam,2555,'S2555,Soyabeans,671,Protein supply quantity (t),t,92897.400000,I,,122733.890000,I,,123537.780000,I,,110147.130000,I,,130771.500000,I,,112315.430000,I,,125582.490000,I,,128379.160000,I,,136025.440000,I,,176098.220000,I,,161458.350000,I,,168712.830000,I,,176132.280000,I,,180861.470000,I,
237,'704,Viet Nam,2555,'S2555,Soyabeans,684,Fat supply quantity (g/capita/day),g/cap/d,1.660000,E,,2.150000,E,,2.140000,E,,1.880000,E,,2.210000,E,,1.860000,E,,2.070000,E,,2.080000,E,,2.190000,E,,2.820000,E,,2.560000,E,,2.650000,E,,2.740000,E,,2.800000,E,
237,'704,Viet Nam,2555,'S2555,Soyabeans,681,Fat supply quantity (t),t,53138.700000,I,,69421.570000,I,,69804.000000,I,,62116.130000,I,,73906.150000,I,,63086.310000,I,,71119.210000,I,,72427.480000,I,,76756.740000,I,,100014.580000,I,,91577.470000,I,,95631.120000,I,,99766.540000,I,,102571.650000,I,
237,'704,Viet Nam,2552,'S2552,Groundnuts,5511,Production,1000 t,487.000000,I,,468.000000,I,,468.000000,I,,492.000000,I,,453.000000,I,,454.000000,I,,427.000000,I,,460.000000,I,,457.000000,I,,443.000000,I,,425.000000,I,,430.000000,I,,408.000000,I,,400.000000,I,
237,'704,Viet Nam,2552,'S2552,Groundnuts,5611,Import quantity,1000 t,1.000000,I,,1.000000,I,,27.000000,I,,5.000000,I,,1.000000,I,,1.000000,I,,2.000000,I,,18.000000,I,,37.000000,I,,99.000000,I,,137.000000,I,,108.000000,I,,205.000000,I,,344.000000,I,
237,'704,Viet Nam,2552,'S2552,Groundnuts,5072,Stock Variation,1000 t,57.000000,I,,122.000000,I,,-54.000000,I,,-33.000000,I,,-84.000000,I,,42.000000,I,,-34.000000,I,,-16.000000,I,,-6.000000,I,,-7.000000,I,,4.000000,I,,13.000000,I,,-18.000000,I,,36.000000,I,
237,'704,Viet Nam,2552,'S2552,Groundnuts,5911,Export quantity,1000 t,32.000000,I,,11.000000,I,,6.000000,I,,8.000000,I,,8.000000,I,,8.000000,I,,33.000000,I,,24.000000,I,,24.000000,I,,70.000000,I,,99.000000,I,,118.000000,I,,10.000000,I,,7.000000,I,
237,'704,Viet Nam,2552,'S2552,Groundnuts,5301,Domestic supply quantity,1000 t,399.000000,I,,337.000000,I,,544.000000,I,,522.000000,I,,530.000000,I,,405.000000,I,,430.000000,I,,470.000000,I,,476.000000,I,,478.000000,I,,459.000000,I,,407.000000,I,,621.000000,I,,702.000000,I,
237,'704,Viet Nam,2552,'S2552,Groundnuts,5527,Seed,1000 t,13.000000,I,,13.000000,I,,13.000000,I,,13.000000,I,,12.000000,I,,12.000000,I,,12.000000,I,,13.000000,I,,13.000000,I,,12.000000,I,,12.000000,I,,2.000000,I,,2.000000,I,,2.000000,I,
237,'704,Viet Nam,2552,'S2552,Groundnuts,5123,Losses,1000 t,37.000000,I,,35.000000,I,,35.000000,I,,37.000000,I,,34.000000,I,,34.000000,I,,32.000000,I,,35.000000,I,,34.000000,I,,34.000000,I,,33.000000,I,,32.000000,I,,30.000000,I,,30.000000,I,
237,'704,Viet Nam,2552,'S2552,Groundnuts,5131,Processing,1000 t,101.000000,I,,106.000000,I,,107.000000,I,,111.000000,I,,113.000000,I,,115.000000,I,,122.000000,I,,108.000000,I,,144.000000,I,,147.000000,I,,164.000000,I,,218.000000,I,,261.000000,I,,291.000000,I,
237,'704,Viet Nam,2552,'S2552,Groundnuts,5170,Residuals,1000 t,0.000000,I,,0.000000,I,,0.000000,I,,0.000000,I,,0.000000,I,,0.000000,I,,0.000000,I,,0.000000,I,,0.000000,I,,-10.000000,I,,-9.000000,I,,0.000000,I,,-2.000000,I,,-2.000000,I,
237,'704,Viet Nam,2552,'S2552,Groundnuts,5142,Food,1000 t,248.000000,I,,183.000000,I,,389.000000,I,,360.000000,I,,371.000000,I,,243.000000,I,,264.000000,I,,315.000000,I,,286.000000,I,,295.000000,I,,260.000000,I,,154.000000,I,,330.000000,I,,381.000000,I,
237,'704,Viet Nam,2552,'S2552,Groundnuts,645,Food supply quantity (kg/capita/yr),kg/cap,2.840000,E,,2.070000,E,,4.340000,E,,3.970000,E,,4.040000,E,,2.620000,E,,2.810000,E,,3.310000,E,,2.970000,E,,3.040000,E,,2.650000,E,,1.560000,E,,3.310000,E,,3.800000,E,
237,'704,Viet Nam,2552,'S2552,Groundnuts,664,Food supply (kcal/capita/day),kcal/cap/d,34.260000,E,,25.010000,E,,52.390000,E,,47.950000,E,,48.760000,E,,31.610000,E,,33.880000,E,,39.910000,E,,35.810000,E,,36.680000,E,,32.010000,E,,18.810000,E,,39.890000,E,,45.840000,E,
237,'704,Viet Nam,2552,'S2552,Groundnuts,661,Food supply (kcal),million Kcal,1093537.830000,I,,807447.300000,I,,1711661.860000,I,,1585289.230000,I,,1631590.600000,I,,1070992.650000,I,,1162568.930000,I,,1386335.950000,I,,1257858.340000,I,,1300979.160000,I,,1145829.040000,I,,679183.400000,I,,1451333.800000,I,,1678882.960000,I,
237,'704,Viet Nam,2552,'S2552,Groundnuts,674,Protein supply quantity (g/capita/day),g/cap/d,1.440000,E,,1.050000,E,,2.200000,E,,2.020000,E,,2.050000,E,,1.330000,E,,1.430000,E,,1.680000,E,,1.510000,E,,1.540000,E,,1.350000,E,,0.790000,E,,1.680000,E,,1.930000,E,
237,'704,Viet Nam,2552,'S2552,Groundnuts,671,Protein supply quantity (t),t,46018.390000,I,,33980.380000,I,,72028.180000,I,,66710.900000,I,,68655.790000,I,,45066.730000,I,,48919.000000,I,,58335.920000,I,,52931.010000,I,,54745.020000,I,,48217.540000,I,,28584.770000,I,,61075.340000,I,,70651.890000,I,
237,'704,Viet Nam,2552,'S2552,Groundnuts,684,Fat supply quantity (g/capita/day),g/cap/d,2.750000,E,,2.010000,E,,4.200000,E,,3.850000,E,,3.910000,E,,2.540000,E,,2.720000,E,,3.200000,E,,2.870000,E,,2.940000,E,,2.570000,E,,1.510000,E,,3.200000,E,,3.680000,E,
237,'704,Viet Nam,2552,'S2552,Groundnuts,681,Fat supply quantity (t),t,87768.380000,I,,64814.150000,I,,137366.560000,I,,127228.260000,I,,130923.120000,I,,85941.500000,I,,93282.790000,I,,111244.480000,I,,100942.940000,I,,104400.250000,I,,91957.110000,I,,54531.550000,I,,116486.200000,I,,134754.260000,I,
237,'704,Viet Nam,2557,'S2557,Sunflower seed,5611,Import quantity,1000 t,,,,,,,,,,,,,1.000000,I,,1.000000,I,,1.000000,I,,1.000000,I,,1.000000,I,,4.000000,I,,3.000000,I,,5.000000,I,,30.000000,I,,24.000000,I,
237,'704,Viet Nam,2557,'S2557,Sunflower seed,5911,Export quantity,1000 t,,,,,,,,,,,,,0.000000,I,,0.000000,I,,0.000000,I,,0.000000,I,,0.000000,I,,0.000000,I,,0.000000,I,,0.000000,I,,0.000000,I,,0.000000,I,
237,'704,Viet Nam,2557,'S2557,Sunflower seed,5301,Domestic supply quantity,1000 t,,,,,,,,,,,,,1.000000,I,,1.000000,I,,1.000000,I,,1.000000,I,,1.000000,I,,4.000000,I,,3.000000,I,,5.000000,I,,30.000000,I,,24.000000,I,
237,'704,Viet Nam,2557,'S2557,Sunflower seed,5521,Feed,1000 t,,,,,,,,,,,,,0.000000,I,,1.000000,I,,1.000000,I,,0.000000,I,,1.000000,I,,2.000000,I,,2.000000,I,,3.000000,I,,17.000000,I,,14.000000,I,
237,'704,Viet Nam,2557,'S2557,Sunflower seed,5170,Residuals,1000 t,,,,,,,,,,,,,0.000000,I,,0.000000,I,,0.000000,I,,0.000000,I,,0.000000,I,,0.000000,I,,0.000000,I,,0.000000,I,,0.000000,I,,0.000000,I,
237,'704,Viet Nam,2557,'S2557,Sunflower seed,5142,Food,1000 t,,,,,,,,,,,,,0.000000,I,,0.000000,I,,1.000000,I,,0.000000,I,,1.000000,I,,2.000000,I,,1.000000,I,,2.000000,I,,13.000000,I,,10.000000,I,
237,'704,Viet Nam,2557,'S2557,Sunflower seed,645,Food supply quantity (kg/capita/yr),kg/cap,,,,,,,,,,,,,0.000000,E,,0.000000,E,,0.010000,E,,0.000000,E,,0.010000,E,,0.020000,E,,0.010000,E,,0.020000,E,,0.130000,E,,0.100000,E,
237,'704,Viet Nam,2557,'S2557,Sunflower seed,664,Food supply (kcal/capita/day),kcal/cap/d,,,,,,,,,,,,,0.050000,E,,0.060000,E,,0.070000,E,,0.040000,E,,0.080000,E,,0.220000,E,,0.170000,E,,0.260000,E,,1.610000,E,,1.290000,E,
237,'704,Viet Nam,2557,'S2557,Sunflower seed,661,Food supply (kcal),million Kcal,,,,,,,,,,,,,1590.740000,I,,2052.840000,I,,2313.650000,I,,1529.950000,I,,2934.680000,I,,7767.260000,I,,6053.750000,I,,9356.840000,I,,58752.910000,I,,47275.560000,I,
237,'704,Viet Nam,2557,'S2557,Sunflower seed,674,Protein supply quantity (g/capita/day),g/cap/d,,,,,,,,,,,,,0.000000,E,,0.000000,E,,0.000000,E,,0.000000,E,,0.000000,E,,0.010000,E,,0.010000,E,,0.010000,E,,0.060000,E,,0.040000,E,
237,'704,Viet Nam,2557,'S2557,Sunflower seed,671,Protein supply quantity (t),t,,,,,,,,,,,,,54.350000,I,,70.140000,I,,79.050000,I,,52.270000,I,,100.270000,I,,265.380000,I,,206.840000,I,,319.690000,I,,2007.390000,I,,1615.250000,I,
237,'704,Viet Nam,2557,'S2557,Sunflower seed,684,Fat supply quantity (g/capita/day),g/cap/d,,,,,,,,,,,,,0.000000,E,,0.010000,E,,0.010000,E,,0.000000,E,,0.010000,E,,0.020000,E,,0.010000,E,,0.020000,E,,0.130000,E,,0.110000,E,
237,'704,Viet Nam,2557,'S2557,Sunflower seed,681,Fat supply quantity (t),t,,,,,,,,,,,,,132.300000,I,,170.730000,I,,192.420000,I,,127.240000,I,,244.070000,I,,645.980000,I,,503.470000,I,,778.180000,I,,4886.280000,I,,3931.750000,I,
237,'704,Viet Nam,2558,'S2558,Rape and Mustardseed,5611,Import quantity,1000 t,,,,,,,,,,,,,1.000000,I,,1.000000,I,,1.000000,I,,1.000000,I,,1.000000,I,,1.000000,I,,1.000000,I,,1.000000,I,,1.000000,I,,2.000000,I,
237,'704,Viet Nam,2558,'S2558,Rape and Mustardseed,5072,Stock Variation,1000 t,,,,,,,,,,,,,-29.000000,I,,-6.000000,I,,0.000000,I,,-1.000000,I,,0.000000,I,,0.000000,I,,0.000000,I,,0.000000,I,,0.000000,I,,0.000000,I,
237,'704,Viet Nam,2558,'S2558,Rape and Mustardseed,5911,Export quantity,1000 t,,,,,,,,,,,,,4.000000,I,,1.000000,I,,0.000000,I,,1.000000,I,,1.000000,I,,0.000000,I,,0.000000,I,,0.000000,I,,0.000000,I,,0.000000,I,
237,'704,Viet Nam,2558,'S2558,Rape and Mustardseed,5301,Domestic supply quantity,1000 t,,,,,,,,,,,,,26.000000,I,,6.000000,I,,0.000000,I,,1.000000,I,,0.000000,I,,1.000000,I,,1.000000,I,,1.000000,I,,1.000000,I,,2.000000,I,
237,'704,Viet Nam,2558,'S2558,Rape and Mustardseed,5521,Feed,1000 t,,,,,,,,,,,,,14.000000,I,,3.000000,I,,,,,0.000000,I,,,,,0.000000,I,,,,,0.000000,I,,0.000000,I,,1.000000,I,
237,'704,Viet Nam,2558,'S2558,Rape and Mustardseed,5170,Residuals,1000 t,,,,,,,,,,,,,0.000000,I,,0.000000,I,,0.000000,I,,0.000000,I,,-1.000000,I,,0.000000,I,,0.000000,I,,0.000000,I,,0.000000,I,,0.000000,I,
237,'704,Viet Nam,2558,'S2558,Rape and Mustardseed,5142,Food,1000 t,,,,,,,,,,,,,12.000000,I,,3.000000,I,,1.000000,I,,1.000000,I,,1.000000,I,,1.000000,I,,1.000000,I,,1.000000,I,,1.000000,I,,2.000000,I,
237,'704,Viet Nam,2558,'S2558,Rape and Mustardseed,645,Food supply quantity (kg/capita/yr),kg/cap,,,,,,,,,,,,,0.130000,E,,0.030000,E,,0.010000,E,,0.010000,E,,0.010000,E,,0.010000,E,,0.010000,E,,0.010000,E,,0.010000,E,,0.020000,E,
237,'704,Viet Nam,2558,'S2558,Rape and Mustardseed,664,Food supply (kcal/capita/day),kcal/cap/d,,,,,,,,,,,,,1.190000,E,,0.300000,E,,0.040000,E,,0.040000,E,,0.040000,E,,0.050000,E,,0.050000,E,,0.040000,E,,0.070000,E,,0.140000,E,
237,'704,Viet Nam,2558,'S2558,Rape and Mustardseed,661,Food supply (kcal),million Kcal,,,,,,,,,,,,,39973.580000,I,,10187.110000,I,,1208.450000,I,,1544.040000,I,,1489.240000,I,,1776.950000,I,,1778.800000,I,,1519.340000,I,,2429.060000,I,,5031.160000,I,
237,'704,Viet Nam,2558,'S2558,Rape and Mustardseed,674,Protein supply quantity (g/capita/day),g/cap/d,,,,,,,,,,,,,0.000000,E,,0.000000,E,,0.000000,E,,0.000000,E,,0.000000,E,,0.000000,E,,0.000000,E,,0.000000,E,,0.000000,E,,0.000000,E,
237,'704,Viet Nam,2558,'S2558,Rape and Mustardseed,671,Protein supply quantity (t),t,,,,,,,,,,,,,44.220000,I,,61.010000,I,,66.680000,I,,65.570000,I,,81.810000,I,,95.780000,I,,97.940000,I,,83.270000,I,,114.560000,I,,175.410000,I,
237,'704,Viet Nam,2558,'S2558,Rape and Mustardseed,684,Fat supply quantity (g/capita/day),g/cap/d,,,,,,,,,,,,,0.130000,E,,0.030000,E,,0.000000,E,,0.000000,E,,0.000000,E,,0.000000,E,,0.000000,E,,0.000000,E,,0.000000,E,,0.010000,E,
237,'704,Viet Nam,2558,'S2558,Rape and Mustardseed,681,Fat supply quantity (t),t,,,,,,,,,,,,,4403.260000,I,,1078.520000,I,,75.810000,I,,114.110000,I,,93.760000,I,,113.460000,I,,111.780000,I,,95.830000,I,,169.930000,I,,406.140000,I,
237,'704,Viet Nam,2559,'S2559,Cottonseed,5511,Production,1000 t,8.000000,I,,9.000000,I,,6.000000,I,,2.000000,I,,2.000000,I,,1.000000,I,,0.000000,I,,0.000000,I,,0.000000,I,,0.000000,I,,0.000000,I,,0.000000,I,,0.000000,I,,0.000000,I,
237,'704,Viet Nam,2559,'S2559,Cottonseed,5611,Import quantity,1000 t,,,,,,,,,,,,,0.000000,I,,0.000000,I,,0.000000,I,,0.000000,I,,0.000000,I,,0.000000,I,,0.000000,I,,0.000000,I,,3.000000,I,,4.000000,I,
237,'704,Viet Nam,2559,'S2559,Cottonseed,5072,Stock Variation,1000 t,,,,,,,,,,,,,0.000000,I,,0.000000,I,,0.000000,I,,0.000000,I,,0.000000,I,,0.000000,I,,0.000000,I,,0.000000,I,,0.000000,I,,0.000000,I,
237,'704,Viet Nam,2559,'S2559,Cottonseed,5911,Export quantity,1000 t,,,,,,,,,,,,,0.000000,I,,0.000000,I,,0.000000,I,,0.000000,I,,0.000000,I,,0.000000,I,,0.000000,I,,,,,0.000000,I,,0.000000,I,
237,'704,Viet Nam,2559,'S2559,Cottonseed,5301,Domestic supply quantity,1000 t,8.000000,I,,9.000000,I,,6.000000,I,,2.000000,I,,2.000000,I,,1.000000,I,,0.000000,I,,0.000000,I,,0.000000,I,,0.000000,I,,0.000000,I,,0.000000,I,,3.000000,I,,4.000000,I,
237,'704,Viet Nam,2559,'S2559,Cottonseed,5521,Feed,1000 t,0.000000,I,,0.000000,I,,0.000000,I,,0.000000,I,,0.000000,I,,0.000000,I,,0.000000,I,,0.000000,I,,0.000000,I,,0.000000,I,,0.000000,I,,0.000000,I,,0.000000,I,,0.000000,I,
237,'704,Viet Nam,2559,'S2559,Cottonseed,5527,Seed,1000 t,0.000000,I,,0.000000,I,,0.000000,I,,0.000000,I,,0.000000,I,,0.000000,I,,0.000000,I,,0.000000,I,,0.000000,I,,0.000000,I,,0.000000,I,,0.000000,I,,0.000000,I,,0.000000,I,
237,'704,Viet Nam,2559,'S2559,Cottonseed,5123,Losses,1000 t,0.000000,I,,0.000000,I,,0.000000,I,,0.000000,I,,0.000000,I,,0.000000,I,,0.000000,I,,0.000000,I,,0.000000,I,,0.000000,I,,0.000000,I,,0.000000,I,,0.000000,I,,0.000000,I,
237,'704,Viet Nam,2559,'S2559,Cottonseed,5131,Processing,1000 t,5.000000,I,,6.000000,I,,4.000000,I,,1.000000,I,,1.000000,I,,1.000000,I,,0.000000,I,,0.000000,I,,0.000000,I,,0.000000,I,,0.000000,I,,0.000000,I,,2.000000,I,,3.000000,I,
237,'704,Viet Nam,2559,'S2559,Cottonseed,5154,Other uses (non-food),1000 t,2.000000,I,,2.000000,I,,1.000000,I,,0.000000,I,,0.000000,I,,0.000000,I,,0.000000,I,,0.000000,I,,0.000000,I,,0.000000,I,,0.000000,I,,0.000000,I,,1.000000,I,,1.000000,I,
237,'704,Viet Nam,2559,'S2559,Cottonseed,5170,Residuals,1000 t,0.000000,I,,0.000000,I,,0.000000,I,,0.000000,I,,0.000000,I,,0.000000,I,,0.000000,I,,0.000000,I,,0.000000,I,,0.000000,I,,0.000000,I,,0.000000,I,,0.000000,I,,0.000000,I,
237,'704,Viet Nam,2560,'S2560,Coconuts - Incl Copra,5511,Production,1000 t,1162.000000,I,,1202.000000,I,,1273.000000,I,,1304.000000,I,,1374.000000,I,,1439.000000,I,,1470.000000,I,,1499.000000,I,,1572.000000,I,,1677.000000,I,,1721.000000,I,,1867.000000,I,,1924.000000,I,,2132.000000,I,
237,'704,Viet Nam,2560,'S2560,Coconuts - Incl Copra,5611,Import quantity,1000 t,0.000000,I,,0.000000,I,,0.000000,I,,0.000000,I,,0.000000,I,,0.000000,I,,0.000000,I,,2.000000,I,,1.000000,I,,1.000000,I,,17.000000,I,,11.000000,I,,10.000000,I,,29.000000,I,
237,'704,Viet Nam,2560,'S2560,Coconuts - Incl Copra,5072,Stock Variation,1000 t,17.000000,I,,7.000000,I,,0.000000,I,,3.000000,I,,-7.000000,I,,10.000000,I,,-27.000000,I,,0.000000,I,,0.000000,I,,-3.000000,I,,0.000000,I,,0.000000,I,,7.000000,I,,0.000000,I,
237,'704,Viet Nam,2560,'S2560,Coconuts - Incl Copra,5911,Export quantity,1000 t,125.000000,I,,113.000000,I,,146.000000,I,,137.000000,I,,241.000000,I,,238.000000,I,,149.000000,I,,98.000000,I,,210.000000,I,,193.000000,I,,217.000000,I,,200.000000,I,,200.000000,I,,421.000000,I,
237,'704,Viet Nam,2560,'S2560,Coconuts - Incl Copra,5301,Domestic supply quantity,1000 t,1021.000000,I,,1082.000000,I,,1127.000000,I,,1164.000000,I,,1141.000000,I,,1192.000000,I,,1348.000000,I,,1404.000000,I,,1363.000000,I,,1489.000000,I,,1520.000000,I,,1677.000000,I,,1726.000000,I,,1740.000000,I,
237,'704,Viet Nam,2560,'S2560,Coconuts - Incl Copra,5521,Feed,1000 t,184.000000,I,,207.000000,I,,177.000000,I,,140.000000,I,,154.000000,I,,168.000000,I,,185.000000,I,,207.000000,I,,186.000000,I,,196.000000,I,,228.000000,I,,354.000000,I,,239.000000,I,,350.000000,I,
237,'704,Viet Nam,2560,'S2560,Coconuts - Incl Copra,5123,Losses,1000 t,87.000000,I,,90.000000,I,,96.000000,I,,98.000000,I,,103.000000,I,,108.000000,I,,111.000000,I,,113.000000,I,,118.000000,I,,126.000000,I,,131.000000,I,,141.000000,I,,145.000000,I,,162.000000,I,
237,'704,Viet Nam,2560,'S2560,Coconuts - Incl Copra,5131,Processing,1000 t,455.000000,I,,540.000000,I,,593.000000,I,,717.000000,I,,780.000000,I,,798.000000,I,,877.000000,I,,879.000000,I,,889.000000,I,,933.000000,I,,920.000000,I,,926.000000,I,,947.000000,I,,947.000000,I,
237,'704,Viet Nam,2560,'S2560,Coconuts - Incl Copra,5170,Residuals,1000 t,0.000000,I,,0.000000,I,,0.000000,I,,0.000000,I,,0.000000,I,,0.000000,I,,0.000000,I,,0.000000,I,,0.000000,I,,0.000000,I,,0.000000,I,,0.000000,I,,0.000000,I,,0.000000,I,
237,'704,Viet Nam,2560,'S2560,Coconuts - Incl Copra,5142,Food,1000 t,295.000000,I,,244.000000,I,,262.000000,I,,208.000000,I,,103.000000,I,,117.000000,I,,175.000000,I,,204.000000,I,,169.000000,I,,234.000000,I,,242.000000,I,,256.000000,I,,395.000000,I,,281.000000,I,
237,'704,Viet Nam,2560,'S2560,Coconuts - Incl Copra,645,Food supply quantity (kg/capita/yr),kg/cap,3.370000,E,,2.760000,E,,2.920000,E,,2.300000,E,,1.130000,E,,1.270000,E,,1.870000,E,,2.150000,E,,1.760000,E,,2.410000,E,,2.460000,E,,2.590000,E,,3.960000,E,,2.800000,E,
237,'704,Viet Nam,2560,'S2560,Coconuts - Incl Copra,664,Food supply (kcal/capita/day),kcal/cap/d,10.890000,E,,8.310000,E,,8.910000,E,,7.670000,E,,2.780000,E,,2.960000,E,,4.860000,E,,5.730000,E,,4.510000,E,,5.950000,E,,6.180000,E,,6.240000,E,,9.810000,E,,6.600000,E,
237,'704,Viet Nam,2560,'S2560,Coconuts - Incl Copra,661,Food supply (kcal),million Kcal,347670.220000,I,,268282.400000,I,,291148.500000,I,,253699.520000,I,,93080.670000,I,,100121.090000,I,,166647.380000,I,,198893.130000,I,,158354.610000,I,,211081.200000,I,,221303.760000,I,,225174.480000,I,,357047.660000,I,,241753.770000,I,
237,'704,Viet Nam,2560,'S2560,Coconuts - Incl Copra,674,Protein supply quantity (g/capita/day),g/cap/d,0.110000,E,,0.080000,E,,0.090000,E,,0.080000,E,,0.030000,E,,0.030000,E,,0.050000,E,,0.060000,E,,0.050000,E,,0.060000,E,,0.060000,E,,0.060000,E,,0.100000,E,,0.070000,E,
237,'704,Viet Nam,2560,'S2560,Coconuts - Incl Copra,671,Protein supply quantity (t),t,3501.280000,I,,2698.270000,I,,2928.910000,I,,2556.400000,I,,932.170000,I,,1001.340000,I,,1671.000000,I,,1995.410000,I,,1587.310000,I,,2114.050000,I,,2217.150000,I,,2253.780000,I,,3576.030000,I,,2418.420000,I,
237,'704,Viet Nam,2560,'S2560,Coconuts - Incl Copra,684,Fat supply quantity (g/capita/day),g/cap/d,1.000000,E,,0.750000,E,,0.810000,E,,0.710000,E,,0.240000,E,,0.260000,E,,0.430000,E,,0.510000,E,,0.400000,E,,0.520000,E,,0.540000,E,,0.540000,E,,0.860000,E,,0.570000,E,
237,'704,Viet Nam,2560,'S2560,Coconuts - Incl Copra,681,Fat supply quantity (t),t,31910.270000,I,,24348.170000,I,,26475.540000,I,,23400.230000,I,,8134.590000,I,,8645.500000,I,,14727.770000,I,,17661.550000,I,,13953.030000,I,,18458.970000,I,,19409.710000,I,,19580.960000,I,,31229.700000,I,,20920.440000,I,
237,'704,Viet Nam,2561,'S2561,Sesame seed,5511,Production,1000 t,17.000000,I,,32.000000,I,,30.000000,I,,33.000000,I,,35.000000,I,,47.000000,I,,43.000000,I,,30.000000,I,,21.000000,I,,24.000000,I,,28.000000,I,,24.000000,I,,23.000000,I,,22.000000,I,
237,'704,Viet Nam,2561,'S2561,Sesame seed,5611,Import quantity,1000 t,43.000000,I,,87.000000,I,,61.000000,I,,28.000000,I,,8.000000,I,,12.000000,I,,15.000000,I,,14.000000,I,,19.000000,I,,24.000000,I,,48.000000,I,,44.000000,I,,26.000000,I,,30.000000,I,
237,'704,Viet Nam,2561,'S2561,Sesame seed,5072,Stock Variation,1000 t,4.000000,I,,5.000000,I,,6.000000,I,,2.000000,I,,-1.000000,I,,0.000000,I,,-1.000000,I,,-1.000000,I,,0.000000,I,,3.000000,I,,1.000000,I,,0.000000,I,,1.000000,I,,1.000000,I,
237,'704,Viet Nam,2561,'S2561,Sesame seed,5911,Export quantity,1000 t,0.000000,I,,1.000000,I,,1.000000,I,,2.000000,I,,1.000000,I,,2.000000,I,,12.000000,I,,5.000000,I,,4.000000,I,,5.000000,I,,23.000000,I,,19.000000,I,,4.000000,I,,0.000000,I,
237,'704,Viet Nam,2561,'S2561,Sesame seed,5301,Domestic supply quantity,1000 t,56.000000,I,,112.000000,I,,84.000000,I,,56.000000,I,,43.000000,I,,57.000000,I,,46.000000,I,,40.000000,I,,37.000000,I,,41.000000,I,,52.000000,I,,49.000000,I,,45.000000,I,,50.000000,I,
237,'704,Viet Nam,2561,'S2561,Sesame seed,5521,Feed,1000 t,7.000000,I,,14.000000,I,,11.000000,I,,7.000000,I,,5.000000,I,,7.000000,I,,6.000000,I,,5.000000,I,,5.000000,I,,3.000000,I,,6.000000,I,,5.000000,I,,4.000000,I,,5.000000,I,
237,'704,Viet Nam,2561,'S2561,Sesame seed,5527,Seed,1000 t,0.000000,I,,1.000000,I,,1.000000,I,,1.000000,I,,1.000000,I,,1.000000,I,,1.000000,I,,1.000000,I,,1.000000,I,,1.000000,I,,1.000000,I,,1.000000,I,,1.000000,I,,1.000000,I,
237,'704,Viet Nam,2561,'S2561,Sesame seed,5123,Losses,1000 t,1.000000,I,,2.000000,I,,2.000000,I,,3.000000,I,,3.000000,I,,4.000000,I,,3.000000,I,,2.000000,I,,2.000000,I,,3.000000,I,,3.000000,I,,3.000000,I,,2.000000,I,,2.000000,I,
237,'704,Viet Nam,2561,'S2561,Sesame seed,5131,Processing,1000 t,10.000000,I,,19.000000,I,,15.000000,I,,10.000000,I,,7.000000,I,,9.000000,I,,8.000000,I,,6.000000,I,,6.000000,I,,7.000000,I,,9.000000,I,,8.000000,I,,8.000000,I,,8.000000,I,
237,'704,Viet Nam,2561,'S2561,Sesame seed,5154,Other uses (non-food),1000 t,37.000000,I,,75.000000,I,,55.000000,I,,36.000000,I,,28.000000,I,,36.000000,I,,29.000000,I,,26.000000,I,,24.000000,I,,28.000000,I,,34.000000,I,,32.000000,I,,30.000000,I,,34.000000,I,
237,'704,Viet Nam,2561,'S2561,Sesame seed,5170,Residuals,1000 t,0.000000,I,,0.000000,I,,0.000000,I,,0.000000,I,,0.000000,I,,0.000000,I,,0.000000,I,,0.000000,I,,0.000000,I,,0.000000,I,,0.000000,I,,0.000000,I,,0.000000,I,,0.000000,I,
237,'704,Viet Nam,2562,'S2562,Palm kernels,5611,Import quantity,1000 t,,,,,,,,,,,,,,,,,,,,,,,,,0.000000,I,,0.000000,I,,,,,,,,0.000000,I,,,,
237,'704,Viet Nam,2562,'S2562,Palm kernels,5072,Stock Variation,1000 t,,,,,,,,,,,,,0.000000,I,,0.000000,I,,0.000000,I,,0.000000,I,,0.000000,I,,0.000000,I,,0.000000,I,,0.000000,I,,0.000000,I,,0.000000,I,
237,'704,Viet Nam,2562,'S2562,Palm kernels,5911,Export quantity,1000 t,0.000000,I,,0.000000,I,,0.000000,I,,0.000000,I,,,,,,,,,,,,,,0.000000,I,,,,,,,,,,,0.000000,I,,0.000000,I,
237,'704,Viet Nam,2562,'S2562,Palm kernels,5301,Domestic supply quantity,1000 t,0.000000,I,,0.000000,I,,0.000000,I,,0.000000,I,,0.000000,I,,0.000000,I,,0.000000,I,,0.000000,I,,0.000000,I,,0.000000,I,,0.000000,I,,0.000000,I,,0.000000,I,,0.000000,I,
237,'704,Viet Nam,2562,'S2562,Palm kernels,5521,Feed,1000 t,,,,,,,,,,,,,,,,,,,,,,,,,0.000000,I,,,,,,,,,,,,,,,,
237,'704,Viet Nam,2562,'S2562,Palm kernels,5131,Processing,1000 t,0.000000,I,,,,,,,,,,,,,,,,,,,,,,,,,,,,,,,,,,,,,,,,
237,'704,Viet Nam,2562,'S2562,Palm kernels,5170,Residuals,1000 t,0.000000,I,,0.000000,I,,0.000000,I,,0.000000,I,,0.000000,I,,0.000000,I,,0.000000,I,,0.000000,I,,0.000000,I,,0.000000,I,,0.000000,I,,0.000000,I,,0.000000,I,,0.000000,I,
237,'704,Viet Nam,2562,'S2562,Palm kernels,5142,Food,1000 t,,,,,,,,,,,,,,,,,,,,,,,,,0.000000,I,,,,,,,,,,,,,,,,
237,'704,Viet Nam,2562,'S2562,Palm kernels,645,Food supply quantity (kg/capita/yr),kg/cap,,,,,,,,,,,,,,,,,,,,,,,,,0.000000,E,,,,,,,,,,,,,,,,
237,'704,Viet Nam,2563,'S2563,Olives (including preserved),5611,Import quantity,1000 t,0.000000,I,,0.000000,I,,0.000000,I,,0.000000,I,,0.000000,I,,0.000000,I,,0.000000,I,,0.000000,I,,0.000000,I,,0.000000,I,,0.000000,I,,0.000000,I,,1.000000,I,,1.000000,I,
237,'704,Viet Nam,2563,'S2563,Olives (including preserved),5072,Stock Variation,1000 t,0.000000,I,,0.000000,I,,0.000000,I,,0.000000,I,,0.000000,I,,0.000000,I,,0.000000,I,,0.000000,I,,0.000000,I,,0.000000,I,,0.000000,I,,0.000000,I,,0.000000,I,,0.000000,I,
237,'704,Viet Nam,2563,'S2563,Olives (including preserved),5911,Export quantity,1000 t,0.000000,I,,0.000000,I,,0.000000,I,,0.000000,I,,0.000000,I,,0.000000,I,,0.000000,I,,0.000000,I,,,,,0.000000,I,,,,,,,,0.000000,I,,0.000000,I,
237,'704,Viet Nam,2563,'S2563,Olives (including preserved),5301,Domestic supply quantity,1000 t,0.000000,I,,0.000000,I,,0.000000,I,,0.000000,I,,0.000000,I,,0.000000,I,,0.000000,I,,0.000000,I,,0.000000,I,,0.000000,I,,0.000000,I,,0.000000,I,,1.000000,I,,1.000000,I,
237,'704,Viet Nam,2563,'S2563,Olives (including preserved),5170,Residuals,1000 t,0.000000,I,,0.000000,I,,0.000000,I,,0.000000,I,,0.000000,I,,0.000000,I,,0.000000,I,,0.000000,I,,0.000000,I,,0.000000,I,,0.000000,I,,0.000000,I,,0.000000,I,,0.000000,I,
237,'704,Viet Nam,2563,'S2563,Olives (including preserved),5142,Food,1000 t,0.000000,I,,0.000000,I,,0.000000,I,,0.000000,I,,0.000000,I,,0.000000,I,,0.000000,I,,0.000000,I,,0.000000,I,,0.000000,I,,0.000000,I,,0.000000,I,,1.000000,I,,1.000000,I,
237,'704,Viet Nam,2563,'S2563,Olives (including preserved),645,Food supply quantity (kg/capita/yr),kg/cap,0.000000,E,,0.000000,E,,0.000000,E,,0.000000,E,,0.000000,E,,0.000000,E,,0.000000,E,,0.000000,E,,0.000000,E,,0.000000,E,,0.000000,E,,0.000000,E,,0.010000,E,,0.010000,E,
237,'704,Viet Nam,2563,'S2563,Olives (including preserved),664,Food supply (kcal/capita/day),kcal/cap/d,0.000000,E,,0.000000,E,,0.000000,E,,0.000000,E,,0.000000,E,,0.000000,E,,0.000000,E,,0.000000,E,,0.020000,E,,0.020000,E,,0.010000,E,,0.010000,E,,0.020000,E,,0.020000,E,
237,'704,Viet Nam,2563,'S2563,Olives (including preserved),661,Food supply (kcal),million Kcal,104.030000,I,,0.000000,I,,0.000000,I,,0.000000,I,,0.000000,I,,0.000000,I,,123.440000,I,,158.780000,I,,618.260000,I,,642.370000,I,,369.860000,I,,373.850000,I,,835.850000,I,,703.960000,I,
237,'704,Viet Nam,2563,'S2563,Olives (including preserved),674,Protein supply quantity (g/capita/day),g/cap/d,0.000000,E,,0.000000,E,,0.000000,E,,0.000000,E,,0.000000,E,,0.000000,E,,0.000000,E,,0.000000,E,,0.000000,E,,0.000000,E,,0.000000,E,,0.000000,E,,0.000000,E,,0.000000,E,
237,'704,Viet Nam,2563,'S2563,Olives (including preserved),671,Protein supply quantity (t),t,0.720000,I,,0.000000,I,,0.000000,I,,0.000000,I,,0.000000,I,,0.000000,I,,0.850000,I,,1.100000,I,,4.280000,I,,4.440000,I,,2.560000,I,,2.590000,I,,5.780000,I,,4.870000,I,
237,'704,Viet Nam,2563,'S2563,Olives (including preserved),684,Fat supply quantity (g/capita/day),g/cap/d,0.000000,E,,0.000000,E,,0.000000,E,,0.000000,E,,0.000000,E,,0.000000,E,,0.000000,E,,0.000000,E,,0.000000,E,,0.000000,E,,0.000000,E,,0.000000,E,,0.000000,E,,0.000000,E,
237,'704,Viet Nam,2563,'S2563,Olives (including preserved),681,Fat supply quantity (t),t,10.470000,I,,0.000000,I,,0.000000,I,,0.000000,I,,0.000000,I,,0.000000,I,,12.420000,I,,15.980000,I,,62.210000,I,,64.640000,I,,37.220000,I,,37.620000,I,,84.110000,I,,70.840000,I,
237,'704,Viet Nam,2570,'S2570,"Oilcrops, Other",5511,Production,1000 t,6.000000,I,,6.000000,I,,6.000000,I,,6.000000,I,,7.000000,I,,7.000000,I,,7.000000,I,,7.000000,I,,7.000000,I,,7.000000,I,,6.000000,I,,7.000000,I,,7.000000,I,,7.000000,I,
237,'704,Viet Nam,2570,'S2570,"Oilcrops, Other",5611,Import quantity,1000 t,,,,,,,,,,,,,3.000000,I,,3.000000,I,,3.000000,I,,3.000000,I,,3.000000,I,,2.000000,I,,2.000000,I,,3.000000,I,,258.000000,I,,284.000000,I,
237,'704,Viet Nam,2570,'S2570,"Oilcrops, Other",5072,Stock Variation,1000 t,0.000000,I,,0.000000,I,,0.000000,I,,0.000000,I,,0.000000,I,,0.000000,I,,0.000000,I,,0.000000,I,,0.000000,I,,0.000000,I,,0.000000,I,,0.000000,I,,0.000000,I,,0.000000,I,
237,'704,Viet Nam,2570,'S2570,"Oilcrops, Other",5911,Export quantity,1000 t,0.000000,I,,0.000000,I,,0.000000,I,,0.000000,I,,0.000000,I,,0.000000,I,,4.000000,I,,4.000000,I,,5.000000,I,,3.000000,I,,4.000000,I,,7.000000,I,,6.000000,I,,2.000000,I,
237,'704,Viet Nam,2570,'S2570,"Oilcrops, Other",5301,Domestic supply quantity,1000 t,6.000000,I,,6.000000,I,,6.000000,I,,6.000000,I,,10.000000,I,,10.000000,I,,6.000000,I,,5.000000,I,,4.000000,I,,7.000000,I,,4.000000,I,,3.000000,I,,259.000000,I,,289.000000,I,
237,'704,Viet Nam,2570,'S2570,"Oilcrops, Other",5521,Feed,1000 t,0.000000,I,,0.000000,I,,0.000000,I,,0.000000,I,,0.000000,I,,0.000000,I,,0.000000,I,,0.000000,I,,0.000000,I,,0.000000,I,,0.000000,I,,0.000000,I,,241.000000,I,,272.000000,I,
237,'704,Viet Nam,2570,'S2570,"Oilcrops, Other",5527,Seed,1000 t,0.000000,I,,0.000000,I,,0.000000,I,,0.000000,I,,0.000000,I,,0.000000,I,,0.000000,I,,0.000000,I,,0.000000,I,,0.000000,I,,0.000000,I,,0.000000,I,,0.000000,I,,0.000000,I,
237,'704,Viet Nam,2570,'S2570,"Oilcrops, Other",5123,Losses,1000 t,0.000000,I,,0.000000,I,,0.000000,I,,0.000000,I,,0.000000,I,,0.000000,I,,0.000000,I,,0.000000,I,,0.000000,I,,0.000000,I,,0.000000,I,,0.000000,I,,1.000000,I,,0.000000,I,
237,'704,Viet Nam,2570,'S2570,"Oilcrops, Other",5131,Processing,1000 t,0.000000,I,,0.000000,I,,0.000000,I,,0.000000,I,,,,,,,,,,,,,,,,,,,,,,,,,,,,,,,
237,'704,Viet Nam,2570,'S2570,"Oilcrops, Other",5154,Other uses (non-food),1000 t,5.000000,I,,5.000000,I,,5.000000,I,,5.000000,I,,6.000000,I,,6.000000,I,,6.000000,I,,6.000000,I,,6.000000,I,,6.000000,I,,5.000000,I,,6.000000,I,,9.000000,I,,8.000000,I,
237,'704,Viet Nam,2570,'S2570,"Oilcrops, Other",5170,Residuals,1000 t,0.000000,I,,0.000000,I,,0.000000,I,,0.000000,I,,0.000000,I,,0.000000,I,,-3.000000,I,,-3.000000,I,,-3.000000,I,,-1.000000,I,,-2.000000,I,,-4.000000,I,,-3.000000,I,,0.000000,I,
237,'704,Viet Nam,2570,'S2570,"Oilcrops, Other",5142,Food,1000 t,,,,,,,,,,,,,3.000000,I,,3.000000,I,,2.000000,I,,2.000000,I,,1.000000,I,,0.000000,I,,0.000000,I,,0.000000,I,,11.000000,I,,8.000000,I,
237,'704,Viet Nam,2570,'S2570,"Oilcrops, Other",645,Food supply quantity (kg/capita/yr),kg/cap,,,,,,,,,,,,,0.030000,E,,0.030000,E,,0.020000,E,,0.020000,E,,0.010000,E,,0.000000,E,,0.000000,E,,0.000000,E,,0.110000,E,,0.080000,E,
237,'704,Viet Nam,2570,'S2570,"Oilcrops, Other",664,Food supply (kcal/capita/day),kcal/cap/d,,,,,,,,,,,,,0.350000,E,,0.360000,E,,0.250000,E,,0.190000,E,,0.070000,E,,0.040000,E,,0.010000,E,,0.000000,E,,1.390000,E,,0.970000,E,
237,'704,Viet Nam,2570,'S2570,"Oilcrops, Other",661,Food supply (kcal),million Kcal,,,,,,,,,,,,,11672.550000,I,,12248.940000,I,,8417.110000,I,,6742.210000,I,,2578.690000,I,,1583.920000,I,,317.750000,I,,132.930000,I,,50685.890000,I,,35483.970000,I,
237,'704,Viet Nam,2570,'S2570,"Oilcrops, Other",674,Protein supply quantity (g/capita/day),g/cap/d,,,,,,,,,,,,,0.030000,E,,0.030000,E,,0.020000,E,,0.020000,E,,0.010000,E,,0.000000,E,,0.000000,E,,0.000000,E,,0.060000,E,,0.040000,E,
237,'704,Viet Nam,2570,'S2570,"Oilcrops, Other",671,Protein supply quantity (t),t,,,,,,,,,,,,,1091.810000,I,,1147.900000,I,,786.160000,I,,618.810000,I,,238.290000,I,,107.220000,I,,13.660000,I,,5.690000,I,,2338.050000,I,,1641.160000,I,
237,'704,Viet Nam,2570,'S2570,"Oilcrops, Other",684,Fat supply quantity (g/capita/day),g/cap/d,,,,,,,,,,,,,0.010000,E,,0.010000,E,,0.010000,E,,0.010000,E,,0.000000,E,,0.000000,E,,0.000000,E,,0.000000,E,,0.110000,E,,0.070000,E,
237,'704,Viet Nam,2570,'S2570,"Oilcrops, Other",681,Fat supply quantity (t),t,,,,,,,,,,,,,449.390000,I,,471.160000,I,,325.930000,I,,268.580000,I,,102.000000,I,,96.590000,I,,25.290000,I,,10.570000,I,,4075.530000,I,,2744.650000,I,
237,'704,Viet Nam,2914,'S2914,Vegetable Oils,5511,Production,1000 t,195.000000,E,,243.000000,E,,353.000000,E,,370.000000,E,,408.000000,E,,429.000000,E,,401.000000,E,,429.000000,E,,442.000000,E,,450.000000,E,,466.000000,E,,524.000000,E,,506.000000,E,,541.000000,E,
237,'704,Viet Nam,2914,'S2914,Vegetable Oils,5611,Import quantity,1000 t,740.000000,E,,728.000000,E,,703.000000,E,,785.000000,E,,564.000000,E,,602.000000,E,,595.000000,E,,493.000000,E,,554.000000,E,,749.000000,E,,1146.000000,E,,1163.000000,E,,871.000000,E,,1672.000000,E,
237,'704,Viet Nam,2914,'S2914,Vegetable Oils,5072,Stock Variation,1000 t,-2.000000,E,,-55.000000,E,,18.000000,E,,122.000000,E,,40.000000,E,,-23.000000,E,,6.000000,E,,3.000000,E,,-4.000000,E,,27.000000,E,,57.000000,E,,26.000000,E,,-61.000000,E,,133.000000,E,
237,'704,Viet Nam,2914,'S2914,Vegetable Oils,5911,Export quantity,1000 t,2.000000,E,,4.000000,E,,7.000000,E,,3.000000,E,,177.000000,E,,243.000000,E,,114.000000,E,,52.000000,E,,111.000000,E,,101.000000,E,,147.000000,E,,185.000000,E,,277.000000,E,,126.000000,E,
237,'704,Viet Nam,2914,'S2914,Vegetable Oils,5301,Domestic supply quantity,1000 t,936.000000,E,,1022.000000,E,,1031.000000,E,,1030.000000,E,,755.000000,E,,811.000000,E,,875.000000,E,,868.000000,E,,889.000000,E,,1072.000000,E,,1408.000000,E,,1476.000000,E,,1162.000000,E,,1953.000000,E,
237,'704,Viet Nam,2914,'S2914,Vegetable Oils,5131,Processing,1000 t,0.000000,E,,0.000000,E,,0.000000,E,,0.000000,E,,,,,,,,,,,,,,,,,10.000000,E,,26.000000,E,,65.000000,E,,50.000000,E,,90.000000,E,
237,'704,Viet Nam,2914,'S2914,Vegetable Oils,5154,Other uses (non-food),1000 t,599.000000,E,,640.000000,E,,666.000000,E,,652.000000,E,,402.000000,E,,461.000000,E,,500.000000,E,,505.000000,E,,507.000000,E,,573.000000,E,,936.000000,E,,933.000000,E,,667.000000,E,,1294.000000,E,
237,'704,Viet Nam,2914,'S2914,Vegetable Oils,5170,Residuals,1000 t,0.000000,E,,0.000000,E,,0.000000,E,,0.000000,E,,-3.000000,E,,-10.000000,E,,-1.000000,E,,-2.000000,E,,0.000000,E,,-2.000000,E,,-3.000000,E,,-8.000000,E,,-9.000000,E,,-9.000000,E,
237,'704,Viet Nam,2914,'S2914,Vegetable Oils,5142,Food,1000 t,336.000000,E,,382.000000,E,,365.000000,E,,379.000000,E,,356.000000,E,,360.000000,E,,376.000000,E,,365.000000,E,,382.000000,E,,491.000000,E,,449.000000,E,,487.000000,E,,454.000000,E,,578.000000,E,
237,'704,Viet Nam,2914,'S2914,Vegetable Oils,645,Food supply quantity (kg/capita/yr),kg/cap,3.850000,E,,4.320000,E,,4.080000,E,,4.180000,E,,3.880000,E,,3.880000,E,,4.000000,E,,3.840000,E,,3.970000,E,,5.060000,E,,4.570000,E,,4.920000,E,,4.550000,E,,5.750000,E,
237,'704,Viet Nam,2914,'S2914,Vegetable Oils,664,Food supply (kcal/capita/day),kcal/cap/d,93.980000,E,,104.540000,E,,99.490000,E,,102.040000,E,,95.370000,E,,95.590000,E,,98.400000,E,,94.370000,E,,97.670000,E,,124.180000,E,,111.390000,E,,120.830000,E,,111.590000,E,,141.160000,E,
237,'704,Viet Nam,2914,'S2914,Vegetable Oils,661,Food supply (kcal),million Kcal,3000093.310000,E,,3375627.860000,E,,3250342.760000,E,,3373484.990000,E,,3191504.960000,E,,3238595.130000,E,,3376018.520000,E,,3278283.930000,E,,3430953.980000,E,,4404346.330000,E,,3987662.260000,E,,4363296.040000,E,,4060200.370000,E,,5170503.490000,E,
237,'704,Viet Nam,2914,'S2914,Vegetable Oils,674,Protein supply quantity (g/capita/day),g/cap/d,0.000000,E,,0.000000,E,,0.000000,E,,0.000000,E,,0.000000,E,,0.000000,E,,0.000000,E,,0.000000,E,,0.000000,E,,0.000000,E,,0.000000,E,,0.000000,E,,0.000000,E,,0.000000,E,
237,'704,Viet Nam,2914,'S2914,Vegetable Oils,671,Protein supply quantity (t),t,14.590000,E,,68.100000,E,,22.400000,E,,17.600000,E,,8.580000,E,,1.250000,E,,15.890000,E,,11.510000,E,,11.650000,E,,15.270000,E,,34.260000,E,,11.900000,E,,21.870000,E,,43.520000,E,
237,'704,Viet Nam,2914,'S2914,Vegetable Oils,684,Fat supply quantity (g/capita/day),g/cap/d,10.440000,E,,11.610000,E,,11.050000,E,,11.340000,E,,10.600000,E,,10.620000,E,,10.930000,E,,10.490000,E,,10.850000,E,,13.800000,E,,12.380000,E,,13.430000,E,,12.400000,E,,15.690000,E,
237,'704,Viet Nam,2914,'S2914,Vegetable Oils,681,Fat supply quantity (t),t,333357.300000,E,,375008.650000,E,,361166.840000,E,,374852.830000,E,,354637.950000,E,,359860.540000,E,,375132.630000,E,,364274.580000,E,,381240.020000,E,,489419.180000,E,,443100.880000,E,,484849.070000,E,,451172.080000,E,,574547.880000,E,
237,'704,Viet Nam,2571,'S2571,Soyabean Oil,5511,Production,1000 t,65.000000,I,,90.000000,I,,192.000000,I,,186.000000,I,,213.000000,I,,228.000000,I,,184.000000,I,,219.000000,I,,233.000000,I,,222.000000,I,,221.000000,I,,238.000000,I,,232.000000,I,,223.000000,I,
237,'704,Viet Nam,2571,'S2571,Soyabean Oil,5611,Import quantity,1000 t,142.000000,I,,88.000000,I,,53.000000,I,,79.000000,I,,77.000000,I,,135.000000,I,,60.000000,I,,30.000000,I,,40.000000,I,,56.000000,I,,82.000000,I,,74.000000,I,,56.000000,I,,78.000000,I,
237,'704,Viet Nam,2571,'S2571,Soyabean Oil,5072,Stock Variation,1000 t,-12.000000,I,,-46.000000,I,,16.000000,I,,33.000000,I,,0.000000,I,,0.000000,I,,0.000000,I,,0.000000,I,,0.000000,I,,38.000000,I,,25.000000,I,,-16.000000,I,,-8.000000,I,,-10.000000,I,
237,'704,Viet Nam,2571,'S2571,Soyabean Oil,5911,Export quantity,1000 t,,,,,,,,,,,,,115.000000,I,,141.000000,I,,28.000000,I,,36.000000,I,,46.000000,I,,18.000000,I,,22.000000,I,,64.000000,I,,66.000000,I,,20.000000,I,
237,'704,Viet Nam,2571,'S2571,Soyabean Oil,5301,Domestic supply quantity,1000 t,219.000000,I,,224.000000,I,,228.000000,I,,233.000000,I,,175.000000,I,,222.000000,I,,215.000000,I,,214.000000,I,,227.000000,I,,222.000000,I,,256.000000,I,,264.000000,I,,230.000000,I,,291.000000,I,
237,'704,Viet Nam,2571,'S2571,Soyabean Oil,5131,Processing,1000 t,0.000000,I,,0.000000,I,,0.000000,I,,0.000000,I,,,,,,,,,,,,,,,,,,,,,,,,,,,,,,,
237,'704,Viet Nam,2571,'S2571,Soyabean Oil,5170,Residuals,1000 t,0.000000,I,,0.000000,I,,0.000000,I,,0.000000,I,,0.000000,I,,0.000000,I,,0.000000,I,,0.000000,I,,0.000000,I,,0.000000,I,,0.000000,I,,0.000000,I,,0.000000,I,,0.000000,I,
237,'704,Viet Nam,2571,'S2571,Soyabean Oil,5142,Food,1000 t,219.000000,I,,224.000000,I,,228.000000,I,,233.000000,I,,175.000000,I,,222.000000,I,,215.000000,I,,214.000000,I,,227.000000,I,,222.000000,I,,256.000000,I,,264.000000,I,,230.000000,I,,291.000000,I,
237,'704,Viet Nam,2571,'S2571,Soyabean Oil,645,Food supply quantity (kg/capita/yr),kg/cap,2.510000,E,,2.530000,E,,2.550000,E,,2.570000,E,,1.900000,E,,2.390000,E,,2.290000,E,,2.240000,E,,2.350000,E,,2.280000,E,,2.610000,E,,2.670000,E,,2.310000,E,,2.900000,E,
237,'704,Viet Nam,2571,'S2571,Soyabean Oil,664,Food supply (kcal/capita/day),kcal/cap/d,61.880000,E,,62.440000,E,,62.880000,E,,63.350000,E,,46.940000,E,,58.940000,E,,56.530000,E,,55.330000,E,,58.040000,E,,56.310000,E,,64.270000,E,,65.720000,E,,56.910000,E,,71.530000,E,
237,'704,Viet Nam,2571,'S2571,Soyabean Oil,661,Food supply (kcal),million Kcal,1975332.710000,I,,2016327.510000,I,,2054448.830000,I,,2094203.520000,I,,1570842.320000,I,,1996997.200000,I,,1939414.180000,I,,1922044.160000,I,,2038721.260000,I,,1997398.720000,I,,2300715.540000,I,,2373385.880000,I,,2070561.250000,I,,2619878.080000,I,
237,'704,Viet Nam,2571,'S2571,Soyabean Oil,674,Protein supply quantity (g/capita/day),g/cap/d,0.000000,E,,0.000000,E,,0.000000,E,,0.000000,E,,0.000000,E,,0.000000,E,,0.000000,E,,0.000000,E,,0.000000,E,,0.000000,E,,0.000000,E,,0.000000,E,,0.000000,E,,0.000000,E,
237,'704,Viet Nam,2571,'S2571,Soyabean Oil,671,Protein supply quantity (t),t,0.000000,I,,0.000000,I,,0.000000,I,,0.000000,I,,0.000000,I,,0.000000,I,,0.000000,I,,0.000000,I,,0.000000,I,,0.000000,I,,0.000000,I,,0.000000,I,,0.000000,I,,0.000000,I,
237,'704,Viet Nam,2571,'S2571,Soyabean Oil,684,Fat supply quantity (g/capita/day),g/cap/d,6.880000,E,,6.940000,E,,6.990000,E,,7.040000,E,,5.220000,E,,6.550000,E,,6.280000,E,,6.150000,E,,6.450000,E,,6.260000,E,,7.140000,E,,7.300000,E,,6.320000,E,,7.950000,E,
237,'704,Viet Nam,2571,'S2571,Soyabean Oil,681,Fat supply quantity (t),t,219481.410000,I,,224036.390000,I,,228272.090000,I,,232689.280000,I,,174538.040000,I,,221888.580000,I,,215490.460000,I,,213560.460000,I,,226524.580000,I,,221933.190000,I,,255635.060000,I,,263709.540000,I,,230062.360000,I,,291097.560000,I,
237,'704,Viet Nam,2572,'S2572,Groundnut Oil,5511,Production,1000 t,28.000000,I,,30.000000,I,,29.000000,I,,31.000000,I,,31.000000,I,,33.000000,I,,35.000000,I,,28.000000,I,,25.000000,I,,26.000000,I,,29.000000,I,,30.000000,I,,29.000000,I,,32.000000,I,
237,'704,Viet Nam,2572,'S2572,Groundnut Oil,5611,Import quantity,1000 t,0.000000,I,,0.000000,I,,0.000000,I,,0.000000,I,,0.000000,I,,0.000000,I,,,,,,,,0.000000,I,,0.000000,I,,0.000000,I,,0.000000,I,,0.000000,I,,2.000000,I,
237,'704,Viet Nam,2572,'S2572,Groundnut Oil,5072,Stock Variation,1000 t,-1.000000,I,,0.000000,I,,-1.000000,I,,0.000000,I,,0.000000,I,,0.000000,I,,0.000000,I,,0.000000,I,,0.000000,I,,0.000000,I,,0.000000,I,,0.000000,I,,0.000000,I,,0.000000,I,
237,'704,Viet Nam,2572,'S2572,Groundnut Oil,5911,Export quantity,1000 t,0.000000,I,,0.000000,I,,0.000000,I,,0.000000,I,,0.000000,I,,0.000000,I,,0.000000,I,,0.000000,I,,0.000000,I,,0.000000,I,,0.000000,I,,0.000000,I,,0.000000,I,,1.000000,I,
237,'704,Viet Nam,2572,'S2572,Groundnut Oil,5301,Domestic supply quantity,1000 t,29.000000,I,,30.000000,I,,30.000000,I,,31.000000,I,,31.000000,I,,33.000000,I,,35.000000,I,,28.000000,I,,25.000000,I,,25.000000,I,,28.000000,I,,29.000000,I,,29.000000,I,,33.000000,I,
237,'704,Viet Nam,2572,'S2572,Groundnut Oil,5131,Processing,1000 t,0.000000,I,,0.000000,I,,0.000000,I,,0.000000,I,,,,,,,,,,,,,,,,,,,,,,,,,,,,,,,
237,'704,Viet Nam,2572,'S2572,Groundnut Oil,5170,Residuals,1000 t,0.000000,I,,0.000000,I,,0.000000,I,,0.000000,I,,0.000000,I,,0.000000,I,,0.000000,I,,0.000000,I,,0.000000,I,,0.000000,I,,0.000000,I,,0.000000,I,,0.000000,I,,0.000000,I,
237,'704,Viet Nam,2572,'S2572,Groundnut Oil,5142,Food,1000 t,29.000000,I,,30.000000,I,,30.000000,I,,31.000000,I,,31.000000,I,,33.000000,I,,35.000000,I,,28.000000,I,,25.000000,I,,25.000000,I,,28.000000,I,,29.000000,I,,29.000000,I,,33.000000,I,
237,'704,Viet Nam,2572,'S2572,Groundnut Oil,645,Food supply quantity (kg/capita/yr),kg/cap,0.330000,E,,0.340000,E,,0.340000,E,,0.340000,E,,0.340000,E,,0.350000,E,,0.370000,E,,0.290000,E,,0.260000,E,,0.260000,E,,0.290000,E,,0.300000,E,,0.300000,E,,0.330000,E,
237,'704,Viet Nam,2572,'S2572,Groundnut Oil,664,Food supply (kcal/capita/day),kcal/cap/d,8.200000,E,,8.270000,E,,8.330000,E,,8.390000,E,,8.350000,E,,8.730000,E,,9.060000,E,,7.240000,E,,6.370000,E,,6.460000,E,,7.130000,E,,7.330000,E,,7.280000,E,,8.040000,E,
237,'704,Viet Nam,2572,'S2572,Groundnut Oil,661,Food supply (kcal),million Kcal,261732.050000,I,,267163.870000,I,,272214.950000,I,,277482.460000,I,,279556.520000,I,,295768.450000,I,,310954.490000,I,,251465.040000,I,,223745.120000,I,,229052.430000,I,,255263.080000,I,,264538.990000,I,,264997.660000,I,,294531.270000,I,
237,'704,Viet Nam,2572,'S2572,Groundnut Oil,674,Protein supply quantity (g/capita/day),g/cap/d,0.000000,E,,0.000000,E,,0.000000,E,,0.000000,E,,0.000000,E,,0.000000,E,,0.000000,E,,0.000000,E,,0.000000,E,,0.000000,E,,0.000000,E,,0.000000,E,,0.000000,E,,0.000000,E,
237,'704,Viet Nam,2572,'S2572,Groundnut Oil,671,Protein supply quantity (t),t,0.000000,I,,0.000000,I,,0.000000,I,,0.000000,I,,0.000000,I,,0.000000,I,,0.000000,I,,0.000000,I,,0.000000,I,,0.000000,I,,0.000000,I,,0.000000,I,,0.000000,I,,0.000000,I,
237,'704,Viet Nam,2572,'S2572,Groundnut Oil,684,Fat supply quantity (g/capita/day),g/cap/d,0.910000,E,,0.920000,E,,0.930000,E,,0.930000,E,,0.930000,E,,0.970000,E,,1.010000,E,,0.800000,E,,0.710000,E,,0.720000,E,,0.790000,E,,0.810000,E,,0.810000,E,,0.890000,E,
237,'704,Viet Nam,2572,'S2572,Groundnut Oil,681,Fat supply quantity (t),t,29084.570000,I,,29688.180000,I,,30249.470000,I,,30834.810000,I,,31065.290000,I,,32866.820000,I,,34554.340000,I,,27943.670000,I,,24863.330000,I,,25453.100000,I,,28365.720000,I,,29396.490000,I,,29447.460000,I,,32729.340000,I,
237,'704,Viet Nam,2573,'S2573,Sunflowerseed Oil,5611,Import quantity,1000 t,1.000000,I,,1.000000,I,,1.000000,I,,1.000000,I,,2.000000,I,,3.000000,I,,4.000000,I,,5.000000,I,,9.000000,I,,12.000000,I,,19.000000,I,,9.000000,I,,3.000000,I,,4.000000,I,
237,'704,Viet Nam,2573,'S2573,Sunflowerseed Oil,5072,Stock Variation,1000 t,0.000000,I,,0.000000,I,,0.000000,I,,0.000000,I,,0.000000,I,,0.000000,I,,0.000000,I,,0.000000,I,,0.000000,I,,0.000000,I,,0.000000,I,,5.000000,I,,1.000000,I,,2.000000,I,
237,'704,Viet Nam,2573,'S2573,Sunflowerseed Oil,5911,Export quantity,1000 t,,,,,,,,,,,,,0.000000,I,,0.000000,I,,0.000000,I,,0.000000,I,,0.000000,I,,0.000000,I,,0.000000,I,,0.000000,I,,0.000000,I,,0.000000,I,
237,'704,Viet Nam,2573,'S2573,Sunflowerseed Oil,5301,Domestic supply quantity,1000 t,1.000000,I,,1.000000,I,,1.000000,I,,1.000000,I,,2.000000,I,,3.000000,I,,4.000000,I,,5.000000,I,,9.000000,I,,12.000000,I,,19.000000,I,,4.000000,I,,2.000000,I,,3.000000,I,
237,'704,Viet Nam,2573,'S2573,Sunflowerseed Oil,5131,Processing,1000 t,0.000000,I,,0.000000,I,,0.000000,I,,0.000000,I,,,,,,,,,,,,,,,,,,,,,,,,,,,,,,,
237,'704,Viet Nam,2573,'S2573,Sunflowerseed Oil,5170,Residuals,1000 t,0.000000,I,,0.000000,I,,0.000000,I,,0.000000,I,,0.000000,I,,0.000000,I,,0.000000,I,,0.000000,I,,0.000000,I,,0.000000,I,,0.000000,I,,0.000000,I,,0.000000,I,,0.000000,I,
237,'704,Viet Nam,2573,'S2573,Sunflowerseed Oil,5142,Food,1000 t,1.000000,I,,1.000000,I,,1.000000,I,,1.000000,I,,2.000000,I,,3.000000,I,,4.000000,I,,5.000000,I,,9.000000,I,,12.000000,I,,19.000000,I,,4.000000,I,,2.000000,I,,3.000000,I,
237,'704,Viet Nam,2573,'S2573,Sunflowerseed Oil,645,Food supply quantity (kg/capita/yr),kg/cap,0.010000,E,,0.010000,E,,0.010000,E,,0.010000,E,,0.020000,E,,0.030000,E,,0.040000,E,,0.050000,E,,0.090000,E,,0.130000,E,,0.190000,E,,0.050000,E,,0.020000,E,,0.030000,E,
237,'704,Viet Nam,2573,'S2573,Sunflowerseed Oil,664,Food supply (kcal/capita/day),kcal/cap/d,0.200000,E,,0.210000,E,,0.210000,E,,0.210000,E,,0.540000,E,,0.780000,E,,1.000000,E,,1.180000,E,,2.180000,E,,3.130000,E,,4.710000,E,,1.110000,E,,0.520000,E,,0.630000,E,
237,'704,Viet Nam,2573,'S2573,Sunflowerseed Oil,661,Food supply (kcal),million Kcal,6527.490000,I,,6662.960000,I,,6788.930000,I,,6920.300000,I,,17970.620000,I,,26267.070000,I,,34427.710000,I,,40822.750000,I,,76577.950000,I,,110945.750000,I,,168548.650000,I,,40176.940000,I,,18948.530000,I,,23015.650000,I,
237,'704,Viet Nam,2573,'S2573,Sunflowerseed Oil,674,Protein supply quantity (g/capita/day),g/cap/d,0.000000,E,,0.000000,E,,0.000000,E,,0.000000,E,,0.000000,E,,0.000000,E,,0.000000,E,,0.000000,E,,0.000000,E,,0.000000,E,,0.000000,E,,0.000000,E,,0.000000,E,,0.000000,E,
237,'704,Viet Nam,2573,'S2573,Sunflowerseed Oil,671,Protein supply quantity (t),t,0.000000,I,,0.000000,I,,0.000000,I,,0.000000,I,,0.000000,I,,0.000000,I,,0.000000,I,,0.000000,I,,0.000000,I,,0.000000,I,,0.000000,I,,0.000000,I,,0.000000,I,,0.000000,I,
237,'704,Viet Nam,2573,'S2573,Sunflowerseed Oil,684,Fat supply quantity (g/capita/day),g/cap/d,0.020000,E,,0.020000,E,,0.020000,E,,0.020000,E,,0.060000,E,,0.090000,E,,0.110000,E,,0.130000,E,,0.240000,E,,0.350000,E,,0.520000,E,,0.120000,E,,0.060000,E,,0.070000,E,
237,'704,Viet Nam,2573,'S2573,Sunflowerseed Oil,681,Fat supply quantity (t),t,725.280000,I,,740.330000,I,,754.330000,I,,768.920000,I,,1996.740000,I,,2918.560000,I,,3825.300000,I,,4535.860000,I,,8508.660000,I,,12327.310000,I,,18727.630000,I,,4464.100000,I,,2105.390000,I,,2557.290000,I,
237,'704,Viet Nam,2574,'S2574,Rape and Mustard Oil,5611,Import quantity,1000 t,3.000000,I,,4.000000,I,,3.000000,I,,3.000000,I,,3.000000,I,,3.000000,I,,2.000000,I,,3.000000,I,,3.000000,I,,4.000000,I,,8.000000,I,,9.000000,I,,6.000000,I,,10.000000,I,
237,'704,Viet Nam,2574,'S2574,Rape and Mustard Oil,5072,Stock Variation,1000 t,0.000000,I,,1.000000,I,,0.000000,I,,0.000000,I,,0.000000,I,,0.000000,I,,0.000000,I,,0.000000,I,,0.000000,I,,0.000000,I,,0.000000,I,,1.000000,I,,0.000000,I,,1.000000,I,
237,'704,Viet Nam,2574,'S2574,Rape and Mustard Oil,5911,Export quantity,1000 t,,,,,,,,,,,,,0.000000,I,,0.000000,I,,0.000000,I,,0.000000,I,,0.000000,I,,0.000000,I,,0.000000,I,,0.000000,I,,0.000000,I,,0.000000,I,
237,'704,Viet Nam,2574,'S2574,Rape and Mustard Oil,5301,Domestic supply quantity,1000 t,3.000000,I,,3.000000,I,,3.000000,I,,3.000000,I,,3.000000,I,,3.000000,I,,2.000000,I,,2.000000,I,,3.000000,I,,4.000000,I,,7.000000,I,,8.000000,I,,5.000000,I,,9.000000,I,
237,'704,Viet Nam,2574,'S2574,Rape and Mustard Oil,5131,Processing,1000 t,0.000000,I,,0.000000,I,,0.000000,I,,0.000000,I,,,,,,,,,,,,,,,,,,,,,,,,,,,,,,,
237,'704,Viet Nam,2574,'S2574,Rape and Mustard Oil,5170,Residuals,1000 t,0.000000,I,,0.000000,I,,0.000000,I,,0.000000,I,,0.000000,I,,0.000000,I,,0.000000,I,,0.000000,I,,0.000000,I,,0.000000,I,,0.000000,I,,0.000000,I,,0.000000,I,,0.000000,I,
237,'704,Viet Nam,2574,'S2574,Rape and Mustard Oil,5142,Food,1000 t,3.000000,I,,3.000000,I,,3.000000,I,,3.000000,I,,3.000000,I,,3.000000,I,,2.000000,I,,2.000000,I,,3.000000,I,,4.000000,I,,7.000000,I,,8.000000,I,,5.000000,I,,9.000000,I,
237,'704,Viet Nam,2574,'S2574,Rape and Mustard Oil,645,Food supply quantity (kg/capita/yr),kg/cap,0.030000,E,,0.040000,E,,0.030000,E,,0.030000,E,,0.030000,E,,0.030000,E,,0.020000,E,,0.030000,E,,0.030000,E,,0.040000,E,,0.070000,E,,0.080000,E,,0.050000,E,,0.090000,E,
237,'704,Viet Nam,2574,'S2574,Rape and Mustard Oil,664,Food supply (kcal/capita/day),kcal/cap/d,0.720000,E,,0.880000,E,,0.710000,E,,0.720000,E,,0.680000,E,,0.700000,E,,0.600000,E,,0.620000,E,,0.730000,E,,0.900000,E,,1.720000,E,,1.970000,E,,1.300000,E,,2.210000,E,
237,'704,Viet Nam,2574,'S2574,Rape and Mustard Oil,661,Food supply (kcal),million Kcal,22942.480000,I,,28336.590000,I,,23261.260000,I,,23711.380000,I,,22738.340000,I,,23664.620000,I,,20600.170000,I,,21584.610000,I,,25468.840000,I,,31795.320000,I,,61660.570000,I,,71034.120000,I,,47412.700000,I,,80963.730000,I,
237,'704,Viet Nam,2574,'S2574,Rape and Mustard Oil,674,Protein supply quantity (g/capita/day),g/cap/d,0.000000,E,,0.000000,E,,0.000000,E,,0.000000,E,,0.000000,E,,0.000000,E,,0.000000,E,,0.000000,E,,0.000000,E,,0.000000,E,,0.000000,E,,0.000000,E,,0.000000,E,,0.000000,E,
237,'704,Viet Nam,2574,'S2574,Rape and Mustard Oil,671,Protein supply quantity (t),t,0.000000,I,,0.000000,I,,0.000000,I,,0.000000,I,,0.000000,I,,0.000000,I,,0.000000,I,,0.000000,I,,0.000000,I,,0.000000,I,,0.000000,I,,0.000000,I,,0.000000,I,,0.000000,I,
237,'704,Viet Nam,2574,'S2574,Rape and Mustard Oil,684,Fat supply quantity (g/capita/day),g/cap/d,0.080000,E,,0.100000,E,,0.080000,E,,0.080000,E,,0.080000,E,,0.080000,E,,0.070000,E,,0.070000,E,,0.080000,E,,0.100000,E,,0.190000,E,,0.220000,E,,0.140000,E,,0.250000,E,
237,'704,Viet Nam,2574,'S2574,Rape and Mustard Oil,681,Fat supply quantity (t),t,2549.450000,I,,3148.860000,I,,2584.870000,I,,2634.890000,I,,2526.760000,I,,2629.690000,I,,2289.160000,I,,2398.560000,I,,2830.190000,I,,3533.210000,I,,6851.940000,I,,7893.560000,I,,5268.520000,I,,8996.950000,I,
237,'704,Viet Nam,2575,'S2575,Cottonseed Oil,5511,Production,1000 t,1.000000,I,,1.000000,I,,1.000000,I,,0.000000,I,,0.000000,I,,0.000000,I,,0.000000,I,,0.000000,I,,0.000000,I,,0.000000,I,,0.000000,I,,0.000000,I,,0.000000,I,,0.000000,I,
237,'704,Viet Nam,2575,'S2575,Cottonseed Oil,5611,Import quantity,1000 t,0.000000,I,,0.000000,I,,0.000000,I,,0.000000,I,,0.000000,I,,0.000000,I,,0.000000,I,,0.000000,I,,0.000000,I,,,,,,,,0.000000,I,,1.000000,I,,1.000000,I,
237,'704,Viet Nam,2575,'S2575,Cottonseed Oil,5072,Stock Variation,1000 t,0.000000,I,,0.000000,I,,0.000000,I,,0.000000,I,,0.000000,I,,0.000000,I,,0.000000,I,,0.000000,I,,0.000000,I,,0.000000,I,,0.000000,I,,0.000000,I,,0.000000,I,,0.000000,I,
237,'704,Viet Nam,2575,'S2575,Cottonseed Oil,5911,Export quantity,1000 t,,,,,,,,,,,,,,,,,,,,,,,,,,,,,,,,,,,,,0.000000,I,,0.000000,I,
237,'704,Viet Nam,2575,'S2575,Cottonseed Oil,5301,Domestic supply quantity,1000 t,1.000000,I,,1.000000,I,,1.000000,I,,0.000000,I,,0.000000,I,,0.000000,I,,0.000000,I,,0.000000,I,,0.000000,I,,0.000000,I,,0.000000,I,,0.000000,I,,1.000000,I,,1.000000,I,
237,'704,Viet Nam,2575,'S2575,Cottonseed Oil,5131,Processing,1000 t,0.000000,I,,0.000000,I,,0.000000,I,,0.000000,I,,,,,,,,,,,,,,,,,,,,,,,,,,,,,,,
237,'704,Viet Nam,2575,'S2575,Cottonseed Oil,5170,Residuals,1000 t,0.000000,I,,0.000000,I,,0.000000,I,,0.000000,I,,0.000000,I,,0.000000,I,,0.000000,I,,0.000000,I,,0.000000,I,,0.000000,I,,0.000000,I,,0.000000,I,,0.000000,I,,0.000000,I,
237,'704,Viet Nam,2575,'S2575,Cottonseed Oil,5142,Food,1000 t,1.000000,I,,1.000000,I,,1.000000,I,,0.000000,I,,0.000000,I,,0.000000,I,,0.000000,I,,0.000000,I,,0.000000,I,,0.000000,I,,0.000000,I,,0.000000,I,,1.000000,I,,1.000000,I,
237,'704,Viet Nam,2575,'S2575,Cottonseed Oil,645,Food supply quantity (kg/capita/yr),kg/cap,0.010000,E,,0.010000,E,,0.010000,E,,0.000000,E,,0.000000,E,,0.000000,E,,0.000000,E,,0.000000,E,,0.000000,E,,0.000000,E,,0.000000,E,,0.000000,E,,0.010000,E,,0.010000,E,
237,'704,Viet Nam,2575,'S2575,Cottonseed Oil,664,Food supply (kcal/capita/day),kcal/cap/d,0.230000,E,,0.230000,E,,0.160000,E,,0.050000,E,,0.050000,E,,0.030000,E,,0.010000,E,,0.010000,E,,0.000000,E,,0.000000,E,,0.000000,E,,0.000000,E,,0.200000,E,,0.240000,E,
237,'704,Viet Nam,2575,'S2575,Cottonseed Oil,661,Food supply (kcal),million Kcal,7399.350000,I,,7576.920000,I,,5229.810000,I,,1640.730000,I,,1724.010000,I,,1013.180000,I,,439.530000,I,,226.000000,I,,77.030000,I,,80.640000,I,,170.640000,I,,43.020000,I,,7422.850000,I,,8663.720000,I,
237,'704,Viet Nam,2575,'S2575,Cottonseed Oil,674,Protein supply quantity (g/capita/day),g/cap/d,0.000000,E,,0.000000,E,,0.000000,E,,0.000000,E,,0.000000,E,,0.000000,E,,0.000000,E,,0.000000,E,,0.000000,E,,0.000000,E,,0.000000,E,,0.000000,E,,0.000000,E,,0.000000,E,
237,'704,Viet Nam,2575,'S2575,Cottonseed Oil,671,Protein supply quantity (t),t,0.000000,I,,0.000000,I,,0.000000,I,,0.000000,I,,0.000000,I,,0.000000,I,,0.000000,I,,0.000000,I,,0.000000,I,,0.000000,I,,0.000000,I,,0.000000,I,,0.000000,I,,0.000000,I,
237,'704,Viet Nam,2575,'S2575,Cottonseed Oil,684,Fat supply quantity (g/capita/day),g/cap/d,0.030000,E,,0.030000,E,,0.020000,E,,0.010000,E,,0.010000,E,,0.000000,E,,0.000000,E,,0.000000,E,,0.000000,E,,0.000000,E,,0.000000,E,,0.000000,E,,0.020000,E,,0.030000,E,
237,'704,Viet Nam,2575,'S2575,Cottonseed Oil,681,Fat supply quantity (t),t,822.150000,I,,841.880000,I,,581.090000,I,,182.300000,I,,191.560000,I,,112.580000,I,,48.840000,I,,25.110000,I,,8.560000,I,,8.960000,I,,18.960000,I,,4.780000,I,,824.760000,I,,962.640000,I,
237,'704,Viet Nam,2576,'S2576,Palmkernel Oil,5511,Production,1000 t,0.000000,I,,0.000000,I,,0.000000,I,,0.000000,I,,,,,,,,,,,,,,,,,,,,,,,,,,,,,,,
237,'704,Viet Nam,2576,'S2576,Palmkernel Oil,5611,Import quantity,1000 t,,,,,,,,,,,,,1.000000,I,,0.000000,I,,0.000000,I,,0.000000,I,,0.000000,I,,0.000000,I,,0.000000,I,,0.000000,I,,0.000000,I,,1.000000,I,
237,'704,Viet Nam,2576,'S2576,Palmkernel Oil,5911,Export quantity,1000 t,,,,,,,,,,,,,,,,0.000000,I,,0.000000,I,,,,,0.000000,I,,0.000000,I,,0.000000,I,,0.000000,I,,0.000000,I,,0.000000,I,
237,'704,Viet Nam,2576,'S2576,Palmkernel Oil,5301,Domestic supply quantity,1000 t,0.000000,I,,0.000000,I,,0.000000,I,,0.000000,I,,1.000000,I,,0.000000,I,,0.000000,I,,0.000000,I,,0.000000,I,,0.000000,I,,0.000000,I,,0.000000,I,,0.000000,I,,1.000000,I,
237,'704,Viet Nam,2576,'S2576,Palmkernel Oil,5170,Residuals,1000 t,0.000000,I,,0.000000,I,,0.000000,I,,0.000000,I,,0.000000,I,,0.000000,I,,0.000000,I,,0.000000,I,,0.000000,I,,0.000000,I,,0.000000,I,,0.000000,I,,0.000000,I,,0.000000,I,
237,'704,Viet Nam,2576,'S2576,Palmkernel Oil,5142,Food,1000 t,,,,,,,,,,,,,1.000000,I,,0.000000,I,,0.000000,I,,0.000000,I,,0.000000,I,,0.000000,I,,0.000000,I,,0.000000,I,,0.000000,I,,1.000000,I,
237,'704,Viet Nam,2576,'S2576,Palmkernel Oil,645,Food supply quantity (kg/capita/yr),kg/cap,,,,,,,,,,,,,0.010000,E,,0.000000,E,,0.000000,E,,0.000000,E,,0.000000,E,,0.000000,E,,0.000000,E,,0.000000,E,,0.000000,E,,0.010000,E,
237,'704,Viet Nam,2576,'S2576,Palmkernel Oil,664,Food supply (kcal/capita/day),kcal/cap/d,,,,,,,,,,,,,0.150000,E,,0.070000,E,,0.120000,E,,0.090000,E,,0.100000,E,,0.100000,E,,0.100000,E,,0.090000,E,,0.040000,E,,0.130000,E,
237,'704,Viet Nam,2576,'S2576,Palmkernel Oil,661,Food supply (kcal),million Kcal,,,,,,,,,,,,,5085.370000,I,,2511.080000,I,,4014.480000,I,,3051.320000,I,,3341.700000,I,,3638.430000,I,,3536.350000,I,,3337.950000,I,,1360.940000,I,,4684.450000,I,
237,'704,Viet Nam,2576,'S2576,Palmkernel Oil,674,Protein supply quantity (g/capita/day),g/cap/d,,,,,,,,,,,,,0.000000,E,,0.000000,E,,0.000000,E,,0.000000,E,,0.000000,E,,0.000000,E,,0.000000,E,,0.000000,E,,0.000000,E,,0.000000,E,
237,'704,Viet Nam,2576,'S2576,Palmkernel Oil,671,Protein supply quantity (t),t,,,,,,,,,,,,,0.000000,I,,0.000000,I,,0.000000,I,,0.000000,I,,0.000000,I,,0.000000,I,,0.000000,I,,0.000000,I,,0.000000,I,,0.000000,I,
237,'704,Viet Nam,2576,'S2576,Palmkernel Oil,684,Fat supply quantity (g/capita/day),g/cap/d,,,,,,,,,,,,,0.020000,E,,0.010000,E,,0.010000,E,,0.010000,E,,0.010000,E,,0.010000,E,,0.010000,E,,0.010000,E,,0.000000,E,,0.010000,E,
237,'704,Viet Nam,2576,'S2576,Palmkernel Oil,681,Fat supply quantity (t),t,,,,,,,,,,,,,565.040000,I,,279.010000,I,,446.050000,I,,339.040000,I,,371.300000,I,,404.270000,I,,392.930000,I,,370.880000,I,,151.220000,I,,520.490000,I,
237,'704,Viet Nam,2577,'S2577,Palm Oil,5611,Import quantity,1000 t,556.000000,I,,567.000000,I,,600.000000,I,,655.000000,I,,449.000000,I,,429.000000,I,,485.000000,I,,418.000000,I,,457.000000,I,,616.000000,I,,935.000000,I,,945.000000,I,,717.000000,I,,1418.000000,I,
237,'704,Viet Nam,2577,'S2577,Palm Oil,5072,Stock Variation,1000 t,18.000000,I,,-12.000000,I,,0.000000,I,,81.000000,I,,41.000000,I,,-18.000000,I,,6.000000,I,,0.000000,I,,-7.000000,I,,-14.000000,I,,30.000000,I,,-54.000000,I,,-16.000000,I,,100.000000,I,
237,'704,Viet Nam,2577,'S2577,Palm Oil,5911,Export quantity,1000 t,1.000000,I,,2.000000,I,,1.000000,I,,0.000000,I,,51.000000,I,,59.000000,I,,60.000000,I,,0.000000,I,,39.000000,I,,43.000000,I,,43.000000,I,,45.000000,I,,67.000000,I,,0.000000,I,
237,'704,Viet Nam,2577,'S2577,Palm Oil,5301,Domestic supply quantity,1000 t,537.000000,I,,577.000000,I,,599.000000,I,,574.000000,I,,357.000000,I,,388.000000,I,,419.000000,I,,418.000000,I,,425.000000,I,,587.000000,I,,862.000000,I,,953.000000,I,,666.000000,I,,1318.000000,I,
237,'704,Viet Nam,2577,'S2577,Palm Oil,5131,Processing,1000 t,0.000000,I,,0.000000,I,,0.000000,I,,0.000000,I,,,,,,,,,,,,,,,,,10.000000,I,,26.000000,I,,65.000000,I,,50.000000,I,,90.000000,I,
237,'704,Viet Nam,2577,'S2577,Palm Oil,5154,Other uses (non-food),1000 t,537.000000,I,,577.000000,I,,599.000000,I,,574.000000,I,,321.000000,I,,388.000000,I,,419.000000,I,,418.000000,I,,425.000000,I,,477.000000,I,,836.000000,I,,820.000000,I,,565.000000,I,,1142.000000,I,
237,'704,Viet Nam,2577,'S2577,Palm Oil,5170,Residuals,1000 t,0.000000,I,,0.000000,I,,0.000000,I,,0.000000,I,,0.000000,I,,0.000000,I,,0.000000,I,,0.000000,I,,0.000000,I,,0.000000,I,,0.000000,I,,0.000000,I,,0.000000,I,,0.000000,I,
237,'704,Viet Nam,2577,'S2577,Palm Oil,5142,Food,1000 t,,,,,,,,,,,,,36.000000,I,,0.000000,I,,0.000000,I,,0.000000,I,,0.000000,I,,100.000000,I,,0.000000,I,,68.000000,I,,51.000000,I,,86.000000,I,
237,'704,Viet Nam,2577,'S2577,Palm Oil,645,Food supply quantity (kg/capita/yr),kg/cap,,,,,,,,,,,,,0.390000,E,,0.000000,E,,0.000000,E,,0.000000,E,,0.000000,E,,1.030000,E,,0.000000,E,,0.690000,E,,0.510000,E,,0.860000,E,
237,'704,Viet Nam,2577,'S2577,Palm Oil,664,Food supply (kcal/capita/day),kcal/cap/d,,,,,,,,,,,,,9.580000,E,,0.000000,E,,0.000000,E,,0.000000,E,,0.000000,E,,25.320000,E,,0.000000,E,,16.910000,E,,12.610000,E,,21.040000,E,
237,'704,Viet Nam,2577,'S2577,Palm Oil,661,Food supply (kcal),million Kcal,,,,,,,,,,,,,320546.890000,I,,0.000000,I,,0.000000,I,,0.000000,I,,0.000000,I,,898000.000000,I,,0.000000,I,,610817.230000,I,,458647.180000,I,,770583.680000,I,
237,'704,Viet Nam,2577,'S2577,Palm Oil,674,Protein supply quantity (g/capita/day),g/cap/d,,,,,,,,,,,,,0.000000,E,,0.000000,E,,0.000000,E,,0.000000,E,,0.000000,E,,0.000000,E,,0.000000,E,,0.000000,E,,0.000000,E,,0.000000,E,
237,'704,Viet Nam,2577,'S2577,Palm Oil,671,Protein supply quantity (t),t,,,,,,,,,,,,,0.000000,I,,0.000000,I,,0.000000,I,,0.000000,I,,0.000000,I,,0.000000,I,,0.000000,I,,0.000000,I,,0.000000,I,,0.000000,I,
237,'704,Viet Nam,2577,'S2577,Palm Oil,684,Fat supply quantity (g/capita/day),g/cap/d,,,,,,,,,,,,,1.060000,E,,0.000000,E,,0.000000,E,,0.000000,E,,0.000000,E,,2.810000,E,,0.000000,E,,1.880000,E,,1.400000,E,,2.340000,E,
237,'704,Viet Nam,2577,'S2577,Palm Oil,681,Fat supply quantity (t),t,,,,,,,,,,,,,35624.250000,I,,0.000000,I,,0.000000,I,,0.000000,I,,0.000000,I,,99800.000000,I,,0.000000,I,,67883.700000,I,,50972.150000,I,,85639.480000,I,
237,'704,Viet Nam,2578,'S2578,Coconut Oil,5511,Production,1000 t,87.000000,I,,104.000000,I,,114.000000,I,,138.000000,I,,150.000000,I,,153.000000,I,,169.000000,I,,169.000000,I,,171.000000,I,,179.000000,I,,177.000000,I,,178.000000,I,,182.000000,I,,182.000000,I,
237,'704,Viet Nam,2578,'S2578,Coconut Oil,5611,Import quantity,1000 t,0.000000,I,,1.000000,I,,2.000000,I,,2.000000,I,,1.000000,I,,1.000000,I,,1.000000,I,,1.000000,I,,1.000000,I,,2.000000,I,,6.000000,I,,5.000000,I,,4.000000,I,,4.000000,I,
237,'704,Viet Nam,2578,'S2578,Coconut Oil,5072,Stock Variation,1000 t,-6.000000,I,,2.000000,I,,0.000000,I,,3.000000,I,,-2.000000,I,,-1.000000,I,,-2.000000,I,,1.000000,I,,2.000000,I,,1.000000,I,,-1.000000,I,,4.000000,I,,-2.000000,I,,-1.000000,I,
237,'704,Viet Nam,2578,'S2578,Coconut Oil,5911,Export quantity,1000 t,0.000000,I,,1.000000,I,,4.000000,I,,2.000000,I,,1.000000,I,,14.000000,I,,17.000000,I,,6.000000,I,,10.000000,I,,8.000000,I,,33.000000,I,,24.000000,I,,10.000000,I,,7.000000,I,
237,'704,Viet Nam,2578,'S2578,Coconut Oil,5301,Domestic supply quantity,1000 t,94.000000,I,,101.000000,I,,112.000000,I,,135.000000,I,,151.000000,I,,141.000000,I,,155.000000,I,,163.000000,I,,160.000000,I,,173.000000,I,,150.000000,I,,155.000000,I,,178.000000,I,,180.000000,I,
237,'704,Viet Nam,2578,'S2578,Coconut Oil,5131,Processing,1000 t,0.000000,I,,0.000000,I,,0.000000,I,,0.000000,I,,,,,,,,,,,,,,,,,,,,,,,,,,,,,,,
237,'704,Viet Nam,2578,'S2578,Coconut Oil,5154,Other uses (non-food),1000 t,39.000000,I,,42.000000,I,,47.000000,I,,57.000000,I,,67.000000,I,,60.000000,I,,68.000000,I,,73.000000,I,,67.000000,I,,76.000000,I,,66.000000,I,,70.000000,I,,81.000000,I,,82.000000,I,
237,'704,Viet Nam,2578,'S2578,Coconut Oil,5170,Residuals,1000 t,0.000000,I,,0.000000,I,,0.000000,I,,0.000000,I,,0.000000,I,,0.000000,I,,0.000000,I,,0.000000,I,,0.000000,I,,0.000000,I,,0.000000,I,,0.000000,I,,0.000000,I,,0.000000,I,
237,'704,Viet Nam,2578,'S2578,Coconut Oil,5142,Food,1000 t,55.000000,I,,59.000000,I,,65.000000,I,,78.000000,I,,85.000000,I,,82.000000,I,,87.000000,I,,90.000000,I,,93.000000,I,,96.000000,I,,84.000000,I,,84.000000,I,,97.000000,I,,98.000000,I,
237,'704,Viet Nam,2578,'S2578,Coconut Oil,645,Food supply quantity (kg/capita/yr),kg/cap,0.620000,E,,0.660000,E,,0.720000,E,,0.860000,E,,0.920000,E,,0.880000,E,,0.920000,E,,0.940000,E,,0.960000,E,,0.990000,E,,0.860000,E,,0.850000,E,,0.970000,E,,0.970000,E,
237,'704,Viet Nam,2578,'S2578,Coconut Oil,664,Food supply (kcal/capita/day),kcal/cap/d,15.340000,E,,16.350000,E,,17.830000,E,,21.150000,E,,22.730000,E,,21.630000,E,,22.750000,E,,23.200000,E,,23.710000,E,,24.380000,E,,21.130000,E,,20.940000,E,,23.870000,E,,23.980000,E,
237,'704,Viet Nam,2578,'S2578,Coconut Oil,661,Food supply (kcal),million Kcal,489721.470000,I,,528047.080000,I,,582583.610000,I,,699115.080000,I,,760450.740000,I,,732790.850000,I,,780428.030000,I,,805823.300000,I,,832974.470000,I,,864712.220000,I,,756342.930000,I,,756052.910000,I,,868575.540000,I,,878501.790000,I,
237,'704,Viet Nam,2578,'S2578,Coconut Oil,674,Protein supply quantity (g/capita/day),g/cap/d,0.000000,E,,0.000000,E,,0.000000,E,,0.000000,E,,0.000000,E,,0.000000,E,,0.000000,E,,0.000000,E,,0.000000,E,,0.000000,E,,0.000000,E,,0.000000,E,,0.000000,E,,0.000000,E,
237,'704,Viet Nam,2578,'S2578,Coconut Oil,671,Protein supply quantity (t),t,0.000000,I,,0.000000,I,,0.000000,I,,0.000000,I,,0.000000,I,,0.000000,I,,0.000000,I,,0.000000,I,,0.000000,I,,0.000000,I,,0.000000,I,,0.000000,I,,0.000000,I,,0.000000,I,
237,'704,Viet Nam,2578,'S2578,Coconut Oil,684,Fat supply quantity (g/capita/day),g/cap/d,1.710000,E,,1.820000,E,,1.980000,E,,2.350000,E,,2.530000,E,,2.400000,E,,2.530000,E,,2.580000,E,,2.640000,E,,2.710000,E,,2.350000,E,,2.330000,E,,2.650000,E,,2.670000,E,
237,'704,Viet Nam,2578,'S2578,Coconut Oil,681,Fat supply quantity (t),t,54425.620000,I,,58684.970000,I,,64745.930000,I,,77696.750000,I,,84513.340000,I,,81439.340000,I,,86733.540000,I,,89555.860000,I,,92573.330000,I,,96100.530000,I,,84056.820000,I,,84024.590000,I,,96529.890000,I,,97633.050000,I,
237,'704,Viet Nam,2579,'S2579,Sesameseed Oil,5511,Production,1000 t,4.000000,I,,8.000000,I,,6.000000,I,,4.000000,I,,3.000000,I,,4.000000,I,,3.000000,I,,3.000000,I,,3.000000,I,,3.000000,I,,4.000000,I,,3.000000,I,,3.000000,I,,4.000000,I,
237,'704,Viet Nam,2579,'S2579,Sesameseed Oil,5611,Import quantity,1000 t,,,,,,,,,,,,,0.000000,I,,0.000000,I,,0.000000,I,,0.000000,I,,0.000000,I,,0.000000,I,,0.000000,I,,0.000000,I,,1.000000,I,,1.000000,I,
237,'704,Viet Nam,2579,'S2579,Sesameseed Oil,5072,Stock Variation,1000 t,0.000000,I,,0.000000,I,,1.000000,I,,-1.000000,I,,0.000000,I,,0.000000,I,,0.000000,I,,0.000000,I,,0.000000,I,,0.000000,I,,0.000000,I,,0.000000,I,,0.000000,I,,0.000000,I,
237,'704,Viet Nam,2579,'S2579,Sesameseed Oil,5911,Export quantity,1000 t,1.000000,I,,1.000000,I,,2.000000,I,,2.000000,I,,1.000000,I,,1.000000,I,,1.000000,I,,1.000000,I,,1.000000,I,,1.000000,I,,2.000000,I,,1.000000,I,,0.000000,I,,0.000000,I,
237,'704,Viet Nam,2579,'S2579,Sesameseed Oil,5301,Domestic supply quantity,1000 t,3.000000,I,,7.000000,I,,3.000000,I,,4.000000,I,,2.000000,I,,3.000000,I,,3.000000,I,,2.000000,I,,2.000000,I,,3.000000,I,,3.000000,I,,2.000000,I,,4.000000,I,,4.000000,I,
237,'704,Viet Nam,2579,'S2579,Sesameseed Oil,5131,Processing,1000 t,0.000000,I,,0.000000,I,,0.000000,I,,0.000000,I,,,,,,,,,,,,,,,,,,,,,,,,,,,,,,,
237,'704,Viet Nam,2579,'S2579,Sesameseed Oil,5170,Residuals,1000 t,0.000000,I,,0.000000,I,,0.000000,I,,0.000000,I,,0.000000,I,,0.000000,I,,0.000000,I,,0.000000,I,,0.000000,I,,0.000000,I,,0.000000,I,,0.000000,I,,0.000000,I,,0.000000,I,
237,'704,Viet Nam,2579,'S2579,Sesameseed Oil,5142,Food,1000 t,3.000000,I,,7.000000,I,,3.000000,I,,4.000000,I,,2.000000,I,,3.000000,I,,3.000000,I,,2.000000,I,,2.000000,I,,3.000000,I,,3.000000,I,,2.000000,I,,4.000000,I,,4.000000,I,
237,'704,Viet Nam,2579,'S2579,Sesameseed Oil,645,Food supply quantity (kg/capita/yr),kg/cap,0.040000,E,,0.080000,E,,0.040000,E,,0.040000,E,,0.030000,E,,0.040000,E,,0.030000,E,,0.030000,E,,0.020000,E,,0.030000,E,,0.030000,E,,0.020000,E,,0.040000,E,,0.040000,E,
237,'704,Viet Nam,2579,'S2579,Sesameseed Oil,664,Food supply (kcal/capita/day),kcal/cap/d,0.940000,E,,1.940000,E,,0.950000,E,,0.960000,E,,0.640000,E,,0.900000,E,,0.740000,E,,0.630000,E,,0.520000,E,,0.690000,E,,0.660000,E,,0.610000,E,,0.920000,E,,1.020000,E,
237,'704,Viet Nam,2579,'S2579,Sesameseed Oil,661,Food supply (kcal),million Kcal,29991.200000,I,,62594.310000,I,,31192.410000,I,,31796.000000,I,,21558.500000,I,,30477.790000,I,,25257.010000,I,,21742.500000,I,,18125.050000,I,,24546.350000,I,,23500.520000,I,,22023.150000,I,,33375.400000,I,,37312.910000,I,
237,'704,Viet Nam,2579,'S2579,Sesameseed Oil,674,Protein supply quantity (g/capita/day),g/cap/d,0.000000,E,,0.000000,E,,0.000000,E,,0.000000,E,,0.000000,E,,0.000000,E,,0.000000,E,,0.000000,E,,0.000000,E,,0.000000,E,,0.000000,E,,0.000000,E,,0.000000,E,,0.000000,E,
237,'704,Viet Nam,2579,'S2579,Sesameseed Oil,671,Protein supply quantity (t),t,0.000000,I,,0.000000,I,,0.000000,I,,0.000000,I,,0.000000,I,,0.000000,I,,0.000000,I,,0.000000,I,,0.000000,I,,0.000000,I,,0.000000,I,,0.000000,I,,0.000000,I,,0.000000,I,
237,'704,Viet Nam,2579,'S2579,Sesameseed Oil,684,Fat supply quantity (g/capita/day),g/cap/d,0.100000,E,,0.220000,E,,0.110000,E,,0.110000,E,,0.070000,E,,0.100000,E,,0.080000,E,,0.070000,E,,0.060000,E,,0.080000,E,,0.070000,E,,0.070000,E,,0.100000,E,,0.110000,E,
237,'704,Viet Nam,2579,'S2579,Sesameseed Oil,681,Fat supply quantity (t),t,3332.360000,I,,6954.920000,I,,3465.820000,I,,3532.890000,I,,2395.390000,I,,3386.420000,I,,2806.330000,I,,2415.830000,I,,2013.890000,I,,2727.370000,I,,2611.170000,I,,2447.020000,I,,3708.380000,I,,4145.880000,I,
237,'704,Viet Nam,2580,'S2580,Olive Oil,5511,Production,1000 t,0.000000,I,,0.000000,I,,0.000000,I,,0.000000,I,,,,,,,,,,,,,,,,,,,,,,,,,,,,,,,
237,'704,Viet Nam,2580,'S2580,Olive Oil,5611,Import quantity,1000 t,0.000000,I,,0.000000,I,,0.000000,I,,0.000000,I,,1.000000,I,,2.000000,I,,2.000000,I,,1.000000,I,,1.000000,I,,1.000000,I,,2.000000,I,,1.000000,I,,2.000000,I,,2.000000,I,
237,'704,Viet Nam,2580,'S2580,Olive Oil,5072,Stock Variation,1000 t,0.000000,I,,0.000000,I,,0.000000,I,,0.000000,I,,0.000000,I,,0.000000,I,,0.000000,I,,0.000000,I,,0.000000,I,,0.000000,I,,0.000000,I,,0.000000,I,,0.000000,I,,0.000000,I,
237,'704,Viet Nam,2580,'S2580,Olive Oil,5911,Export quantity,1000 t,,,,,,,,,,,,,0.000000,I,,0.000000,I,,0.000000,I,,0.000000,I,,0.000000,I,,0.000000,I,,0.000000,I,,0.000000,I,,0.000000,I,,0.000000,I,
237,'704,Viet Nam,2580,'S2580,Olive Oil,5301,Domestic supply quantity,1000 t,0.000000,I,,0.000000,I,,0.000000,I,,0.000000,I,,1.000000,I,,2.000000,I,,2.000000,I,,1.000000,I,,1.000000,I,,1.000000,I,,2.000000,I,,1.000000,I,,2.000000,I,,2.000000,I,
237,'704,Viet Nam,2580,'S2580,Olive Oil,5170,Residuals,1000 t,0.000000,I,,0.000000,I,,0.000000,I,,0.000000,I,,0.000000,I,,0.000000,I,,0.000000,I,,0.000000,I,,0.000000,I,,0.000000,I,,0.000000,I,,0.000000,I,,0.000000,I,,0.000000,I,
237,'704,Viet Nam,2580,'S2580,Olive Oil,5142,Food,1000 t,0.000000,I,,0.000000,I,,0.000000,I,,0.000000,I,,1.000000,I,,2.000000,I,,2.000000,I,,1.000000,I,,1.000000,I,,1.000000,I,,2.000000,I,,1.000000,I,,2.000000,I,,2.000000,I,
237,'704,Viet Nam,2580,'S2580,Olive Oil,645,Food supply quantity (kg/capita/yr),kg/cap,0.010000,E,,0.010000,E,,0.010000,E,,0.010000,E,,0.010000,E,,0.020000,E,,0.020000,E,,0.010000,E,,0.010000,E,,0.010000,E,,0.020000,E,,0.010000,E,,0.020000,E,,0.020000,E,
237,'704,Viet Nam,2580,'S2580,Olive Oil,664,Food supply (kcal/capita/day),kcal/cap/d,0.130000,E,,0.130000,E,,0.130000,E,,0.130000,E,,0.310000,E,,0.430000,E,,0.440000,E,,0.290000,E,,0.320000,E,,0.310000,E,,0.390000,E,,0.300000,E,,0.410000,E,,0.460000,E,
237,'704,Viet Nam,2580,'S2580,Olive Oil,661,Food supply (kcal),million Kcal,4065.740000,I,,4150.120000,I,,4228.590000,I,,4310.410000,I,,10352.520000,I,,14462.490000,I,,15067.210000,I,,10151.900000,I,,11322.420000,I,,11142.620000,I,,14053.840000,I,,10952.200000,I,,14899.000000,I,,16907.440000,I,
237,'704,Viet Nam,2580,'S2580,Olive Oil,674,Protein supply quantity (g/capita/day),g/cap/d,0.000000,E,,0.000000,E,,0.000000,E,,0.000000,E,,0.000000,E,,0.000000,E,,0.000000,E,,0.000000,E,,0.000000,E,,0.000000,E,,0.000000,E,,0.000000,E,,0.000000,E,,0.000000,E,
237,'704,Viet Nam,2580,'S2580,Olive Oil,671,Protein supply quantity (t),t,0.000000,I,,0.000000,I,,0.000000,I,,0.000000,I,,0.000000,I,,0.000000,I,,0.000000,I,,0.000000,I,,0.000000,I,,0.000000,I,,0.000000,I,,0.000000,I,,0.000000,I,,0.000000,I,
237,'704,Viet Nam,2580,'S2580,Olive Oil,684,Fat supply quantity (g/capita/day),g/cap/d,0.010000,E,,0.010000,E,,0.010000,E,,0.010000,E,,0.030000,E,,0.050000,E,,0.050000,E,,0.030000,E,,0.040000,E,,0.030000,E,,0.040000,E,,0.030000,E,,0.050000,E,,0.050000,E,
237,'704,Viet Nam,2580,'S2580,Olive Oil,681,Fat supply quantity (t),t,451.300000,I,,460.660000,I,,469.370000,I,,478.460000,I,,1149.270000,I,,1605.690000,I,,1673.090000,I,,1127.180000,I,,1257.000000,I,,1236.950000,I,,1560.140000,I,,1215.910000,I,,1654.310000,I,,1877.470000,I,
237,'704,Viet Nam,2581,'S2581,Ricebran Oil,5511,Production,1000 t,10.000000,I,,10.000000,I,,11.000000,I,,11.000000,I,,11.000000,I,,11.000000,I,,10.000000,I,,10.000000,I,,11.000000,I,,11.000000,I,,10.000000,I,,11.000000,I,,10.000000,I,,11.000000,I,
237,'704,Viet Nam,2581,'S2581,Ricebran Oil,5072,Stock Variation,1000 t,0.000000,I,,0.000000,I,,1.000000,I,,1.000000,I,,1.000000,I,,1.000000,I,,1.000000,I,,1.000000,I,,1.000000,I,,1.000000,I,,0.000000,I,,0.000000,I,,0.000000,I,,0.000000,I,
237,'704,Viet Nam,2581,'S2581,Ricebran Oil,5911,Export quantity,1000 t,,,,,,,,,,,,,,,,,,,,,,,,,,,,,,,,,,,,,3.000000,I,,3.000000,I,
237,'704,Viet Nam,2581,'S2581,Ricebran Oil,5301,Domestic supply quantity,1000 t,10.000000,I,,10.000000,I,,10.000000,I,,10.000000,I,,10.000000,I,,10.000000,I,,10.000000,I,,10.000000,I,,10.000000,I,,9.000000,I,,10.000000,I,,11.000000,I,,8.000000,I,,7.000000,I,
237,'704,Viet Nam,2581,'S2581,Ricebran Oil,5131,Processing,1000 t,0.000000,I,,0.000000,I,,0.000000,I,,0.000000,I,,,,,,,,,,,,,,,,,,,,,,,,,,,,,,,
237,'704,Viet Nam,2581,'S2581,Ricebran Oil,5170,Residuals,1000 t,0.000000,I,,0.000000,I,,0.000000,I,,0.000000,I,,0.000000,I,,0.000000,I,,0.000000,I,,0.000000,I,,0.000000,I,,0.000000,I,,0.000000,I,,0.000000,I,,0.000000,I,,0.000000,I,
237,'704,Viet Nam,2581,'S2581,Ricebran Oil,5142,Food,1000 t,10.000000,I,,10.000000,I,,10.000000,I,,10.000000,I,,10.000000,I,,10.000000,I,,10.000000,I,,10.000000,I,,10.000000,I,,9.000000,I,,10.000000,I,,11.000000,I,,8.000000,I,,7.000000,I,
237,'704,Viet Nam,2581,'S2581,Ricebran Oil,645,Food supply quantity (kg/capita/yr),kg/cap,0.110000,E,,0.110000,E,,0.110000,E,,0.110000,E,,0.110000,E,,0.110000,E,,0.100000,E,,0.100000,E,,0.100000,E,,0.100000,E,,0.100000,E,,0.110000,E,,0.080000,E,,0.070000,E,
237,'704,Viet Nam,2581,'S2581,Ricebran Oil,664,Food supply (kcal/capita/day),kcal/cap/d,2.730000,E,,2.730000,E,,2.670000,E,,2.690000,E,,2.720000,E,,2.740000,E,,2.550000,E,,2.500000,E,,2.540000,E,,2.370000,E,,2.550000,E,,2.660000,E,,1.960000,E,,1.810000,E,
237,'704,Viet Nam,2581,'S2581,Ricebran Oil,661,Food supply (kcal),million Kcal,87141.150000,I,,88201.200000,I,,87374.370000,I,,89065.110000,I,,90958.580000,I,,92889.000000,I,,87576.180000,I,,86817.320000,I,,89391.790000,I,,84115.320000,I,,91347.120000,I,,96227.640000,I,,71385.210000,I,,66403.330000,I,
237,'704,Viet Nam,2581,'S2581,Ricebran Oil,674,Protein supply quantity (g/capita/day),g/cap/d,0.000000,E,,0.000000,E,,0.000000,E,,0.000000,E,,0.000000,E,,0.000000,E,,0.000000,E,,0.000000,E,,0.000000,E,,0.000000,E,,0.000000,E,,0.000000,E,,0.000000,E,,0.000000,E,
237,'704,Viet Nam,2581,'S2581,Ricebran Oil,671,Protein supply quantity (t),t,0.000000,I,,0.000000,I,,0.000000,I,,0.000000,I,,0.000000,I,,0.000000,I,,0.000000,I,,0.000000,I,,0.000000,I,,0.000000,I,,0.000000,I,,0.000000,I,,0.000000,I,,0.000000,I,
237,'704,Viet Nam,2581,'S2581,Ricebran Oil,684,Fat supply quantity (g/capita/day),g/cap/d,0.300000,E,,0.300000,E,,0.300000,E,,0.300000,E,,0.300000,E,,0.300000,E,,0.280000,E,,0.280000,E,,0.280000,E,,0.260000,E,,0.280000,E,,0.300000,E,,0.220000,E,,0.200000,E,
237,'704,Viet Nam,2581,'S2581,Ricebran Oil,681,Fat supply quantity (t),t,9682.350000,I,,9800.130000,I,,9708.260000,I,,9896.120000,I,,10106.510000,I,,10321.000000,I,,9730.690000,I,,9646.370000,I,,9932.420000,I,,9346.150000,I,,10149.680000,I,,10691.960000,I,,7931.690000,I,,7378.150000,I,
237,'704,Viet Nam,2582,'S2582,Maize Germ Oil,5511,Production,1000 t,0.000000,I,,0.000000,I,,0.000000,I,,0.000000,I,,,,,,,,,,,,,,,,,,,,,,,,,,,,,,,
237,'704,Viet Nam,2582,'S2582,Maize Germ Oil,5611,Import quantity,1000 t,,,,,,,,,,,,,2.000000,I,,2.000000,I,,3.000000,I,,2.000000,I,,1.000000,I,,2.000000,I,,1.000000,I,,1.000000,I,,1.000000,I,,0.000000,I,
237,'704,Viet Nam,2582,'S2582,Maize Germ Oil,5911,Export quantity,1000 t,,,,,,,,,,,,,,,,,,,,,,,,,,,,,,,,,,,,,0.000000,I,,,,
237,'704,Viet Nam,2582,'S2582,Maize Germ Oil,5301,Domestic supply quantity,1000 t,0.000000,I,,0.000000,I,,0.000000,I,,0.000000,I,,2.000000,I,,2.000000,I,,3.000000,I,,2.000000,I,,1.000000,I,,2.000000,I,,1.000000,I,,1.000000,I,,1.000000,I,,0.000000,I,
237,'704,Viet Nam,2582,'S2582,Maize Germ Oil,5170,Residuals,1000 t,0.000000,I,,0.000000,I,,0.000000,I,,0.000000,I,,0.000000,I,,0.000000,I,,0.000000,I,,0.000000,I,,0.000000,I,,0.000000,I,,0.000000,I,,0.000000,I,,0.000000,I,,0.000000,I,
237,'704,Viet Nam,2582,'S2582,Maize Germ Oil,5142,Food,1000 t,,,,,,,,,,,,,2.000000,I,,2.000000,I,,3.000000,I,,2.000000,I,,1.000000,I,,2.000000,I,,1.000000,I,,1.000000,I,,1.000000,I,,0.000000,I,
237,'704,Viet Nam,2582,'S2582,Maize Germ Oil,645,Food supply quantity (kg/capita/yr),kg/cap,,,,,,,,,,,,,0.030000,E,,0.020000,E,,0.030000,E,,0.020000,E,,0.010000,E,,0.020000,E,,0.010000,E,,0.010000,E,,0.010000,E,,0.000000,E,
237,'704,Viet Nam,2582,'S2582,Maize Germ Oil,664,Food supply (kcal/capita/day),kcal/cap/d,,,,,,,,,,,,,0.640000,E,,0.500000,E,,0.800000,E,,0.540000,E,,0.310000,E,,0.410000,E,,0.360000,E,,0.260000,E,,0.240000,E,,0.110000,E,
237,'704,Viet Nam,2582,'S2582,Maize Germ Oil,661,Food supply (kcal),million Kcal,,,,,,,,,,,,,21332.550000,I,,17039.670000,I,,27348.180000,I,,18653.670000,I,,10903.350000,I,,14455.200000,I,,12835.250000,I,,9422.170000,I,,8665.580000,I,,3902.260000,I,
237,'704,Viet Nam,2582,'S2582,Maize Germ Oil,674,Protein supply quantity (g/capita/day),g/cap/d,,,,,,,,,,,,,0.000000,E,,0.000000,E,,0.000000,E,,0.000000,E,,0.000000,E,,0.000000,E,,0.000000,E,,0.000000,E,,0.000000,E,,0.000000,E,
237,'704,Viet Nam,2582,'S2582,Maize Germ Oil,671,Protein supply quantity (t),t,,,,,,,,,,,,,0.000000,I,,0.000000,I,,0.000000,I,,0.000000,I,,0.000000,I,,0.000000,I,,0.000000,I,,0.000000,I,,0.000000,I,,0.000000,I,
237,'704,Viet Nam,2582,'S2582,Maize Germ Oil,684,Fat supply quantity (g/capita/day),g/cap/d,,,,,,,,,,,,,0.070000,E,,0.060000,E,,0.090000,E,,0.060000,E,,0.030000,E,,0.050000,E,,0.040000,E,,0.030000,E,,0.030000,E,,0.010000,E,
237,'704,Viet Nam,2582,'S2582,Maize Germ Oil,681,Fat supply quantity (t),t,,,,,,,,,,,,,2367.910000,I,,1891.400000,I,,3035.650000,I,,2070.560000,I,,1210.270000,I,,1604.530000,I,,1424.710000,I,,1045.860000,I,,961.880000,I,,433.150000,I,
237,'704,Viet Nam,2586,'S2586,"Oilcrops Oil, Other",5511,Production,1000 t,0.000000,I,,0.000000,I,,0.000000,I,,0.000000,I,,,,,,,,,,,,,,,,,10.000000,I,,26.000000,I,,65.000000,I,,50.000000,I,,89.000000,I,
237,'704,Viet Nam,2586,'S2586,"Oilcrops Oil, Other",5611,Import quantity,1000 t,39.000000,I,,68.000000,I,,45.000000,I,,45.000000,I,,28.000000,I,,28.000000,I,,37.000000,I,,33.000000,I,,42.000000,I,,55.000000,I,,93.000000,I,,118.000000,I,,81.000000,I,,151.000000,I,
237,'704,Viet Nam,2586,'S2586,"Oilcrops Oil, Other",5072,Stock Variation,1000 t,0.000000,I,,0.000000,I,,0.000000,I,,5.000000,I,,0.000000,I,,-5.000000,I,,1.000000,I,,1.000000,I,,0.000000,I,,0.000000,I,,3.000000,I,,86.000000,I,,-37.000000,I,,41.000000,I,
237,'704,Viet Nam,2586,'S2586,"Oilcrops Oil, Other",5911,Export quantity,1000 t,0.000000,I,,0.000000,I,,0.000000,I,,0.000000,I,,8.000000,I,,29.000000,I,,9.000000,I,,9.000000,I,,14.000000,I,,31.000000,I,,46.000000,I,,49.000000,I,,131.000000,I,,94.000000,I,
237,'704,Viet Nam,2586,'S2586,"Oilcrops Oil, Other",5301,Domestic supply quantity,1000 t,39.000000,I,,68.000000,I,,45.000000,I,,40.000000,I,,19.000000,I,,4.000000,I,,27.000000,I,,23.000000,I,,27.000000,I,,34.000000,I,,70.000000,I,,47.000000,I,,37.000000,I,,105.000000,I,
237,'704,Viet Nam,2586,'S2586,"Oilcrops Oil, Other",5154,Other uses (non-food),1000 t,23.000000,I,,20.000000,I,,20.000000,I,,20.000000,I,,14.000000,I,,13.000000,I,,13.000000,I,,13.000000,I,,15.000000,I,,19.000000,I,,34.000000,I,,42.000000,I,,21.000000,I,,70.000000,I,
237,'704,Viet Nam,2586,'S2586,"Oilcrops Oil, Other",5170,Residuals,1000 t,0.000000,I,,0.000000,I,,0.000000,I,,0.000000,I,,-3.000000,I,,-10.000000,I,,-1.000000,I,,-2.000000,I,,0.000000,I,,-2.000000,I,,-3.000000,I,,-8.000000,I,,-9.000000,I,,-9.000000,I,
237,'704,Viet Nam,2586,'S2586,"Oilcrops Oil, Other",5142,Food,1000 t,16.000000,I,,48.000000,I,,24.000000,I,,20.000000,I,,8.000000,I,,1.000000,I,,16.000000,I,,11.000000,I,,12.000000,I,,16.000000,I,,39.000000,I,,14.000000,I,,24.000000,I,,43.000000,I,
237,'704,Viet Nam,2586,'S2586,"Oilcrops Oil, Other",645,Food supply quantity (kg/capita/yr),kg/cap,0.180000,E,,0.540000,E,,0.270000,E,,0.220000,E,,0.090000,E,,0.010000,E,,0.170000,E,,0.120000,E,,0.120000,E,,0.170000,E,,0.390000,E,,0.140000,E,,0.240000,E,,0.430000,E,
237,'704,Viet Nam,2586,'S2586,"Oilcrops Oil, Other",664,Food supply (kcal/capita/day),kcal/cap/d,3.610000,E,,11.350000,E,,5.600000,E,,4.390000,E,,2.040000,E,,0.140000,E,,3.800000,E,,2.760000,E,,2.860000,E,,3.790000,E,,8.370000,E,,2.920000,E,,5.330000,E,,9.970000,E,
237,'704,Viet Nam,2586,'S2586,"Oilcrops Oil, Other",661,Food supply (kcal),million Kcal,115239.660000,I,,366567.290000,I,,183020.000000,I,,145240.000000,I,,68388.000000,I,,4713.710000,I,,130491.380000,I,,95901.350000,I,,100305.020000,I,,134463.330000,I,,299687.760000,I,,105283.840000,I,,193948.540000,I,,365155.180000,I,
237,'704,Viet Nam,2586,'S2586,"Oilcrops Oil, Other",674,Protein supply quantity (g/capita/day),g/cap/d,0.000000,E,,0.000000,E,,0.000000,E,,0.000000,E,,0.000000,E,,0.000000,E,,0.000000,E,,0.000000,E,,0.000000,E,,0.000000,E,,0.000000,E,,0.000000,E,,0.000000,E,,0.000000,E,
237,'704,Viet Nam,2586,'S2586,"Oilcrops Oil, Other",671,Protein supply quantity (t),t,14.590000,I,,68.100000,I,,22.400000,I,,17.600000,I,,8.580000,I,,1.250000,I,,15.890000,I,,11.510000,I,,11.650000,I,,15.270000,I,,34.260000,I,,11.900000,I,,21.870000,I,,43.520000,I,
237,'704,Viet Nam,2586,'S2586,"Oilcrops Oil, Other",684,Fat supply quantity (g/capita/day),g/cap/d,0.400000,E,,1.260000,E,,0.620000,E,,0.490000,E,,0.230000,E,,0.020000,E,,0.420000,E,,0.310000,E,,0.320000,E,,0.420000,E,,0.930000,E,,0.320000,E,,0.590000,E,,1.110000,E,
237,'704,Viet Nam,2586,'S2586,"Oilcrops Oil, Other",681,Fat supply quantity (t),t,12802.820000,I,,40652.330000,I,,20335.600000,I,,16138.400000,I,,7597.850000,I,,521.440000,I,,14499.180000,I,,10656.070000,I,,11146.480000,I,,14943.620000,I,,33306.120000,I,,11700.690000,I,,21554.090000,I,,40576.420000,I,
237,'704,Viet Nam,2918,'S2918,Vegetables,5511,Production,1000 t,8653.000000,E,,7573.000000,E,,13784.000000,E,,14675.000000,E,,15509.000000,E,,15695.000000,E,,16337.000000,E,,16888.000000,E,,17524.000000,E,,18054.000000,E,,18479.000000,E,,18582.000000,E,,19029.000000,E,,19580.000000,E,
237,'704,Viet Nam,2918,'S2918,Vegetables,5611,Import quantity,1000 t,282.000000,E,,314.000000,E,,306.000000,E,,338.000000,E,,90.000000,E,,112.000000,E,,129.000000,E,,142.000000,E,,211.000000,E,,261.000000,E,,231.000000,E,,253.000000,E,,892.000000,E,,1763.000000,E,
237,'704,Viet Nam,2918,'S2918,Vegetables,5072,Stock Variation,1000 t,-21.000000,E,,-30.000000,E,,-14.000000,E,,-26.000000,E,,2.000000,E,,0.000000,E,,1.000000,E,,4.000000,E,,-3.000000,E,,0.000000,E,,-1.000000,E,,7.000000,E,,60.000000,E,,75.000000,E,
237,'704,Viet Nam,2918,'S2918,Vegetables,5911,Export quantity,1000 t,286.000000,E,,281.000000,E,,294.000000,E,,306.000000,E,,358.000000,E,,205.000000,E,,492.000000,E,,411.000000,E,,454.000000,E,,362.000000,E,,491.000000,E,,542.000000,E,,366.000000,E,,413.000000,E,
237,'704,Viet Nam,2918,'S2918,Vegetables,5301,Domestic supply quantity,1000 t,8669.000000,E,,7636.000000,E,,13810.000000,E,,14733.000000,E,,15240.000000,E,,15601.000000,E,,15973.000000,E,,16615.000000,E,,17283.000000,E,,17953.000000,E,,18220.000000,E,,18286.000000,E,,19495.000000,E,,20856.000000,E,
237,'704,Viet Nam,2918,'S2918,Vegetables,5521,Feed,1000 t,,,,,,,,,,,,,,,,,,,,,,,,,,,,,,,,,,,,,13.000000,E,,10.000000,E,
237,'704,Viet Nam,2918,'S2918,Vegetables,5123,Losses,1000 t,726.000000,E,,635.000000,E,,1154.000000,E,,1229.000000,E,,1298.000000,E,,1314.000000,E,,1368.000000,E,,1414.000000,E,,1467.000000,E,,1514.000000,E,,1548.000000,E,,1555.000000,E,,1620.000000,E,,1713.000000,E,
237,'704,Viet Nam,2918,'S2918,Vegetables,5170,Residuals,1000 t,0.000000,E,,6.000000,E,,11.000000,E,,12.000000,E,,-32.000000,E,,-29.000000,E,,-52.000000,E,,-46.000000,E,,-60.000000,E,,-38.000000,E,,-44.000000,E,,-16.000000,E,,-37.000000,E,,-66.000000,E,
237,'704,Viet Nam,2918,'S2918,Vegetables,5142,Food,1000 t,7943.000000,E,,6995.000000,E,,12645.000000,E,,13492.000000,E,,13973.000000,E,,14317.000000,E,,14657.000000,E,,15247.000000,E,,15876.000000,E,,16477.000000,E,,16715.000000,E,,16747.000000,E,,17900.000000,E,,19199.000000,E,
237,'704,Viet Nam,2918,'S2918,Vegetables,645,Food supply quantity (kg/capita/yr),kg/cap,90.820000,E,,79.070000,E,,141.270000,E,,148.960000,E,,152.410000,E,,154.230000,E,,155.920000,E,,160.200000,E,,164.970000,E,,169.560000,E,,170.420000,E,,169.270000,E,,179.570000,E,,191.320000,E,
237,'704,Viet Nam,2918,'S2918,Vegetables,664,Food supply (kcal/capita/day),kcal/cap/d,68.500000,E,,60.910000,E,,104.470000,E,,110.560000,E,,108.050000,E,,109.830000,E,,111.610000,E,,114.460000,E,,118.070000,E,,120.880000,E,,121.700000,E,,122.500000,E,,130.960000,E,,142.790000,E,
237,'704,Viet Nam,2918,'S2918,Vegetables,661,Food supply (kcal),million Kcal,2186530.530000,E,,1966710.060000,E,,3413051.750000,E,,3655153.740000,E,,3615568.080000,E,,3721074.330000,E,,3829213.160000,E,,3976390.490000,E,,4147247.970000,E,,4287341.280000,E,,4356783.540000,E,,4423601.780000,E,,4764760.880000,E,,5230177.510000,E,
237,'704,Viet Nam,2918,'S2918,Vegetables,674,Protein supply quantity (g/capita/day),g/cap/d,5.340000,E,,4.550000,E,,8.200000,E,,8.680000,E,,8.690000,E,,8.840000,E,,9.070000,E,,9.270000,E,,9.540000,E,,9.700000,E,,9.810000,E,,9.920000,E,,10.320000,E,,11.010000,E,
237,'704,Viet Nam,2918,'S2918,Vegetables,671,Protein supply quantity (t),t,170543.600000,E,,146996.980000,E,,267836.760000,E,,286897.750000,E,,290796.080000,E,,299439.390000,E,,311135.100000,E,,322017.320000,E,,335127.870000,E,,343977.890000,E,,351108.830000,E,,358202.000000,E,,375306.880000,E,,403184.940000,E,
237,'704,Viet Nam,2918,'S2918,Vegetables,684,Fat supply quantity (g/capita/day),g/cap/d,0.710000,E,,0.610000,E,,1.110000,E,,1.170000,E,,1.180000,E,,1.200000,E,,1.230000,E,,1.260000,E,,1.300000,E,,1.320000,E,,1.330000,E,,1.350000,E,,1.400000,E,,1.490000,E,
237,'704,Viet Nam,2918,'S2918,Vegetables,681,Fat supply quantity (t),t,22756.950000,E,,19554.300000,E,,36187.230000,E,,38781.360000,E,,39565.390000,E,,40762.910000,E,,42354.680000,E,,43816.350000,E,,45635.210000,E,,46862.250000,E,,47688.120000,E,,48668.550000,E,,51010.290000,E,,54690.460000,E,
237,'704,Viet Nam,2601,'S2601,Tomatoes and products,5611,Import quantity,1000 t,,,,,,,,,,,,,11.000000,I,,17.000000,I,,21.000000,I,,22.000000,I,,21.000000,I,,30.000000,I,,30.000000,I,,27.000000,I,,47.000000,I,,100.000000,I,
237,'704,Viet Nam,2601,'S2601,Tomatoes and products,5072,Stock Variation,1000 t,,,,,,,,,,,,,0.000000,I,,0.000000,I,,0.000000,I,,0.000000,I,,0.000000,I,,0.000000,I,,0.000000,I,,0.000000,I,,1.000000,I,,1.000000,I,
237,'704,Viet Nam,2601,'S2601,Tomatoes and products,5911,Export quantity,1000 t,,,,,,,,,,,,,6.000000,I,,3.000000,I,,2.000000,I,,3.000000,I,,3.000000,I,,2.000000,I,,2.000000,I,,2.000000,I,,0.000000,I,,1.000000,I,
237,'704,Viet Nam,2601,'S2601,Tomatoes and products,5301,Domestic supply quantity,1000 t,,,,,,,,,,,,,5.000000,I,,15.000000,I,,19.000000,I,,19.000000,I,,18.000000,I,,27.000000,I,,28.000000,I,,25.000000,I,,45.000000,I,,97.000000,I,
237,'704,Viet Nam,2601,'S2601,Tomatoes and products,5170,Residuals,1000 t,,,,,,,,,,,,,-2.000000,I,,-1.000000,I,,0.000000,I,,0.000000,I,,0.000000,I,,0.000000,I,,0.000000,I,,0.000000,I,,0.000000,I,,0.000000,I,
237,'704,Viet Nam,2601,'S2601,Tomatoes and products,5142,Food,1000 t,,,,,,,,,,,,,7.000000,I,,16.000000,I,,19.000000,I,,19.000000,I,,18.000000,I,,27.000000,I,,28.000000,I,,25.000000,I,,45.000000,I,,97.000000,I,
237,'704,Viet Nam,2601,'S2601,Tomatoes and products,645,Food supply quantity (kg/capita/yr),kg/cap,,,,,,,,,,,,,0.080000,E,,0.170000,E,,0.200000,E,,0.200000,E,,0.190000,E,,0.280000,E,,0.280000,E,,0.250000,E,,0.450000,E,,0.970000,E,
237,'704,Viet Nam,2601,'S2601,Tomatoes and products,664,Food supply (kcal/capita/day),kcal/cap/d,,,,,,,,,,,,,0.050000,E,,0.120000,E,,0.140000,E,,0.140000,E,,0.130000,E,,0.200000,E,,0.200000,E,,0.170000,E,,0.310000,E,,0.590000,E,
237,'704,Viet Nam,2601,'S2601,Tomatoes and products,661,Food supply (kcal),million Kcal,,,,,,,,,,,,,1823.250000,I,,4072.080000,I,,4820.670000,I,,4843.650000,I,,4644.240000,I,,7013.140000,I,,7113.060000,I,,6247.730000,I,,11424.550000,I,,21566.370000,I,
237,'704,Viet Nam,2601,'S2601,Tomatoes and products,674,Protein supply quantity (g/capita/day),g/cap/d,,,,,,,,,,,,,0.000000,E,,0.010000,E,,0.010000,E,,0.010000,E,,0.010000,E,,0.010000,E,,0.010000,E,,0.010000,E,,0.010000,E,,0.030000,E,
237,'704,Viet Nam,2601,'S2601,Tomatoes and products,671,Protein supply quantity (t),t,,,,,,,,,,,,,77.820000,I,,173.800000,I,,205.810000,I,,206.780000,I,,198.230000,I,,299.360000,I,,303.620000,I,,266.720000,I,,487.740000,I,,922.830000,I,
237,'704,Viet Nam,2601,'S2601,Tomatoes and products,684,Fat supply quantity (g/capita/day),g/cap/d,,,,,,,,,,,,,0.000000,E,,0.000000,E,,0.000000,E,,0.000000,E,,0.000000,E,,0.000000,E,,0.000000,E,,0.000000,E,,0.000000,E,,0.000000,E,
237,'704,Viet Nam,2601,'S2601,Tomatoes and products,681,Fat supply quantity (t),t,,,,,,,,,,,,,6.730000,I,,15.000000,I,,18.360000,I,,19.050000,I,,17.110000,I,,26.090000,I,,26.530000,I,,24.660000,I,,45.580000,I,,157.120000,I,
237,'704,Viet Nam,2602,'S2602,Onions,5511,Production,1000 t,303.000000,I,,313.000000,I,,325.000000,I,,330.000000,I,,337.000000,I,,357.000000,I,,370.000000,I,,382.000000,I,,394.000000,I,,345.000000,I,,350.000000,I,,354.000000,I,,362.000000,I,,360.000000,I,
237,'704,Viet Nam,2602,'S2602,Onions,5611,Import quantity,1000 t,132.000000,I,,123.000000,I,,160.000000,I,,170.000000,I,,21.000000,I,,22.000000,I,,28.000000,I,,29.000000,I,,42.000000,I,,53.000000,I,,46.000000,I,,39.000000,I,,300.000000,I,,350.000000,I,
237,'704,Viet Nam,2602,'S2602,Onions,5911,Export quantity,1000 t,1.000000,I,,3.000000,I,,9.000000,I,,4.000000,I,,15.000000,I,,6.000000,I,,8.000000,I,,3.000000,I,,5.000000,I,,6.000000,I,,10.000000,I,,15.000000,I,,18.000000,I,,25.000000,I,
237,'704,Viet Nam,2602,'S2602,Onions,5301,Domestic supply quantity,1000 t,434.000000,I,,433.000000,I,,476.000000,I,,496.000000,I,,343.000000,I,,373.000000,I,,390.000000,I,,408.000000,I,,432.000000,I,,392.000000,I,,386.000000,I,,378.000000,I,,644.000000,I,,685.000000,I,
237,'704,Viet Nam,2602,'S2602,Onions,5123,Losses,1000 t,25.000000,I,,26.000000,I,,27.000000,I,,28.000000,I,,28.000000,I,,30.000000,I,,31.000000,I,,32.000000,I,,33.000000,I,,31.000000,I,,30.000000,I,,30.000000,I,,51.000000,I,,55.000000,I,
237,'704,Viet Nam,2602,'S2602,Onions,5170,Residuals,1000 t,0.000000,I,,0.000000,I,,0.000000,I,,0.000000,I,,0.000000,I,,0.000000,I,,0.000000,I,,0.000000,I,,0.000000,I,,0.000000,I,,0.000000,I,,0.000000,I,,0.000000,I,,0.000000,I,
237,'704,Viet Nam,2602,'S2602,Onions,5142,Food,1000 t,409.000000,I,,407.000000,I,,449.000000,I,,468.000000,I,,315.000000,I,,343.000000,I,,359.000000,I,,376.000000,I,,399.000000,I,,361.000000,I,,355.000000,I,,348.000000,I,,593.000000,I,,630.000000,I,
237,'704,Viet Nam,2602,'S2602,Onions,645,Food supply quantity (kg/capita/yr),kg/cap,4.670000,E,,4.600000,E,,5.020000,E,,5.170000,E,,3.430000,E,,3.700000,E,,3.820000,E,,3.950000,E,,4.140000,E,,3.720000,E,,3.620000,E,,3.510000,E,,5.940000,E,,6.280000,E,
237,'704,Viet Nam,2602,'S2602,Onions,664,Food supply (kcal/capita/day),kcal/cap/d,5.000000,E,,4.930000,E,,5.370000,E,,5.540000,E,,3.680000,E,,3.960000,E,,4.100000,E,,4.230000,E,,4.440000,E,,3.980000,E,,3.880000,E,,3.760000,E,,6.370000,E,,6.730000,E,
237,'704,Viet Nam,2602,'S2602,Onions,661,Food supply (kcal),million Kcal,159731.900000,I,,159207.160000,I,,175551.800000,I,,183051.670000,I,,123018.820000,I,,134116.490000,I,,140520.780000,I,,146980.610000,I,,155831.600000,I,,141200.470000,I,,138886.910000,I,,135909.600000,I,,231686.590000,I,,246413.830000,I,
237,'704,Viet Nam,2602,'S2602,Onions,674,Protein supply quantity (g/capita/day),g/cap/d,0.150000,E,,0.150000,E,,0.160000,E,,0.170000,E,,0.110000,E,,0.120000,E,,0.120000,E,,0.130000,E,,0.140000,E,,0.120000,E,,0.120000,E,,0.110000,E,,0.190000,E,,0.200000,E,
237,'704,Viet Nam,2602,'S2602,Onions,671,Protein supply quantity (t),t,4861.410000,I,,4845.440000,I,,5342.880000,I,,5571.140000,I,,3744.050000,I,,4081.810000,I,,4276.720000,I,,4473.320000,I,,4742.700000,I,,4297.410000,I,,4226.990000,I,,4136.380000,I,,7051.330000,I,,7499.550000,I,
237,'704,Viet Nam,2602,'S2602,Onions,684,Fat supply quantity (g/capita/day),g/cap/d,0.010000,E,,0.010000,E,,0.010000,E,,0.010000,E,,0.010000,E,,0.010000,E,,0.010000,E,,0.010000,E,,0.010000,E,,0.010000,E,,0.010000,E,,0.010000,E,,0.010000,E,,0.010000,E,
237,'704,Viet Nam,2602,'S2602,Onions,681,Fat supply quantity (t),t,347.240000,I,,346.100000,I,,381.630000,I,,397.940000,I,,267.430000,I,,291.560000,I,,305.480000,I,,319.520000,I,,338.760000,I,,306.960000,I,,301.930000,I,,295.460000,I,,503.670000,I,,535.680000,I,
237,'704,Viet Nam,2605,'S2605,"Vegetables, other",5511,Production,1000 t,8350.000000,I,,7260.000000,I,,13459.000000,I,,14345.000000,I,,15172.000000,I,,15338.000000,I,,15967.000000,I,,16506.000000,I,,17130.000000,I,,17709.000000,I,,18129.000000,I,,18227.000000,I,,18668.000000,I,,19220.000000,I,
237,'704,Viet Nam,2605,'S2605,"Vegetables, other",5611,Import quantity,1000 t,150.000000,I,,191.000000,I,,146.000000,I,,168.000000,I,,58.000000,I,,72.000000,I,,79.000000,I,,91.000000,I,,148.000000,I,,178.000000,I,,155.000000,I,,186.000000,I,,545.000000,I,,1314.000000,I,
237,'704,Viet Nam,2605,'S2605,"Vegetables, other",5072,Stock Variation,1000 t,-21.000000,I,,-30.000000,I,,-14.000000,I,,-26.000000,I,,2.000000,I,,0.000000,I,,1.000000,I,,4.000000,I,,-3.000000,I,,0.000000,I,,-1.000000,I,,7.000000,I,,59.000000,I,,73.000000,I,
237,'704,Viet Nam,2605,'S2605,"Vegetables, other",5911,Export quantity,1000 t,286.000000,I,,278.000000,I,,285.000000,I,,302.000000,I,,337.000000,I,,196.000000,I,,482.000000,I,,405.000000,I,,447.000000,I,,354.000000,I,,479.000000,I,,524.000000,I,,347.000000,I,,387.000000,I,
237,'704,Viet Nam,2605,'S2605,"Vegetables, other",5301,Domestic supply quantity,1000 t,8235.000000,I,,7203.000000,I,,13334.000000,I,,14237.000000,I,,14892.000000,I,,15214.000000,I,,15563.000000,I,,16188.000000,I,,16834.000000,I,,17533.000000,I,,17807.000000,I,,17883.000000,I,,18807.000000,I,,20073.000000,I,
237,'704,Viet Nam,2605,'S2605,"Vegetables, other",5521,Feed,1000 t,,,,,,,,,,,,,,,,,,,,,,,,,,,,,,,,,,,,,13.000000,I,,10.000000,I,
237,'704,Viet Nam,2605,'S2605,"Vegetables, other",5123,Losses,1000 t,701.000000,I,,609.000000,I,,1127.000000,I,,1201.000000,I,,1270.000000,I,,1284.000000,I,,1337.000000,I,,1382.000000,I,,1434.000000,I,,1483.000000,I,,1518.000000,I,,1525.000000,I,,1568.000000,I,,1658.000000,I,
237,'704,Viet Nam,2605,'S2605,"Vegetables, other",5170,Residuals,1000 t,0.000000,I,,6.000000,I,,11.000000,I,,12.000000,I,,-30.000000,I,,-28.000000,I,,-52.000000,I,,-46.000000,I,,-60.000000,I,,-38.000000,I,,-44.000000,I,,-16.000000,I,,-37.000000,I,,-66.000000,I,
237,'704,Viet Nam,2605,'S2605,"Vegetables, other",5142,Food,1000 t,7534.000000,I,,6588.000000,I,,12196.000000,I,,13024.000000,I,,13651.000000,I,,13958.000000,I,,14278.000000,I,,14852.000000,I,,15459.000000,I,,16088.000000,I,,16332.000000,I,,16375.000000,I,,17262.000000,I,,18472.000000,I,
237,'704,Viet Nam,2605,'S2605,"Vegetables, other",645,Food supply quantity (kg/capita/yr),kg/cap,86.150000,E,,74.470000,E,,136.250000,E,,143.790000,E,,148.900000,E,,150.370000,E,,151.900000,E,,156.050000,E,,160.640000,E,,165.560000,E,,166.520000,E,,165.510000,E,,173.170000,E,,184.070000,E,
237,'704,Viet Nam,2605,'S2605,"Vegetables, other",664,Food supply (kcal/capita/day),kcal/cap/d,63.490000,E,,55.980000,E,,99.090000,E,,105.030000,E,,104.320000,E,,105.750000,E,,107.370000,E,,110.090000,E,,113.500000,E,,116.700000,E,,117.620000,E,,118.560000,E,,124.280000,E,,135.470000,E,
237,'704,Viet Nam,2605,'S2605,"Vegetables, other",661,Food supply (kcal),million Kcal,2026798.630000,I,,1807502.900000,I,,3237499.950000,I,,3472102.080000,I,,3490726.010000,I,,3582885.760000,I,,3683871.720000,I,,3824566.230000,I,,3986772.130000,I,,4139127.680000,I,,4210783.570000,I,,4281444.450000,I,,4521649.730000,I,,4962197.300000,I,
237,'704,Viet Nam,2605,'S2605,"Vegetables, other",674,Protein supply quantity (g/capita/day),g/cap/d,5.190000,E,,4.400000,E,,8.030000,E,,8.510000,E,,8.580000,E,,8.710000,E,,8.940000,E,,9.130000,E,,9.400000,E,,9.570000,E,,9.680000,E,,9.800000,E,,10.110000,E,,10.780000,E,
237,'704,Viet Nam,2605,'S2605,"Vegetables, other",671,Protein supply quantity (t),t,165682.200000,I,,142151.550000,I,,262493.880000,I,,281326.620000,I,,286974.210000,I,,295183.790000,I,,306652.570000,I,,317337.220000,I,,330186.930000,I,,339381.120000,I,,346578.210000,I,,353798.890000,I,,367767.810000,I,,394762.560000,I,
237,'704,Viet Nam,2605,'S2605,"Vegetables, other",684,Fat supply quantity (g/capita/day),g/cap/d,0.700000,E,,0.590000,E,,1.100000,E,,1.160000,E,,1.170000,E,,1.190000,E,,1.230000,E,,1.250000,E,,1.290000,E,,1.310000,E,,1.320000,E,,1.340000,E,,1.390000,E,,1.470000,E,
237,'704,Viet Nam,2605,'S2605,"Vegetables, other",681,Fat supply quantity (t),t,22409.710000,I,,19208.200000,I,,35805.590000,I,,38383.420000,I,,39291.230000,I,,40456.360000,I,,42030.840000,I,,43477.770000,I,,45279.330000,I,,46529.200000,I,,47359.660000,I,,48348.430000,I,,50461.040000,I,,53997.650000,I,
237,'704,Viet Nam,2919,'S2919,Fruits - Excluding Wine,5511,Production,1000 t,6806.000000,E,,6887.000000,E,,7069.000000,E,,7127.000000,E,,7299.000000,E,,7390.000000,E,,7264.000000,E,,7654.000000,E,,8221.000000,E,,8954.000000,E,,9565.000000,E,,10520.000000,E,,10930.000000,E,,11334.000000,E,
237,'704,Viet Nam,2919,'S2919,Fruits - Excluding Wine,5611,Import quantity,1000 t,390.000000,E,,432.000000,E,,505.000000,E,,532.000000,E,,160.000000,E,,209.000000,E,,322.000000,E,,432.000000,E,,453.000000,E,,545.000000,E,,411.000000,E,,409.000000,E,,821.000000,E,,1437.000000,E,
237,'704,Viet Nam,2919,'S2919,Fruits - Excluding Wine,5072,Stock Variation,1000 t,-4.000000,E,,15.000000,E,,24.000000,E,,53.000000,E,,-11.000000,E,,-13.000000,E,,-13.000000,E,,3.000000,E,,10.000000,E,,10.000000,E,,-63.000000,E,,-6.000000,E,,35.000000,E,,36.000000,E,
237,'704,Viet Nam,2919,'S2919,Fruits - Excluding Wine,5911,Export quantity,1000 t,572.000000,E,,736.000000,E,,783.000000,E,,825.000000,E,,300.000000,E,,513.000000,E,,1106.000000,E,,1494.000000,E,,1319.000000,E,,985.000000,E,,2430.000000,E,,2706.000000,E,,1921.000000,E,,1950.000000,E,
237,'704,Viet Nam,2919,'S2919,Fruits - Excluding Wine,5301,Domestic supply quantity,1000 t,6628.000000,E,,6569.000000,E,,6768.000000,E,,6781.000000,E,,7170.000000,E,,7099.000000,E,,6493.000000,E,,6588.000000,E,,7345.000000,E,,8505.000000,E,,7608.000000,E,,8229.000000,E,,9795.000000,E,,10786.000000,E,
237,'704,Viet Nam,2919,'S2919,Fruits - Excluding Wine,5123,Losses,1000 t,555.000000,E,,559.000000,E,,573.000000,E,,577.000000,E,,587.000000,E,,595.000000,E,,583.000000,E,,612.000000,E,,642.000000,E,,712.000000,E,,724.000000,E,,798.000000,E,,837.000000,E,,876.000000,E,
237,'704,Viet Nam,2919,'S2919,Fruits - Excluding Wine,5131,Processing,1000 t,50.000000,E,,42.000000,E,,33.000000,E,,33.000000,E,,20.000000,E,,20.000000,E,,28.000000,E,,40.000000,E,,40.000000,E,,97.000000,E,,87.000000,E,,97.000000,E,,137.000000,E,,165.000000,E,
237,'704,Viet Nam,2919,'S2919,Fruits - Excluding Wine,5170,Residuals,1000 t,79.000000,E,,52.000000,E,,74.000000,E,,76.000000,E,,66.000000,E,,90.000000,E,,66.000000,E,,37.000000,E,,61.000000,E,,139.000000,E,,192.000000,E,,170.000000,E,,79.000000,E,,-250.000000,E,
237,'704,Viet Nam,2919,'S2919,Fruits - Excluding Wine,5142,Food,1000 t,5945.000000,E,,5916.000000,E,,6088.000000,E,,6095.000000,E,,6497.000000,E,,6394.000000,E,,5816.000000,E,,5899.000000,E,,6603.000000,E,,7558.000000,E,,6605.000000,E,,7165.000000,E,,8741.000000,E,,9997.000000,E,
237,'704,Viet Nam,2919,'S2919,Fruits - Excluding Wine,645,Food supply quantity (kg/capita/yr),kg/cap,67.970000,E,,66.870000,E,,68.020000,E,,67.290000,E,,70.870000,E,,68.880000,E,,61.880000,E,,61.980000,E,,68.610000,E,,77.780000,E,,67.350000,E,,72.420000,E,,87.690000,E,,99.610000,E,
237,'704,Viet Nam,2919,'S2919,Fruits - Excluding Wine,664,Food supply (kcal/capita/day),kcal/cap/d,87.360000,E,,87.700000,E,,90.290000,E,,89.800000,E,,91.050000,E,,88.760000,E,,79.400000,E,,78.760000,E,,86.000000,E,,96.530000,E,,84.130000,E,,87.450000,E,,108.890000,E,,123.610000,E,
237,'704,Viet Nam,2919,'S2919,Fruits - Excluding Wine,661,Food supply (kcal),million Kcal,2788641.350000,E,,2832068.150000,E,,2949922.490000,E,,2968587.530000,E,,3046836.120000,E,,3007400.060000,E,,2724158.370000,E,,2736263.090000,E,,3020819.200000,E,,3423922.260000,E,,3011678.430000,E,,3158091.890000,E,,3961827.130000,E,,4527698.470000,E,
237,'704,Viet Nam,2919,'S2919,Fruits - Excluding Wine,674,Protein supply quantity (g/capita/day),g/cap/d,1.190000,E,,1.180000,E,,1.200000,E,,1.190000,E,,1.250000,E,,1.220000,E,,1.090000,E,,1.090000,E,,1.190000,E,,1.350000,E,,1.150000,E,,1.230000,E,,1.510000,E,,1.680000,E,
237,'704,Viet Nam,2919,'S2919,Fruits - Excluding Wine,671,Protein supply quantity (t),t,37974.380000,E,,38027.610000,E,,39109.900000,E,,39372.700000,E,,41867.720000,E,,41193.290000,E,,37534.860000,E,,37986.060000,E,,41784.590000,E,,47705.920000,E,,41257.340000,E,,44279.210000,E,,54794.860000,E,,61695.460000,E,
237,'704,Viet Nam,2919,'S2919,Fruits - Excluding Wine,684,Fat supply quantity (g/capita/day),g/cap/d,0.420000,E,,0.420000,E,,0.420000,E,,0.410000,E,,0.450000,E,,0.430000,E,,0.360000,E,,0.350000,E,,0.390000,E,,0.450000,E,,0.840000,E,,1.030000,E,,1.100000,E,,1.100000,E,
237,'704,Viet Nam,2919,'S2919,Fruits - Excluding Wine,681,Fat supply quantity (t),t,13463.750000,E,,13509.730000,E,,13761.010000,E,,13602.430000,E,,14912.860000,E,,14462.870000,E,,12417.990000,E,,12025.580000,E,,13619.060000,E,,15831.140000,E,,30020.860000,E,,37146.600000,E,,40196.210000,E,,40364.840000,E,
237,'704,Viet Nam,2611,'S2611,"Oranges, Mandarines",5511,Production,1000 t,729.000000,I,,531.000000,I,,521.000000,I,,532.000000,I,,590.000000,I,,566.000000,I,,637.000000,I,,768.000000,I,,855.000000,I,,1017.000000,I,,1161.000000,I,,1586.000000,I,,1781.000000,I,,1824.000000,I,
237,'704,Viet Nam,2611,'S2611,"Oranges, Mandarines",5611,Import quantity,1000 t,,,,,,,,,,,,,29.000000,I,,29.000000,I,,35.000000,I,,25.000000,I,,35.000000,I,,36.000000,I,,42.000000,I,,58.000000,I,,112.000000,I,,395.000000,I,
237,'704,Viet Nam,2611,'S2611,"Oranges, Mandarines",5072,Stock Variation,1000 t,0.000000,I,,0.000000,I,,0.000000,I,,0.000000,I,,0.000000,I,,0.000000,I,,0.000000,I,,0.000000,I,,0.000000,I,,0.000000,I,,0.000000,I,,0.000000,I,,0.000000,I,,0.000000,I,
237,'704,Viet Nam,2611,'S2611,"Oranges, Mandarines",5911,Export quantity,1000 t,0.000000,I,,0.000000,I,,0.000000,I,,0.000000,I,,2.000000,I,,3.000000,I,,3.000000,I,,2.000000,I,,2.000000,I,,2.000000,I,,2.000000,I,,3.000000,I,,3.000000,I,,3.000000,I,
237,'704,Viet Nam,2611,'S2611,"Oranges, Mandarines",5301,Domestic supply quantity,1000 t,729.000000,I,,531.000000,I,,521.000000,I,,532.000000,I,,617.000000,I,,592.000000,I,,669.000000,I,,791.000000,I,,888.000000,I,,1051.000000,I,,1200.000000,I,,1641.000000,I,,1889.000000,I,,2216.000000,I,
237,'704,Viet Nam,2611,'S2611,"Oranges, Mandarines",5123,Losses,1000 t,61.000000,I,,44.000000,I,,44.000000,I,,45.000000,I,,49.000000,I,,47.000000,I,,53.000000,I,,64.000000,I,,58.000000,I,,82.000000,I,,99.000000,I,,139.000000,I,,153.000000,I,,157.000000,I,
237,'704,Viet Nam,2611,'S2611,"Oranges, Mandarines",5131,Processing,1000 t,14.000000,I,,10.000000,I,,9.000000,I,,11.000000,I,,10.000000,I,,10.000000,I,,18.000000,I,,30.000000,I,,30.000000,I,,39.000000,I,,44.000000,I,,60.000000,I,,68.000000,I,,70.000000,I,
237,'704,Viet Nam,2611,'S2611,"Oranges, Mandarines",5170,Residuals,1000 t,0.000000,I,,0.000000,I,,0.000000,I,,0.000000,I,,0.000000,I,,0.000000,I,,0.000000,I,,0.000000,I,,0.000000,I,,0.000000,I,,0.000000,I,,0.000000,I,,0.000000,I,,0.000000,I,
237,'704,Viet Nam,2611,'S2611,"Oranges, Mandarines",5142,Food,1000 t,654.000000,I,,477.000000,I,,468.000000,I,,477.000000,I,,557.000000,I,,535.000000,I,,598.000000,I,,697.000000,I,,800.000000,I,,930.000000,I,,1057.000000,I,,1443.000000,I,,1668.000000,I,,1990.000000,I,
237,'704,Viet Nam,2611,'S2611,"Oranges, Mandarines",645,Food supply quantity (kg/capita/yr),kg/cap,7.480000,E,,5.390000,E,,5.230000,E,,5.260000,E,,6.080000,E,,5.760000,E,,6.360000,E,,7.330000,E,,8.320000,E,,9.580000,E,,10.780000,E,,14.580000,E,,16.730000,E,,19.830000,E,
237,'704,Viet Nam,2611,'S2611,"Oranges, Mandarines",664,Food supply (kcal/capita/day),kcal/cap/d,6.710000,E,,4.840000,E,,4.690000,E,,4.710000,E,,5.470000,E,,5.170000,E,,5.640000,E,,6.580000,E,,7.500000,E,,8.640000,E,,9.710000,E,,13.160000,E,,15.120000,E,,18.160000,E,
237,'704,Viet Nam,2611,'S2611,"Oranges, Mandarines",661,Food supply (kcal),million Kcal,214291.510000,I,,156332.090000,I,,153325.440000,I,,155766.970000,I,,182888.570000,I,,175169.050000,I,,193419.040000,I,,228703.250000,I,,263585.790000,I,,306433.970000,I,,347522.760000,I,,475079.290000,I,,549959.900000,I,,665137.880000,I,
237,'704,Viet Nam,2611,'S2611,"Oranges, Mandarines",674,Protein supply quantity (g/capita/day),g/cap/d,0.130000,E,,0.090000,E,,0.090000,E,,0.090000,E,,0.100000,E,,0.100000,E,,0.110000,E,,0.120000,E,,0.140000,E,,0.160000,E,,0.180000,E,,0.250000,E,,0.290000,E,,0.340000,E,
237,'704,Viet Nam,2611,'S2611,"Oranges, Mandarines",671,Protein supply quantity (t),t,4066.660000,I,,2967.420000,I,,2910.560000,I,,2954.480000,I,,3457.560000,I,,3303.620000,I,,3635.330000,I,,4325.830000,I,,4995.340000,I,,5808.400000,I,,6592.340000,I,,9009.940000,I,,10383.090000,I,,12285.610000,I,
237,'704,Viet Nam,2611,'S2611,"Oranges, Mandarines",684,Fat supply quantity (g/capita/day),g/cap/d,0.010000,E,,0.010000,E,,0.010000,E,,0.010000,E,,0.010000,E,,0.010000,E,,0.010000,E,,0.010000,E,,0.020000,E,,0.020000,E,,0.020000,E,,0.030000,E,,0.030000,E,,0.040000,E,
237,'704,Viet Nam,2611,'S2611,"Oranges, Mandarines",681,Fat supply quantity (t),t,461.460000,I,,336.550000,I,,330.040000,I,,335.660000,I,,393.720000,I,,378.270000,I,,419.700000,I,,493.050000,I,,566.820000,I,,659.250000,I,,746.200000,I,,1019.040000,I,,1181.190000,I,,1419.200000,I,
237,'704,Viet Nam,2612,'S2612,"Lemons, Limes and products",5611,Import quantity,1000 t,0.000000,I,,0.000000,I,,0.000000,I,,0.000000,I,,0.000000,I,,0.000000,I,,0.000000,I,,0.000000,I,,0.000000,I,,0.000000,I,,0.000000,I,,0.000000,I,,1.000000,I,,2.000000,I,
237,'704,Viet Nam,2612,'S2612,"Lemons, Limes and products",5072,Stock Variation,1000 t,,,,,,,,,,,,,0.000000,I,,0.000000,I,,0.000000,I,,0.000000,I,,0.000000,I,,0.000000,I,,0.000000,I,,0.000000,I,,0.000000,I,,0.000000,I,
237,'704,Viet Nam,2612,'S2612,"Lemons, Limes and products",5911,Export quantity,1000 t,1.000000,I,,1.000000,I,,1.000000,I,,1.000000,I,,6.000000,I,,14.000000,I,,21.000000,I,,37.000000,I,,48.000000,I,,26.000000,I,,27.000000,I,,32.000000,I,,54.000000,I,,70.000000,I,
237,'704,Viet Nam,2612,'S2612,"Lemons, Limes and products",5301,Domestic supply quantity,1000 t,-1.000000,I,,0.000000,I,,0.000000,I,,0.000000,I,,-6.000000,I,,-14.000000,I,,-21.000000,I,,-37.000000,I,,-48.000000,I,,-26.000000,I,,-27.000000,I,,-32.000000,I,,-54.000000,I,,-69.000000,I,
237,'704,Viet Nam,2612,'S2612,"Lemons, Limes and products",5170,Residuals,1000 t,-1.000000,I,,0.000000,I,,0.000000,I,,0.000000,I,,-6.000000,I,,-14.000000,I,,-21.000000,I,,-37.000000,I,,-48.000000,I,,-26.000000,I,,-27.000000,I,,-32.000000,I,,-54.000000,I,,-69.000000,I,
237,'704,Viet Nam,2612,'S2612,"Lemons, Limes and products",5142,Food,1000 t,0.000000,I,,0.000000,I,,0.000000,I,,0.000000,I,,0.000000,I,,0.000000,I,,0.000000,I,,0.000000,I,,0.000000,I,,0.000000,I,,0.000000,I,,0.000000,I,,0.000000,I,,0.000000,I,
237,'704,Viet Nam,2612,'S2612,"Lemons, Limes and products",645,Food supply quantity (kg/capita/yr),kg/cap,0.000000,E,,0.000000,E,,0.000000,E,,0.000000,E,,0.000000,E,,0.000000,E,,0.000000,E,,0.000000,E,,0.000000,E,,0.000000,E,,0.000000,E,,0.000000,E,,0.000000,E,,0.000000,E,
237,'704,Viet Nam,2612,'S2612,"Lemons, Limes and products",664,Food supply (kcal/capita/day),kcal/cap/d,0.000000,E,,0.000000,E,,0.000000,E,,0.000000,E,,0.000000,E,,0.000000,E,,0.000000,E,,0.000000,E,,0.000000,E,,0.000000,E,,0.000000,E,,0.000000,E,,0.000000,E,,0.000000,E,
237,'704,Viet Nam,2612,'S2612,"Lemons, Limes and products",661,Food supply (kcal),million Kcal,0.000000,I,,0.000000,I,,0.000000,I,,0.000000,I,,0.000000,I,,0.000000,I,,0.000000,I,,0.000000,I,,0.000000,I,,0.000000,I,,0.000000,I,,0.000000,I,,0.000000,I,,0.000000,I,
237,'704,Viet Nam,2612,'S2612,"Lemons, Limes and products",674,Protein supply quantity (g/capita/day),g/cap/d,0.000000,E,,0.000000,E,,0.000000,E,,0.000000,E,,0.000000,E,,0.000000,E,,0.000000,E,,0.000000,E,,0.000000,E,,0.000000,E,,0.000000,E,,0.000000,E,,0.000000,E,,0.000000,E,
237,'704,Viet Nam,2612,'S2612,"Lemons, Limes and products",671,Protein supply quantity (t),t,0.000000,I,,0.000000,I,,0.000000,I,,0.000000,I,,0.000000,I,,0.000000,I,,0.000000,I,,0.000000,I,,0.000000,I,,0.000000,I,,0.000000,I,,0.000000,I,,0.000000,I,,0.000000,I,
237,'704,Viet Nam,2612,'S2612,"Lemons, Limes and products",684,Fat supply quantity (g/capita/day),g/cap/d,0.000000,E,,0.000000,E,,0.000000,E,,0.000000,E,,0.000000,E,,0.000000,E,,0.000000,E,,0.000000,E,,0.000000,E,,0.000000,E,,0.000000,E,,0.000000,E,,0.000000,E,,0.000000,E,
237,'704,Viet Nam,2612,'S2612,"Lemons, Limes and products",681,Fat supply quantity (t),t,0.000000,I,,0.000000,I,,0.000000,I,,0.000000,I,,0.000000,I,,0.000000,I,,0.000000,I,,0.000000,I,,0.000000,I,,0.000000,I,,0.000000,I,,0.000000,I,,0.000000,I,,0.000000,I,
237,'704,Viet Nam,2613,'S2613,Grapefruit and products,5511,Production,1000 t,400.000000,I,,424.000000,I,,437.000000,I,,440.000000,I,,467.000000,I,,471.000000,I,,497.000000,I,,568.000000,I,,658.000000,I,,819.000000,I,,932.000000,I,,1037.000000,I,,1142.000000,I,,1202.000000,I,
237,'704,Viet Nam,2613,'S2613,Grapefruit and products,5611,Import quantity,1000 t,,,,,,,,,,,,,0.000000,I,,2.000000,I,,2.000000,I,,2.000000,I,,1.000000,I,,3.000000,I,,3.000000,I,,1.000000,I,,6.000000,I,,4.000000,I,
237,'704,Viet Nam,2613,'S2613,Grapefruit and products,5072,Stock Variation,1000 t,,,,,,,,,,,,,0.000000,I,,0.000000,I,,0.000000,I,,0.000000,I,,0.000000,I,,0.000000,I,,0.000000,I,,0.000000,I,,0.000000,I,,0.000000,I,
237,'704,Viet Nam,2613,'S2613,Grapefruit and products,5911,Export quantity,1000 t,2.000000,I,,4.000000,I,,4.000000,I,,1.000000,I,,2.000000,I,,1.000000,I,,2.000000,I,,6.000000,I,,7.000000,I,,5.000000,I,,16.000000,I,,10.000000,I,,11.000000,I,,10.000000,I,
237,'704,Viet Nam,2613,'S2613,Grapefruit and products,5301,Domestic supply quantity,1000 t,398.000000,I,,420.000000,I,,433.000000,I,,439.000000,I,,465.000000,I,,472.000000,I,,497.000000,I,,564.000000,I,,652.000000,I,,817.000000,I,,919.000000,I,,1028.000000,I,,1137.000000,I,,1196.000000,I,
237,'704,Viet Nam,2613,'S2613,Grapefruit and products,5123,Losses,1000 t,12.000000,I,,13.000000,I,,13.000000,I,,13.000000,I,,14.000000,I,,14.000000,I,,15.000000,I,,17.000000,I,,20.000000,I,,25.000000,I,,25.000000,I,,30.000000,I,,32.000000,I,,34.000000,I,
237,'704,Viet Nam,2613,'S2613,Grapefruit and products,5170,Residuals,1000 t,0.000000,I,,0.000000,I,,0.000000,I,,0.000000,I,,0.000000,I,,0.000000,I,,0.000000,I,,0.000000,I,,0.000000,I,,0.000000,I,,0.000000,I,,0.000000,I,,0.000000,I,,0.000000,I,
237,'704,Viet Nam,2613,'S2613,Grapefruit and products,5142,Food,1000 t,386.000000,I,,407.000000,I,,420.000000,I,,425.000000,I,,451.000000,I,,458.000000,I,,482.000000,I,,547.000000,I,,632.000000,I,,792.000000,I,,894.000000,I,,998.000000,I,,1105.000000,I,,1162.000000,I,
237,'704,Viet Nam,2613,'S2613,Grapefruit and products,645,Food supply quantity (kg/capita/yr),kg/cap,4.410000,E,,4.600000,E,,4.690000,E,,4.700000,E,,4.920000,E,,4.930000,E,,5.130000,E,,5.750000,E,,6.570000,E,,8.150000,E,,9.120000,E,,10.090000,E,,11.080000,E,,11.580000,E,
237,'704,Viet Nam,2613,'S2613,Grapefruit and products,664,Food supply (kcal/capita/day),kcal/cap/d,2.780000,E,,2.900000,E,,2.950000,E,,2.950000,E,,3.090000,E,,3.110000,E,,3.230000,E,,3.620000,E,,4.130000,E,,5.130000,E,,5.740000,E,,6.350000,E,,6.970000,E,,7.290000,E,
237,'704,Viet Nam,2613,'S2613,Grapefruit and products,661,Food supply (kcal),million Kcal,88609.350000,I,,93537.400000,I,,96467.160000,I,,97675.090000,I,,103505.190000,I,,105317.920000,I,,110824.230000,I,,125664.650000,I,,145106.950000,I,,182058.760000,I,,205474.320000,I,,229375.870000,I,,253680.910000,I,,267124.500000,I,
237,'704,Viet Nam,2613,'S2613,Grapefruit and products,674,Protein supply quantity (g/capita/day),g/cap/d,0.050000,E,,0.050000,E,,0.050000,E,,0.050000,E,,0.050000,E,,0.050000,E,,0.060000,E,,0.060000,E,,0.070000,E,,0.090000,E,,0.100000,E,,0.110000,E,,0.120000,E,,0.120000,E,
237,'704,Viet Nam,2613,'S2613,Grapefruit and products,671,Protein supply quantity (t),t,1512.840000,I,,1596.980000,I,,1647.000000,I,,1667.620000,I,,1767.140000,I,,1795.970000,I,,1890.490000,I,,2144.620000,I,,2477.110000,I,,3105.580000,I,,3505.740000,I,,3914.300000,I,,4330.220000,I,,4556.710000,I,
237,'704,Viet Nam,2613,'S2613,Grapefruit and products,684,Fat supply quantity (g/capita/day),g/cap/d,0.010000,E,,0.010000,E,,0.010000,E,,0.010000,E,,0.020000,E,,0.020000,E,,0.020000,E,,0.020000,E,,0.020000,E,,0.030000,E,,0.030000,E,,0.030000,E,,0.030000,E,,0.040000,E,
237,'704,Viet Nam,2613,'S2613,Grapefruit and products,681,Fat supply quantity (t),t,432.240000,I,,456.280000,I,,470.570000,I,,476.460000,I,,504.890000,I,,512.860000,I,,539.930000,I,,612.640000,I,,707.730000,I,,886.960000,I,,1001.340000,I,,1118.130000,I,,1237.090000,I,,1301.420000,I,
237,'704,Viet Nam,2614,'S2614,"Citrus, Other",5511,Production,1000 t,5.000000,I,,4.000000,I,,4.000000,I,,4.000000,I,,4.000000,I,,4.000000,I,,7.000000,I,,11.000000,I,,11.000000,I,,13.000000,I,,14.000000,I,,21.000000,I,,23.000000,I,,24.000000,I,
237,'704,Viet Nam,2614,'S2614,"Citrus, Other",5611,Import quantity,1000 t,0.000000,I,,0.000000,I,,0.000000,I,,0.000000,I,,0.000000,I,,0.000000,I,,0.000000,I,,2.000000,I,,0.000000,I,,0.000000,I,,0.000000,I,,0.000000,I,,2.000000,I,,0.000000,I,
237,'704,Viet Nam,2614,'S2614,"Citrus, Other",5072,Stock Variation,1000 t,0.000000,I,,0.000000,I,,0.000000,I,,0.000000,I,,0.000000,I,,0.000000,I,,0.000000,I,,0.000000,I,,0.000000,I,,0.000000,I,,0.000000,I,,0.000000,I,,0.000000,I,,0.000000,I,
237,'704,Viet Nam,2614,'S2614,"Citrus, Other",5911,Export quantity,1000 t,0.000000,I,,0.000000,I,,0.000000,I,,0.000000,I,,2.000000,I,,5.000000,I,,5.000000,I,,46.000000,I,,12.000000,I,,11.000000,I,,7.000000,I,,9.000000,I,,10.000000,I,,7.000000,I,
237,'704,Viet Nam,2614,'S2614,"Citrus, Other",5301,Domestic supply quantity,1000 t,5.000000,I,,3.000000,I,,3.000000,I,,4.000000,I,,2.000000,I,,-1.000000,I,,2.000000,I,,-34.000000,I,,-2.000000,I,,2.000000,I,,7.000000,I,,12.000000,I,,15.000000,I,,18.000000,I,
237,'704,Viet Nam,2614,'S2614,"Citrus, Other",5170,Residuals,1000 t,0.000000,I,,0.000000,I,,0.000000,I,,0.000000,I,,0.000000,I,,-3.000000,I,,0.000000,I,,-35.000000,I,,-3.000000,I,,-1.000000,I,,-1.000000,I,,-1.000000,I,,0.000000,I,,0.000000,I,
237,'704,Viet Nam,2614,'S2614,"Citrus, Other",5142,Food,1000 t,5.000000,I,,4.000000,I,,4.000000,I,,4.000000,I,,2.000000,I,,2.000000,I,,2.000000,I,,1.000000,I,,2.000000,I,,3.000000,I,,8.000000,I,,13.000000,I,,15.000000,I,,18.000000,I,
237,'704,Viet Nam,2614,'S2614,"Citrus, Other",645,Food supply quantity (kg/capita/yr),kg/cap,0.060000,E,,0.040000,E,,0.040000,E,,0.050000,E,,0.020000,E,,0.020000,E,,0.020000,E,,0.010000,E,,0.020000,E,,0.030000,E,,0.080000,E,,0.130000,E,,0.150000,E,,0.180000,E,
237,'704,Viet Nam,2614,'S2614,"Citrus, Other",664,Food supply (kcal/capita/day),kcal/cap/d,0.130000,E,,0.090000,E,,0.090000,E,,0.100000,E,,0.040000,E,,0.050000,E,,0.030000,E,,0.020000,E,,0.020000,E,,0.040000,E,,0.190000,E,,0.380000,E,,0.490000,E,,0.530000,E,
237,'704,Viet Nam,2614,'S2614,"Citrus, Other",661,Food supply (kcal),million Kcal,4192.490000,I,,2961.900000,I,,2865.200000,I,,3285.940000,I,,1254.230000,I,,1538.410000,I,,928.320000,I,,555.280000,I,,795.810000,I,,1276.670000,I,,6934.200000,I,,13596.540000,I,,17707.670000,I,,19468.710000,I,
237,'704,Viet Nam,2614,'S2614,"Citrus, Other",674,Protein supply quantity (g/capita/day),g/cap/d,0.000000,E,,0.000000,E,,0.000000,E,,0.000000,E,,0.000000,E,,0.000000,E,,0.000000,E,,0.000000,E,,0.000000,E,,0.000000,E,,0.000000,E,,0.000000,E,,0.000000,E,,0.000000,E,
237,'704,Viet Nam,2614,'S2614,"Citrus, Other",671,Protein supply quantity (t),t,36.180000,I,,25.620000,I,,24.830000,I,,28.180000,I,,11.980000,I,,13.430000,I,,11.090000,I,,7.750000,I,,9.570000,I,,17.810000,I,,57.700000,I,,94.450000,I,,125.620000,I,,133.850000,I,
237,'704,Viet Nam,2614,'S2614,"Citrus, Other",684,Fat supply quantity (g/capita/day),g/cap/d,0.000000,E,,0.000000,E,,0.000000,E,,0.000000,E,,0.000000,E,,0.000000,E,,0.000000,E,,0.000000,E,,0.000000,E,,0.000000,E,,0.000000,E,,0.000000,E,,0.000000,E,,0.000000,E,
237,'704,Viet Nam,2614,'S2614,"Citrus, Other",681,Fat supply quantity (t),t,16.480000,I,,11.650000,I,,11.280000,I,,12.900000,I,,5.090000,I,,6.070000,I,,4.070000,I,,2.580000,I,,3.490000,I,,5.940000,I,,26.970000,I,,50.360000,I,,75.820000,I,,71.920000,I,
237,'704,Viet Nam,2615,'S2615,Bananas,5511,Production,1000 t,1618.000000,I,,1742.000000,I,,1792.000000,I,,1893.000000,I,,1858.000000,I,,1943.000000,I,,1942.000000,I,,2045.000000,I,,2087.000000,I,,2194.000000,I,,2268.000000,I,,2348.000000,I,,2493.000000,I,,2639.000000,I,
237,'704,Viet Nam,2615,'S2615,Bananas,5611,Import quantity,1000 t,,,,,,,,,,,,,0.000000,I,,0.000000,I,,0.000000,I,,7.000000,I,,23.000000,I,,41.000000,I,,12.000000,I,,12.000000,I,,6.000000,I,,0.000000,I,
237,'704,Viet Nam,2615,'S2615,Bananas,5911,Export quantity,1000 t,32.000000,I,,40.000000,I,,10.000000,I,,17.000000,I,,5.000000,I,,9.000000,I,,36.000000,I,,51.000000,I,,78.000000,I,,74.000000,I,,621.000000,I,,920.000000,I,,515.000000,I,,545.000000,I,
237,'704,Viet Nam,2615,'S2615,Bananas,5301,Domestic supply quantity,1000 t,1587.000000,I,,1703.000000,I,,1782.000000,I,,1876.000000,I,,1853.000000,I,,1935.000000,I,,1906.000000,I,,2001.000000,I,,2032.000000,I,,2161.000000,I,,1659.000000,I,,1440.000000,I,,1984.000000,I,,2094.000000,I,
237,'704,Viet Nam,2615,'S2615,Bananas,5123,Losses,1000 t,136.000000,I,,146.000000,I,,150.000000,I,,158.000000,I,,156.000000,I,,163.000000,I,,163.000000,I,,171.000000,I,,175.000000,I,,187.000000,I,,184.000000,I,,195.000000,I,,205.000000,I,,216.000000,I,
237,'704,Viet Nam,2615,'S2615,Bananas,5131,Processing,1000 t,0.000000,I,,0.000000,I,,0.000000,I,,0.000000,I,,,,,,,,,,,,,,,,,,,,,,,,,,,,,,,
237,'704,Viet Nam,2615,'S2615,Bananas,5170,Residuals,1000 t,0.000000,I,,0.000000,I,,0.000000,I,,0.000000,I,,0.000000,I,,0.000000,I,,0.000000,I,,0.000000,I,,0.000000,I,,0.000000,I,,0.000000,I,,0.000000,I,,0.000000,I,,0.000000,I,
237,'704,Viet Nam,2615,'S2615,Bananas,5142,Food,1000 t,1451.000000,I,,1557.000000,I,,1631.000000,I,,1717.000000,I,,1697.000000,I,,1772.000000,I,,1743.000000,I,,1830.000000,I,,1858.000000,I,,1975.000000,I,,1475.000000,I,,1245.000000,I,,1780.000000,I,,1878.000000,I,
237,'704,Viet Nam,2615,'S2615,Bananas,645,Food supply quantity (kg/capita/yr),kg/cap,16.590000,E,,17.600000,E,,18.230000,E,,18.960000,E,,18.510000,E,,19.090000,E,,18.540000,E,,19.220000,E,,19.300000,E,,20.320000,E,,15.030000,E,,12.590000,E,,17.850000,E,,18.710000,E,
237,'704,Viet Nam,2615,'S2615,Bananas,664,Food supply (kcal/capita/day),kcal/cap/d,29.970000,E,,31.780000,E,,32.920000,E,,34.240000,E,,33.430000,E,,34.480000,E,,33.490000,E,,34.720000,E,,34.860000,E,,36.700000,E,,27.150000,E,,22.730000,E,,32.240000,E,,33.790000,E,
237,'704,Viet Nam,2615,'S2615,Bananas,661,Food supply (kcal),million Kcal,956595.560000,I,,1026343.480000,I,,1075461.110000,I,,1131863.600000,I,,1118678.580000,I,,1168069.090000,I,,1149113.520000,I,,1206099.510000,I,,1224480.590000,I,,1301801.830000,I,,972064.910000,I,,820908.470000,I,,1173155.740000,I,,1237809.660000,I,
237,'704,Viet Nam,2615,'S2615,Bananas,674,Protein supply quantity (g/capita/day),g/cap/d,0.380000,E,,0.400000,E,,0.420000,E,,0.430000,E,,0.420000,E,,0.440000,E,,0.420000,E,,0.440000,E,,0.440000,E,,0.460000,E,,0.340000,E,,0.290000,E,,0.410000,E,,0.430000,E,
237,'704,Viet Nam,2615,'S2615,Bananas,671,Protein supply quantity (t),t,12073.540000,I,,12953.850000,I,,13573.780000,I,,14285.660000,I,,14119.240000,I,,14742.620000,I,,14503.370000,I,,15222.620000,I,,15454.610000,I,,16430.510000,I,,12268.780000,I,,10360.980000,I,,14806.820000,I,,15622.840000,I,
237,'704,Viet Nam,2615,'S2615,Bananas,684,Fat supply quantity (g/capita/day),g/cap/d,0.060000,E,,0.060000,E,,0.060000,E,,0.070000,E,,0.060000,E,,0.070000,E,,0.070000,E,,0.070000,E,,0.070000,E,,0.070000,E,,0.050000,E,,0.040000,E,,0.060000,E,,0.070000,E,
237,'704,Viet Nam,2615,'S2615,Bananas,681,Fat supply quantity (t),t,1857.470000,I,,1992.900000,I,,2088.270000,I,,2197.790000,I,,2172.190000,I,,2268.100000,I,,2231.290000,I,,2341.940000,I,,2377.630000,I,,2527.770000,I,,1887.500000,I,,1594.000000,I,,2277.970000,I,,2403.510000,I,
237,'704,Viet Nam,2616,'S2616,Plantains,5611,Import quantity,1000 t,,,,,,,,,,,,,,,,,,,0.000000,I,,,,,0.000000,I,,,,,,,,,,,0.000000,I,,0.000000,I,
237,'704,Viet Nam,2616,'S2616,Plantains,5911,Export quantity,1000 t,,,,,,,,,,,,,0.000000,I,,0.000000,I,,1.000000,I,,0.000000,I,,0.000000,I,,0.000000,I,,0.000000,I,,0.000000,I,,0.000000,I,,0.000000,I,
237,'704,Viet Nam,2616,'S2616,Plantains,5301,Domestic supply quantity,1000 t,,,,,,,,,,,,,0.000000,I,,0.000000,I,,-1.000000,I,,0.000000,I,,0.000000,I,,0.000000,I,,0.000000,I,,0.000000,I,,0.000000,I,,0.000000,I,
237,'704,Viet Nam,2616,'S2616,Plantains,5170,Residuals,1000 t,,,,,,,,,,,,,0.000000,I,,0.000000,I,,-1.000000,I,,0.000000,I,,0.000000,I,,0.000000,I,,0.000000,I,,0.000000,I,,0.000000,I,,0.000000,I,
237,'704,Viet Nam,2617,'S2617,Apples and products,5611,Import quantity,1000 t,122.000000,I,,101.000000,I,,77.000000,I,,82.000000,I,,32.000000,I,,49.000000,I,,64.000000,I,,74.000000,I,,85.000000,I,,147.000000,I,,111.000000,I,,123.000000,I,,219.000000,I,,303.000000,I,
237,'704,Viet Nam,2617,'S2617,Apples and products,5072,Stock Variation,1000 t,0.000000,I,,0.000000,I,,0.000000,I,,0.000000,I,,0.000000,I,,0.000000,I,,0.000000,I,,0.000000,I,,0.000000,I,,0.000000,I,,0.000000,I,,0.000000,I,,0.000000,I,,0.000000,I,
237,'704,Viet Nam,2617,'S2617,Apples and products,5911,Export quantity,1000 t,,,,,,,,,,,,,1.000000,I,,4.000000,I,,1.000000,I,,1.000000,I,,0.000000,I,,1.000000,I,,1.000000,I,,1.000000,I,,2.000000,I,,1.000000,I,
237,'704,Viet Nam,2617,'S2617,Apples and products,5301,Domestic supply quantity,1000 t,122.000000,I,,101.000000,I,,77.000000,I,,82.000000,I,,31.000000,I,,45.000000,I,,62.000000,I,,73.000000,I,,85.000000,I,,146.000000,I,,111.000000,I,,121.000000,I,,217.000000,I,,302.000000,I,
237,'704,Viet Nam,2617,'S2617,Apples and products,5123,Losses,1000 t,4.000000,I,,3.000000,I,,2.000000,I,,2.000000,I,,1.000000,I,,1.000000,I,,2.000000,I,,2.000000,I,,2.000000,I,,4.000000,I,,4.000000,I,,4.000000,I,,7.000000,I,,11.000000,I,
237,'704,Viet Nam,2617,'S2617,Apples and products,5131,Processing,1000 t,37.000000,I,,32.000000,I,,23.000000,I,,22.000000,I,,10.000000,I,,10.000000,I,,10.000000,I,,10.000000,I,,10.000000,I,,38.000000,I,,28.000000,I,,26.000000,I,,57.000000,I,,79.000000,I,
237,'704,Viet Nam,2617,'S2617,Apples and products,5170,Residuals,1000 t,0.000000,I,,0.000000,I,,0.000000,I,,0.000000,I,,0.000000,I,,0.000000,I,,0.000000,I,,0.000000,I,,0.000000,I,,0.000000,I,,0.000000,I,,0.000000,I,,0.000000,I,,0.000000,I,
237,'704,Viet Nam,2617,'S2617,Apples and products,5142,Food,1000 t,82.000000,I,,65.000000,I,,51.000000,I,,57.000000,I,,20.000000,I,,33.000000,I,,51.000000,I,,61.000000,I,,73.000000,I,,104.000000,I,,78.000000,I,,92.000000,I,,153.000000,I,,213.000000,I,
237,'704,Viet Nam,2617,'S2617,Apples and products,645,Food supply quantity (kg/capita/yr),kg/cap,0.940000,E,,0.740000,E,,0.570000,E,,0.630000,E,,0.220000,E,,0.360000,E,,0.540000,E,,0.640000,E,,0.760000,E,,1.070000,E,,0.800000,E,,0.930000,E,,1.530000,E,,2.120000,E,
237,'704,Viet Nam,2617,'S2617,Apples and products,664,Food supply (kcal/capita/day),kcal/cap/d,1.360000,E,,1.070000,E,,0.830000,E,,0.910000,E,,0.300000,E,,0.510000,E,,0.760000,E,,0.900000,E,,1.060000,E,,1.510000,E,,1.120000,E,,1.310000,E,,2.170000,E,,3.030000,E,
237,'704,Viet Nam,2617,'S2617,Apples and products,661,Food supply (kcal),million Kcal,43263.940000,I,,34498.340000,I,,27112.770000,I,,30153.960000,I,,10199.290000,I,,17236.180000,I,,25948.090000,I,,31311.540000,I,,37291.790000,I,,53458.680000,I,,39948.190000,I,,47282.470000,I,,79089.790000,I,,110942.370000,I,
237,'704,Viet Nam,2617,'S2617,Apples and products,674,Protein supply quantity (g/capita/day),g/cap/d,0.010000,E,,0.010000,E,,0.000000,E,,0.000000,E,,0.000000,E,,0.000000,E,,0.000000,E,,0.010000,E,,0.010000,E,,0.010000,E,,0.010000,E,,0.010000,E,,0.010000,E,,0.020000,E,
237,'704,Viet Nam,2617,'S2617,Apples and products,671,Protein supply quantity (t),t,223.780000,I,,178.440000,I,,140.240000,I,,155.970000,I,,71.000000,I,,102.620000,I,,161.800000,I,,185.700000,I,,230.880000,I,,331.190000,I,,251.960000,I,,292.160000,I,,427.830000,I,,584.640000,I,
237,'704,Viet Nam,2617,'S2617,Apples and products,684,Fat supply quantity (g/capita/day),g/cap/d,0.010000,E,,0.010000,E,,0.010000,E,,0.010000,E,,0.000000,E,,0.000000,E,,0.000000,E,,0.010000,E,,0.010000,E,,0.010000,E,,0.010000,E,,0.010000,E,,0.010000,E,,0.020000,E,
237,'704,Viet Nam,2617,'S2617,Apples and products,681,Fat supply quantity (t),t,298.370000,I,,237.920000,I,,186.980000,I,,207.960000,I,,58.570000,I,,110.190000,I,,161.300000,I,,200.000000,I,,233.110000,I,,334.130000,I,,246.370000,I,,296.440000,I,,527.880000,I,,753.050000,I,
237,'704,Viet Nam,2618,'S2618,Pineapples and products,5511,Production,1000 t,515.000000,I,,531.000000,I,,576.000000,I,,585.000000,I,,591.000000,I,,578.000000,I,,555.000000,I,,618.000000,I,,655.000000,I,,708.000000,I,,712.000000,I,,724.000000,I,,706.000000,I,,781.000000,I,
237,'704,Viet Nam,2618,'S2618,Pineapples and products,5611,Import quantity,1000 t,0.000000,I,,0.000000,I,,0.000000,I,,0.000000,I,,3.000000,I,,3.000000,I,,5.000000,I,,3.000000,I,,4.000000,I,,4.000000,I,,3.000000,I,,6.000000,I,,4.000000,I,,2.000000,I,
237,'704,Viet Nam,2618,'S2618,Pineapples and products,5072,Stock Variation,1000 t,-4.000000,I,,2.000000,I,,2.000000,I,,6.000000,I,,2.000000,I,,1.000000,I,,0.000000,I,,0.000000,I,,5.000000,I,,7.000000,I,,2.000000,I,,-11.000000,I,,23.000000,I,,25.000000,I,
237,'704,Viet Nam,2618,'S2618,Pineapples and products,5911,Export quantity,1000 t,30.000000,I,,50.000000,I,,30.000000,I,,27.000000,I,,44.000000,I,,54.000000,I,,61.000000,I,,64.000000,I,,41.000000,I,,36.000000,I,,70.000000,I,,116.000000,I,,54.000000,I,,48.000000,I,
237,'704,Viet Nam,2618,'S2618,Pineapples and products,5301,Domestic supply quantity,1000 t,490.000000,I,,478.000000,I,,544.000000,I,,552.000000,I,,548.000000,I,,526.000000,I,,500.000000,I,,557.000000,I,,612.000000,I,,669.000000,I,,643.000000,I,,625.000000,I,,633.000000,I,,709.000000,I,
237,'704,Viet Nam,2618,'S2618,Pineapples and products,5123,Losses,1000 t,43.000000,I,,44.000000,I,,48.000000,I,,49.000000,I,,50.000000,I,,48.000000,I,,47.000000,I,,52.000000,I,,55.000000,I,,59.000000,I,,59.000000,I,,61.000000,I,,59.000000,I,,65.000000,I,
237,'704,Viet Nam,2618,'S2618,Pineapples and products,5170,Residuals,1000 t,0.000000,I,,-20.000000,I,,0.000000,I,,0.000000,I,,0.000000,I,,0.000000,I,,0.000000,I,,0.000000,I,,0.000000,I,,0.000000,I,,0.000000,I,,0.000000,I,,0.000000,I,,0.000000,I,
237,'704,Viet Nam,2618,'S2618,Pineapples and products,5142,Food,1000 t,447.000000,I,,454.000000,I,,496.000000,I,,503.000000,I,,498.000000,I,,478.000000,I,,454.000000,I,,505.000000,I,,557.000000,I,,609.000000,I,,584.000000,I,,565.000000,I,,574.000000,I,,644.000000,I,
237,'704,Viet Nam,2618,'S2618,Pineapples and products,645,Food supply quantity (kg/capita/yr),kg/cap,5.110000,E,,5.130000,E,,5.540000,E,,5.550000,E,,5.430000,E,,5.150000,E,,4.830000,E,,5.310000,E,,5.790000,E,,6.270000,E,,5.960000,E,,5.710000,E,,5.760000,E,,6.420000,E,
237,'704,Viet Nam,2618,'S2618,Pineapples and products,664,Food supply (kcal/capita/day),kcal/cap/d,4.050000,E,,4.070000,E,,4.400000,E,,4.410000,E,,4.300000,E,,4.130000,E,,3.890000,E,,4.260000,E,,4.570000,E,,4.940000,E,,4.820000,E,,4.620000,E,,4.670000,E,,5.210000,E,
237,'704,Viet Nam,2618,'S2618,Pineapples and products,661,Food supply (kcal),million Kcal,129410.300000,I,,131452.090000,I,,143669.860000,I,,145765.480000,I,,143857.520000,I,,139807.140000,I,,133388.830000,I,,147902.240000,I,,160396.420000,I,,175252.540000,I,,172633.760000,I,,166824.360000,I,,169866.850000,I,,190686.650000,I,
237,'704,Viet Nam,2618,'S2618,Pineapples and products,674,Protein supply quantity (g/capita/day),g/cap/d,0.050000,E,,0.050000,E,,0.050000,E,,0.050000,E,,0.050000,E,,0.050000,E,,0.050000,E,,0.050000,E,,0.050000,E,,0.060000,E,,0.060000,E,,0.050000,E,,0.050000,E,,0.060000,E,
237,'704,Viet Nam,2618,'S2618,Pineapples and products,671,Protein supply quantity (t),t,1517.810000,I,,1553.500000,I,,1692.330000,I,,1716.850000,I,,1711.070000,I,,1667.490000,I,,1594.770000,I,,1768.890000,I,,1900.550000,I,,2066.080000,I,,2053.420000,I,,1984.740000,I,,1988.210000,I,,2238.520000,I,
237,'704,Viet Nam,2618,'S2618,Pineapples and products,684,Fat supply quantity (g/capita/day),g/cap/d,0.020000,E,,0.020000,E,,0.020000,E,,0.020000,E,,0.020000,E,,0.020000,E,,0.020000,E,,0.020000,E,,0.020000,E,,0.020000,E,,0.020000,E,,0.020000,E,,0.020000,E,,0.020000,E,
237,'704,Viet Nam,2618,'S2618,Pineapples and products,681,Fat supply quantity (t),t,504.690000,I,,511.590000,I,,559.430000,I,,568.760000,I,,570.810000,I,,557.090000,I,,532.000000,I,,589.690000,I,,636.320000,I,,693.910000,I,,687.880000,I,,663.600000,I,,675.140000,I,,762.670000,I,
237,'704,Viet Nam,2619,'S2619,Dates,5611,Import quantity,1000 t,0.000000,I,,0.000000,I,,0.000000,I,,0.000000,I,,0.000000,I,,0.000000,I,,0.000000,I,,0.000000,I,,0.000000,I,,0.000000,I,,0.000000,I,,1.000000,I,,1.000000,I,,1.000000,I,
237,'704,Viet Nam,2619,'S2619,Dates,5911,Export quantity,1000 t,,,,,,,,,,,,,,,,,,,0.000000,I,,0.000000,I,,0.000000,I,,0.000000,I,,,,,,,,0.000000,I,,0.000000,I,
237,'704,Viet Nam,2619,'S2619,Dates,5301,Domestic supply quantity,1000 t,0.000000,I,,0.000000,I,,0.000000,I,,0.000000,I,,0.000000,I,,0.000000,I,,0.000000,I,,0.000000,I,,0.000000,I,,0.000000,I,,0.000000,I,,1.000000,I,,1.000000,I,,0.000000,I,
237,'704,Viet Nam,2619,'S2619,Dates,5123,Losses,1000 t,0.000000,I,,0.000000,I,,0.000000,I,,0.000000,I,,0.000000,I,,0.000000,I,,0.000000,I,,0.000000,I,,0.000000,I,,0.000000,I,,0.000000,I,,0.000000,I,,0.000000,I,,0.000000,I,
237,'704,Viet Nam,2619,'S2619,Dates,5131,Processing,1000 t,0.000000,I,,0.000000,I,,0.000000,I,,0.000000,I,,,,,,,,,,,,,,,,,,,,,,,,,,,,,,,
237,'704,Viet Nam,2619,'S2619,Dates,5170,Residuals,1000 t,0.000000,I,,0.000000,I,,0.000000,I,,0.000000,I,,0.000000,I,,0.000000,I,,0.000000,I,,0.000000,I,,0.000000,I,,0.000000,I,,0.000000,I,,0.000000,I,,0.000000,I,,0.000000,I,
237,'704,Viet Nam,2619,'S2619,Dates,5142,Food,1000 t,0.000000,I,,0.000000,I,,0.000000,I,,0.000000,I,,0.000000,I,,0.000000,I,,0.000000,I,,0.000000,I,,0.000000,I,,0.000000,I,,0.000000,I,,1.000000,I,,1.000000,I,,0.000000,I,
237,'704,Viet Nam,2619,'S2619,Dates,645,Food supply quantity (kg/capita/yr),kg/cap,0.000000,E,,0.000000,E,,0.000000,E,,0.000000,E,,0.000000,E,,0.000000,E,,0.000000,E,,0.000000,E,,0.000000,E,,0.000000,E,,0.000000,E,,0.010000,E,,0.010000,E,,0.000000,E,
237,'704,Viet Nam,2619,'S2619,Dates,664,Food supply (kcal/capita/day),kcal/cap/d,0.010000,E,,0.000000,E,,0.000000,E,,0.000000,E,,0.010000,E,,0.010000,E,,0.010000,E,,0.010000,E,,0.020000,E,,0.020000,E,,0.020000,E,,0.040000,E,,0.050000,E,,0.030000,E,
237,'704,Viet Nam,2619,'S2619,Dates,661,Food supply (kcal),million Kcal,191.300000,I,,138.050000,I,,138.050000,I,,138.050000,I,,217.960000,I,,197.300000,I,,302.600000,I,,205.610000,I,,614.310000,I,,845.310000,I,,585.410000,I,,1266.380000,I,,1905.310000,I,,950.810000,I,
237,'704,Viet Nam,2619,'S2619,Dates,674,Protein supply quantity (g/capita/day),g/cap/d,0.000000,E,,0.000000,E,,0.000000,E,,0.000000,E,,0.000000,E,,0.000000,E,,0.000000,E,,0.000000,E,,0.000000,E,,0.000000,E,,0.000000,E,,0.000000,E,,0.000000,E,,0.000000,E,
237,'704,Viet Nam,2619,'S2619,Dates,671,Protein supply quantity (t),t,1.470000,I,,1.060000,I,,1.060000,I,,1.060000,I,,1.680000,I,,1.520000,I,,2.330000,I,,1.580000,I,,4.730000,I,,6.500000,I,,4.500000,I,,9.740000,I,,14.660000,I,,7.310000,I,
237,'704,Viet Nam,2619,'S2619,Dates,684,Fat supply quantity (g/capita/day),g/cap/d,0.000000,E,,0.000000,E,,0.000000,E,,0.000000,E,,0.000000,E,,0.000000,E,,0.000000,E,,0.000000,E,,0.000000,E,,0.000000,E,,0.000000,E,,0.000000,E,,0.000000,E,,0.000000,E,
237,'704,Viet Nam,2619,'S2619,Dates,681,Fat supply quantity (t),t,0.250000,I,,0.180000,I,,0.180000,I,,0.180000,I,,0.280000,I,,0.250000,I,,0.390000,I,,0.260000,I,,0.790000,I,,1.080000,I,,0.750000,I,,1.620000,I,,2.440000,I,,1.220000,I,
237,'704,Viet Nam,2620,'S2620,Grapes and products (excl wine),5511,Production,1000 t,17.000000,I,,15.000000,I,,15.000000,I,,19.000000,I,,24.000000,I,,31.000000,I,,27.000000,I,,26.000000,I,,25.000000,I,,26.000000,I,,27.000000,I,,27.000000,I,,26.000000,I,,25.000000,I,
237,'704,Viet Nam,2620,'S2620,Grapes and products (excl wine),5611,Import quantity,1000 t,48.000000,I,,53.000000,I,,39.000000,I,,37.000000,I,,29.000000,I,,30.000000,I,,36.000000,I,,36.000000,I,,54.000000,I,,91.000000,I,,51.000000,I,,57.000000,I,,104.000000,I,,164.000000,I,
237,'704,Viet Nam,2620,'S2620,Grapes and products (excl wine),5072,Stock Variation,1000 t,0.000000,I,,0.000000,I,,0.000000,I,,1.000000,I,,0.000000,I,,0.000000,I,,1.000000,I,,0.000000,I,,1.000000,I,,1.000000,I,,1.000000,I,,5.000000,I,,10.000000,I,,8.000000,I,
237,'704,Viet Nam,2620,'S2620,Grapes and products (excl wine),5911,Export quantity,1000 t,,,,,,,,,,,,,3.000000,I,,2.000000,I,,1.000000,I,,1.000000,I,,1.000000,I,,1.000000,I,,1.000000,I,,3.000000,I,,1.000000,I,,1.000000,I,
237,'704,Viet Nam,2620,'S2620,Grapes and products (excl wine),5301,Domestic supply quantity,1000 t,65.000000,I,,68.000000,I,,54.000000,I,,55.000000,I,,50.000000,I,,59.000000,I,,61.000000,I,,61.000000,I,,78.000000,I,,115.000000,I,,76.000000,I,,77.000000,I,,119.000000,I,,180.000000,I,
237,'704,Viet Nam,2620,'S2620,Grapes and products (excl wine),5123,Losses,1000 t,1.000000,I,,1.000000,I,,1.000000,I,,2.000000,I,,2.000000,I,,3.000000,I,,2.000000,I,,2.000000,I,,2.000000,I,,4.000000,I,,3.000000,I,,3.000000,I,,4.000000,I,,7.000000,I,
237,'704,Viet Nam,2620,'S2620,Grapes and products (excl wine),5131,Processing,1000 t,0.000000,I,,0.000000,I,,0.000000,I,,0.000000,I,,,,,,,,,,,,,,,,,20.000000,I,,15.000000,I,,11.000000,I,,12.000000,I,,16.000000,I,
237,'704,Viet Nam,2620,'S2620,Grapes and products (excl wine),5170,Residuals,1000 t,0.000000,I,,0.000000,I,,0.000000,I,,0.000000,I,,5.000000,I,,10.000000,I,,10.000000,I,,10.000000,I,,20.000000,I,,0.000000,I,,-15.000000,I,,0.000000,I,,0.000000,I,,0.000000,I,
237,'704,Viet Nam,2620,'S2620,Grapes and products (excl wine),5142,Food,1000 t,64.000000,I,,67.000000,I,,53.000000,I,,54.000000,I,,43.000000,I,,47.000000,I,,49.000000,I,,49.000000,I,,56.000000,I,,91.000000,I,,73.000000,I,,63.000000,I,,103.000000,I,,157.000000,I,
237,'704,Viet Nam,2620,'S2620,Grapes and products (excl wine),645,Food supply quantity (kg/capita/yr),kg/cap,0.730000,E,,0.760000,E,,0.590000,E,,0.590000,E,,0.460000,E,,0.500000,E,,0.520000,E,,0.520000,E,,0.580000,E,,0.940000,E,,0.750000,E,,0.640000,E,,1.030000,E,,1.560000,E,
237,'704,Viet Nam,2620,'S2620,Grapes and products (excl wine),664,Food supply (kcal/capita/day),kcal/cap/d,1.360000,E,,1.390000,E,,1.100000,E,,1.090000,E,,0.840000,E,,0.930000,E,,0.970000,E,,0.960000,E,,1.090000,E,,1.760000,E,,1.390000,E,,1.190000,E,,1.950000,E,,2.880000,E,
237,'704,Viet Nam,2620,'S2620,Grapes and products (excl wine),661,Food supply (kcal),million Kcal,43281.030000,I,,45042.100000,I,,35792.730000,I,,36094.750000,I,,28241.130000,I,,31419.270000,I,,33393.050000,I,,33202.200000,I,,38334.440000,I,,62492.060000,I,,49609.810000,I,,43105.240000,I,,71058.380000,I,,105437.130000,I,
237,'704,Viet Nam,2620,'S2620,Grapes and products (excl wine),674,Protein supply quantity (g/capita/day),g/cap/d,0.010000,E,,0.020000,E,,0.010000,E,,0.010000,E,,0.010000,E,,0.010000,E,,0.010000,E,,0.010000,E,,0.010000,E,,0.020000,E,,0.020000,E,,0.010000,E,,0.020000,E,,0.030000,E,
237,'704,Viet Nam,2620,'S2620,Grapes and products (excl wine),671,Protein supply quantity (t),t,472.250000,I,,495.570000,I,,391.830000,I,,396.670000,I,,312.080000,I,,343.680000,I,,362.510000,I,,363.930000,I,,412.810000,I,,674.610000,I,,539.470000,I,,466.300000,I,,763.310000,I,,1159.560000,I,
237,'704,Viet Nam,2620,'S2620,Grapes and products (excl wine),684,Fat supply quantity (g/capita/day),g/cap/d,0.000000,E,,0.000000,E,,0.000000,E,,0.000000,E,,0.000000,E,,0.000000,E,,0.000000,E,,0.000000,E,,0.000000,E,,0.000000,E,,0.000000,E,,0.000000,E,,0.000000,E,,0.010000,E,
237,'704,Viet Nam,2620,'S2620,Grapes and products (excl wine),681,Fat supply quantity (t),t,110.060000,I,,117.700000,I,,92.010000,I,,93.970000,I,,75.670000,I,,80.920000,I,,84.430000,I,,86.060000,I,,93.730000,I,,154.350000,I,,125.950000,I,,107.020000,I,,171.860000,I,,275.170000,I,
237,'704,Viet Nam,2625,'S2625,"Fruits, other",5511,Production,1000 t,3521.000000,I,,3640.000000,I,,3724.000000,I,,3655.000000,I,,3766.000000,I,,3796.000000,I,,3599.000000,I,,3617.000000,I,,3930.000000,I,,4177.000000,I,,4450.000000,I,,4776.000000,I,,4758.000000,I,,4840.000000,I,
237,'704,Viet Nam,2625,'S2625,"Fruits, other",5611,Import quantity,1000 t,219.000000,I,,278.000000,I,,388.000000,I,,412.000000,I,,67.000000,I,,94.000000,I,,180.000000,I,,283.000000,I,,250.000000,I,,223.000000,I,,187.000000,I,,150.000000,I,,366.000000,I,,566.000000,I,
237,'704,Viet Nam,2625,'S2625,"Fruits, other",5072,Stock Variation,1000 t,0.000000,I,,13.000000,I,,21.000000,I,,46.000000,I,,-13.000000,I,,-15.000000,I,,-13.000000,I,,3.000000,I,,4.000000,I,,1.000000,I,,-66.000000,I,,1.000000,I,,2.000000,I,,3.000000,I,
237,'704,Viet Nam,2625,'S2625,"Fruits, other",5911,Export quantity,1000 t,508.000000,I,,641.000000,I,,737.000000,I,,778.000000,I,,234.000000,I,,421.000000,I,,976.000000,I,,1285.000000,I,,1128.000000,I,,829.000000,I,,1685.000000,I,,1611.000000,I,,1269.000000,I,,1263.000000,I,
237,'704,Viet Nam,2625,'S2625,"Fruits, other",5301,Domestic supply quantity,1000 t,3233.000000,I,,3264.000000,I,,3354.000000,I,,3243.000000,I,,3612.000000,I,,3485.000000,I,,2817.000000,I,,2612.000000,I,,3048.000000,I,,3570.000000,I,,3019.000000,I,,3315.000000,I,,3853.000000,I,,4140.000000,I,
237,'704,Viet Nam,2625,'S2625,"Fruits, other",5123,Losses,1000 t,298.000000,I,,307.000000,I,,314.000000,I,,308.000000,I,,316.000000,I,,318.000000,I,,302.000000,I,,303.000000,I,,330.000000,I,,351.000000,I,,350.000000,I,,367.000000,I,,376.000000,I,,386.000000,I,
237,'704,Viet Nam,2625,'S2625,"Fruits, other",5170,Residuals,1000 t,80.000000,I,,73.000000,I,,75.000000,I,,77.000000,I,,67.000000,I,,97.000000,I,,77.000000,I,,100.000000,I,,92.000000,I,,166.000000,I,,234.000000,I,,203.000000,I,,133.000000,I,,-181.000000,I,
237,'704,Viet Nam,2625,'S2625,"Fruits, other",5142,Food,1000 t,2855.000000,I,,2884.000000,I,,2965.000000,I,,2858.000000,I,,3229.000000,I,,3069.000000,I,,2438.000000,I,,2209.000000,I,,2625.000000,I,,3052.000000,I,,2435.000000,I,,2745.000000,I,,3343.000000,I,,3935.000000,I,
237,'704,Viet Nam,2625,'S2625,"Fruits, other",645,Food supply quantity (kg/capita/yr),kg/cap,32.650000,E,,32.600000,E,,33.120000,E,,31.560000,E,,35.220000,E,,33.060000,E,,25.930000,E,,23.210000,E,,27.280000,E,,31.410000,E,,24.830000,E,,27.750000,E,,33.540000,E,,39.210000,E,
237,'704,Viet Nam,2625,'S2625,"Fruits, other",664,Food supply (kcal/capita/day),kcal/cap/d,41.000000,E,,41.550000,E,,43.310000,E,,41.380000,E,,43.570000,E,,40.400000,E,,31.390000,E,,27.710000,E,,32.740000,E,,37.790000,E,,33.990000,E,,37.680000,E,,45.220000,E,,52.690000,E,
237,'704,Viet Nam,2625,'S2625,"Fruits, other",661,Food supply (kcal),million Kcal,1308805.880000,I,,1341762.720000,I,,1415090.170000,I,,1367843.700000,I,,1457993.640000,I,,1368645.690000,I,,1076840.700000,I,,962618.810000,I,,1150213.090000,I,,1340302.450000,I,,1216905.070000,I,,1360653.280000,I,,1645402.570000,I,,1930140.770000,I,
237,'704,Viet Nam,2625,'S2625,"Fruits, other",674,Protein supply quantity (g/capita/day),g/cap/d,0.570000,E,,0.570000,E,,0.570000,E,,0.550000,E,,0.610000,E,,0.570000,E,,0.450000,E,,0.400000,E,,0.460000,E,,0.540000,E,,0.450000,E,,0.500000,E,,0.600000,E,,0.690000,E,
237,'704,Viet Nam,2625,'S2625,"Fruits, other",671,Protein supply quantity (t),t,18069.860000,I,,18255.170000,I,,18728.270000,I,,18166.200000,I,,20415.980000,I,,19222.340000,I,,15373.180000,I,,13965.140000,I,,16299.000000,I,,19265.230000,I,,15983.420000,I,,18146.590000,I,,21955.110000,I,,25106.410000,I,
237,'704,Viet Nam,2625,'S2625,"Fruits, other",684,Fat supply quantity (g/capita/day),g/cap/d,0.310000,E,,0.300000,E,,0.310000,E,,0.290000,E,,0.330000,E,,0.310000,E,,0.250000,E,,0.220000,E,,0.260000,E,,0.300000,E,,0.710000,E,,0.890000,E,,0.940000,E,,0.910000,E,
237,'704,Viet Nam,2625,'S2625,"Fruits, other",681,Fat supply quantity (t),t,9782.730000,I,,9844.970000,I,,10022.250000,I,,9708.760000,I,,11131.630000,I,,10549.130000,I,,8444.890000,I,,7699.350000,I,,8999.440000,I,,10567.740000,I,,25297.890000,I,,32296.380000,I,,34046.820000,I,,33376.670000,I,
237,'704,Viet Nam,2922,'S2922,Stimulants,5511,Production,1000 t,1304.000000,E,,1483.000000,E,,1472.000000,E,,1544.000000,E,,1635.000000,E,,1689.000000,E,,1701.000000,E,,1802.000000,E,,1886.000000,E,,1924.000000,E,,2811.000000,E,,2938.000000,E,,3073.000000,E,,3083.000000,E,
237,'704,Viet Nam,2922,'S2922,Stimulants,5611,Import quantity,1000 t,14.000000,E,,13.000000,E,,18.000000,E,,22.000000,E,,50.000000,E,,38.000000,E,,65.000000,E,,86.000000,E,,48.000000,E,,95.000000,E,,91.000000,E,,90.000000,E,,90.000000,E,,90.000000,E,
237,'704,Viet Nam,2922,'S2922,Stimulants,5072,Stock Variation,1000 t,-12.000000,E,,-5.000000,E,,-17.000000,E,,-9.000000,E,,-129.000000,E,,108.000000,E,,-109.000000,E,,42.000000,E,,-39.000000,E,,1.000000,E,,12.000000,E,,-6.000000,E,,5.000000,E,,4.000000,E,
237,'704,Viet Nam,2922,'S2922,Stimulants,5911,Export quantity,1000 t,1354.000000,E,,1390.000000,E,,1879.000000,E,,1443.000000,E,,1911.000000,E,,1581.000000,E,,2065.000000,E,,1906.000000,E,,1874.000000,E,,1906.000000,E,,1704.000000,E,,1637.000000,E,,1635.000000,E,,1575.000000,E,
237,'704,Viet Nam,2922,'S2922,Stimulants,5301,Domestic supply quantity,1000 t,-25.000000,E,,111.000000,E,,-372.000000,E,,132.000000,E,,-98.000000,E,,38.000000,E,,-190.000000,E,,-59.000000,E,,100.000000,E,,112.000000,E,,1185.000000,E,,1397.000000,E,,1523.000000,E,,1595.000000,E,
237,'704,Viet Nam,2922,'S2922,Stimulants,5521,Feed,1000 t,,,,,,,,,,,,,0.000000,E,,,,,0.000000,E,,0.000000,E,,,,,1.000000,E,,1.000000,E,,2.000000,E,,2.000000,E,,1.000000,E,
237,'704,Viet Nam,2922,'S2922,Stimulants,5123,Losses,1000 t,70.000000,E,,80.000000,E,,79.000000,E,,83.000000,E,,88.000000,E,,91.000000,E,,91.000000,E,,97.000000,E,,101.000000,E,,104.000000,E,,109.000000,E,,143.000000,E,,147.000000,E,,140.000000,E,
237,'704,Viet Nam,2922,'S2922,Stimulants,5131,Processing,1000 t,0.000000,E,,0.000000,E,,0.000000,E,,0.000000,E,,,,,,,,,,,,,,,,,4.000000,E,,,,,7.000000,E,,6.000000,E,,7.000000,E,
237,'704,Viet Nam,2922,'S2922,Stimulants,5170,Residuals,1000 t,-168.000000,E,,-45.000000,E,,-531.000000,E,,-35.000000,E,,-290.000000,E,,-165.000000,E,,-386.000000,E,,-269.000000,E,,-192.000000,E,,-122.000000,E,,-322.000000,E,,-2.000000,E,,-1.000000,E,,-1.000000,E,
237,'704,Viet Nam,2922,'S2922,Stimulants,5142,Food,1000 t,73.000000,E,,77.000000,E,,80.000000,E,,84.000000,E,,103.000000,E,,112.000000,E,,104.000000,E,,113.000000,E,,191.000000,E,,125.000000,E,,1398.000000,E,,1247.000000,E,,1370.000000,E,,1448.000000,E,
237,'704,Viet Nam,2922,'S2922,Stimulants,645,Food supply quantity (kg/capita/yr),kg/cap,0.830000,E,,0.870000,E,,0.890000,E,,0.920000,E,,1.130000,E,,1.210000,E,,1.110000,E,,1.180000,E,,1.980000,E,,1.280000,E,,14.260000,E,,12.610000,E,,13.740000,E,,14.430000,E,
237,'704,Viet Nam,2922,'S2922,Stimulants,664,Food supply (kcal/capita/day),kcal/cap/d,1.160000,E,,1.250000,E,,1.170000,E,,1.060000,E,,0.880000,E,,0.940000,E,,1.060000,E,,1.080000,E,,1.420000,E,,1.500000,E,,5.730000,E,,5.120000,E,,6.730000,E,,7.370000,E,
237,'704,Viet Nam,2922,'S2922,Stimulants,661,Food supply (kcal),million Kcal,37139.710000,E,,40206.410000,E,,38161.430000,E,,35086.040000,E,,29344.110000,E,,31894.380000,E,,36440.790000,E,,37531.790000,E,,49765.620000,E,,53261.210000,E,,205281.350000,E,,184864.030000,E,,244844.750000,E,,269987.490000,E,
237,'704,Viet Nam,2922,'S2922,Stimulants,674,Protein supply quantity (g/capita/day),g/cap/d,0.050000,E,,0.050000,E,,0.050000,E,,0.050000,E,,0.050000,E,,0.060000,E,,0.060000,E,,0.060000,E,,0.090000,E,,0.070000,E,,0.260000,E,,0.250000,E,,0.320000,E,,0.350000,E,
237,'704,Viet Nam,2922,'S2922,Stimulants,671,Protein supply quantity (t),t,1637.290000,E,,1692.710000,E,,1704.570000,E,,1705.420000,E,,1726.390000,E,,1923.630000,E,,1966.250000,E,,2077.020000,E,,3069.990000,E,,2637.970000,E,,9378.010000,E,,9117.000000,E,,11755.480000,E,,12701.480000,E,
237,'704,Viet Nam,2922,'S2922,Stimulants,684,Fat supply quantity (g/capita/day),g/cap/d,0.050000,E,,0.050000,E,,0.050000,E,,0.040000,E,,0.030000,E,,0.030000,E,,0.040000,E,,0.040000,E,,0.050000,E,,0.060000,E,,0.210000,E,,0.140000,E,,0.160000,E,,0.170000,E,
237,'704,Viet Nam,2922,'S2922,Stimulants,681,Fat supply quantity (t),t,1576.850000,E,,1736.400000,E,,1593.770000,E,,1389.590000,E,,977.320000,E,,1044.700000,E,,1360.700000,E,,1380.380000,E,,1599.910000,E,,2290.930000,E,,7420.250000,E,,5016.590000,E,,5818.430000,E,,6373.230000,E,
237,'704,Viet Nam,2630,'S2630,Coffee and products,5511,Production,1000 t,1106.000000,I,,1277.000000,I,,1260.000000,I,,1327.000000,I,,1406.000000,I,,1453.000000,I,,1461.000000,I,,1542.000000,I,,1616.000000,I,,1687.000000,I,,1763.000000,I,,1845.000000,I,,1954.000000,I,,1957.000000,I,
237,'704,Viet Nam,2630,'S2630,Coffee and products,5611,Import quantity,1000 t,4.000000,I,,3.000000,I,,8.000000,I,,12.000000,I,,40.000000,I,,24.000000,I,,49.000000,I,,69.000000,I,,31.000000,I,,66.000000,I,,65.000000,I,,64.000000,I,,56.000000,I,,56.000000,I,
237,'704,Viet Nam,2630,'S2630,Coffee and products,5072,Stock Variation,1000 t,,,,,,,,,,,,,-117.000000,I,,110.000000,I,,-110.000000,I,,41.000000,I,,-40.000000,I,,0.000000,I,,0.000000,I,,0.000000,I,,0.000000,I,,0.000000,I,
237,'704,Viet Nam,2630,'S2630,Coffee and products,5911,Export quantity,1000 t,1218.000000,I,,1256.000000,I,,1732.000000,I,,1302.000000,I,,1776.000000,I,,1450.000000,I,,1924.000000,I,,1755.000000,I,,1792.000000,I,,1766.000000,I,,1573.000000,I,,1510.000000,I,,1565.000000,I,,1513.000000,I,
237,'704,Viet Nam,2630,'S2630,Coffee and products,5301,Domestic supply quantity,1000 t,-108.000000,I,,24.000000,I,,-463.000000,I,,37.000000,I,,-212.000000,I,,-83.000000,I,,-305.000000,I,,-185.000000,I,,-105.000000,I,,-14.000000,I,,256.000000,I,,399.000000,I,,446.000000,I,,499.000000,I,
237,'704,Viet Nam,2630,'S2630,Coffee and products,5123,Losses,1000 t,59.000000,I,,69.000000,I,,68.000000,I,,71.000000,I,,76.000000,I,,78.000000,I,,79.000000,I,,83.000000,I,,87.000000,I,,91.000000,I,,95.000000,I,,99.000000,I,,104.000000,I,,105.000000,I,
237,'704,Viet Nam,2630,'S2630,Coffee and products,5131,Processing,1000 t,,,,0.000000,I,,,,,0.000000,I,,,,,,,,,,,,,,,,,4.000000,I,,,,,7.000000,I,,6.000000,I,,7.000000,I,
237,'704,Viet Nam,2630,'S2630,Coffee and products,5170,Residuals,1000 t,-168.000000,I,,-45.000000,I,,-531.000000,I,,-35.000000,I,,-288.000000,I,,-161.000000,I,,-384.000000,I,,-268.000000,I,,-192.000000,I,,-122.000000,I,,-322.000000,I,,0.000000,I,,0.000000,I,,0.000000,I,
237,'704,Viet Nam,2630,'S2630,Coffee and products,5142,Food,1000 t,,,,,,,,,,,,,,,,0.000000,I,,,,,0.000000,I,,0.000000,I,,13.000000,I,,482.000000,I,,293.000000,I,,335.000000,I,,387.000000,I,
237,'704,Viet Nam,2630,'S2630,Coffee and products,645,Food supply quantity (kg/capita/yr),kg/cap,,,,,,,,,,,,,,,,0.000000,E,,,,,0.000000,E,,0.000000,E,,0.130000,E,,4.920000,E,,2.960000,E,,3.370000,E,,3.860000,E,
237,'704,Viet Nam,2630,'S2630,Coffee and products,664,Food supply (kcal/capita/day),kcal/cap/d,,,,,,,,,,,,,,,,0.000000,E,,,,,0.000000,E,,0.000000,E,,0.110000,E,,3.920000,E,,3.240000,E,,4.430000,E,,5.040000,E,
237,'704,Viet Nam,2630,'S2630,Coffee and products,661,Food supply (kcal),million Kcal,,,,,,,,,,,,,,,,13.520000,I,,,,,19.110000,I,,0.000000,I,,3737.650000,I,,140400.410000,I,,117054.320000,I,,161071.060000,I,,184540.010000,I,
237,'704,Viet Nam,2630,'S2630,Coffee and products,674,Protein supply quantity (g/capita/day),g/cap/d,,,,,,,,,,,,,,,,0.000000,E,,,,,0.000000,E,,0.000000,E,,0.000000,E,,0.140000,E,,0.130000,E,,0.190000,E,,0.220000,E,
237,'704,Viet Nam,2630,'S2630,Coffee and products,671,Protein supply quantity (t),t,,,,,,,,,,,,,,,,0.490000,I,,,,,0.700000,I,,0.000000,I,,136.570000,I,,5130.010000,I,,4799.430000,I,,6893.140000,I,,7894.350000,I,
237,'704,Viet Nam,2630,'S2630,Coffee and products,684,Fat supply quantity (g/capita/day),g/cap/d,,,,,,,,,,,,,,,,0.000000,E,,,,,0.000000,E,,0.000000,E,,0.000000,E,,0.150000,E,,0.080000,E,,0.080000,E,,0.100000,E,
237,'704,Viet Nam,2630,'S2630,Coffee and products,681,Fat supply quantity (t),t,,,,,,,,,,,,,,,,0.530000,I,,,,,0.750000,I,,0.000000,I,,145.810000,I,,5477.160000,I,,2897.530000,I,,3064.140000,I,,3520.660000,I,
237,'704,Viet Nam,2633,'S2633,Cocoa Beans and products,5511,Production,1000 t,,,,,,,,,,,,,,,,,,,,,,,,,,,,3.000000,I,,2.000000,I,,2.000000,I,,2.000000,I,,2.000000,I,
237,'704,Viet Nam,2633,'S2633,Cocoa Beans and products,5611,Import quantity,1000 t,10.000000,I,,10.000000,I,,9.000000,I,,10.000000,I,,8.000000,I,,9.000000,I,,12.000000,I,,12.000000,I,,13.000000,I,,17.000000,I,,19.000000,I,,20.000000,I,,28.000000,I,,25.000000,I,
237,'704,Viet Nam,2633,'S2633,Cocoa Beans and products,5072,Stock Variation,1000 t,0.000000,I,,0.000000,I,,0.000000,I,,1.000000,I,,0.000000,I,,0.000000,I,,1.000000,I,,1.000000,I,,1.000000,I,,1.000000,I,,1.000000,I,,3.000000,I,,5.000000,I,,4.000000,I,
237,'704,Viet Nam,2633,'S2633,Cocoa Beans and products,5911,Export quantity,1000 t,,,,,,,,,,,,,3.000000,I,,4.000000,I,,4.000000,I,,3.000000,I,,3.000000,I,,5.000000,I,,4.000000,I,,5.000000,I,,7.000000,I,,7.000000,I,
237,'704,Viet Nam,2633,'S2633,Cocoa Beans and products,5301,Domestic supply quantity,1000 t,9.000000,I,,9.000000,I,,9.000000,I,,9.000000,I,,4.000000,I,,5.000000,I,,7.000000,I,,8.000000,I,,10.000000,I,,15.000000,I,,15.000000,I,,14.000000,I,,18.000000,I,,15.000000,I,
237,'704,Viet Nam,2633,'S2633,Cocoa Beans and products,5131,Processing,1000 t,0.000000,I,,0.000000,I,,0.000000,I,,0.000000,I,,,,,,,,,,,,,,,,,,,,,,,,,,,,,,,
237,'704,Viet Nam,2633,'S2633,Cocoa Beans and products,5170,Residuals,1000 t,0.000000,I,,0.000000,I,,0.000000,I,,0.000000,I,,-2.000000,I,,-3.000000,I,,-2.000000,I,,-1.000000,I,,-1.000000,I,,0.000000,I,,0.000000,I,,-1.000000,I,,0.000000,I,,-1.000000,I,
237,'704,Viet Nam,2633,'S2633,Cocoa Beans and products,5142,Food,1000 t,9.000000,I,,9.000000,I,,9.000000,I,,9.000000,I,,6.000000,I,,8.000000,I,,9.000000,I,,9.000000,I,,10.000000,I,,15.000000,I,,16.000000,I,,15.000000,I,,18.000000,I,,16.000000,I,
237,'704,Viet Nam,2633,'S2633,Cocoa Beans and products,645,Food supply quantity (kg/capita/yr),kg/cap,0.110000,E,,0.100000,E,,0.100000,E,,0.100000,E,,0.070000,E,,0.080000,E,,0.100000,E,,0.100000,E,,0.110000,E,,0.150000,E,,0.160000,E,,0.150000,E,,0.180000,E,,0.160000,E,
237,'704,Viet Nam,2633,'S2633,Cocoa Beans and products,664,Food supply (kcal/capita/day),kcal/cap/d,0.890000,E,,0.950000,E,,0.860000,E,,0.750000,E,,0.470000,E,,0.510000,E,,0.680000,E,,0.660000,E,,0.700000,E,,1.010000,E,,0.870000,E,,0.900000,E,,1.250000,E,,1.260000,E,
237,'704,Viet Nam,2633,'S2633,Cocoa Beans and products,661,Food supply (kcal),million Kcal,28300.260000,I,,30803.040000,I,,28256.190000,I,,24634.150000,I,,15804.780000,I,,17263.370000,I,,23237.270000,I,,23096.960000,I,,24612.490000,I,,35993.650000,I,,30968.490000,I,,32418.560000,I,,45483.440000,I,,46087.550000,I,
237,'704,Viet Nam,2633,'S2633,Cocoa Beans and products,674,Protein supply quantity (g/capita/day),g/cap/d,0.030000,E,,0.030000,E,,0.030000,E,,0.030000,E,,0.020000,E,,0.020000,E,,0.030000,E,,0.020000,E,,0.030000,E,,0.040000,E,,0.040000,E,,0.040000,E,,0.050000,E,,0.040000,E,
237,'704,Viet Nam,2633,'S2633,Cocoa Beans and products,671,Protein supply quantity (t),t,895.920000,I,,904.040000,I,,873.810000,I,,828.810000,I,,590.830000,I,,697.150000,I,,858.860000,I,,867.260000,I,,960.370000,I,,1366.640000,I,,1403.720000,I,,1349.280000,I,,1650.900000,I,,1505.970000,I,
237,'704,Viet Nam,2633,'S2633,Cocoa Beans and products,684,Fat supply quantity (g/capita/day),g/cap/d,0.050000,E,,0.050000,E,,0.050000,E,,0.040000,E,,0.020000,E,,0.030000,E,,0.040000,E,,0.030000,E,,0.040000,E,,0.060000,E,,0.040000,E,,0.050000,E,,0.060000,E,,0.070000,E,
237,'704,Viet Nam,2633,'S2633,Cocoa Beans and products,681,Fat supply quantity (t),t,1472.300000,I,,1625.180000,I,,1476.610000,I,,1265.960000,I,,817.180000,I,,871.280000,I,,1204.530000,I,,1209.130000,I,,1302.400000,I,,1985.090000,I,,1541.980000,I,,1700.460000,I,,2301.400000,I,,2387.020000,I,
237,'704,Viet Nam,2635,'S2635,Tea (including mate),5511,Production,1000 t,198.000000,I,,207.000000,I,,212.000000,I,,218.000000,I,,228.000000,I,,236.000000,I,,240.000000,I,,260.000000,I,,270.000000,I,,234.000000,I,,1046.000000,I,,1091.000000,I,,1117.000000,I,,1125.000000,I,
237,'704,Viet Nam,2635,'S2635,Tea (including mate),5611,Import quantity,1000 t,,,,,,,,,,,,,1.000000,I,,5.000000,I,,4.000000,I,,5.000000,I,,4.000000,I,,12.000000,I,,7.000000,I,,7.000000,I,,6.000000,I,,10.000000,I,
237,'704,Viet Nam,2635,'S2635,Tea (including mate),5072,Stock Variation,1000 t,-12.000000,I,,-6.000000,I,,-18.000000,I,,-10.000000,I,,-12.000000,I,,-2.000000,I,,0.000000,I,,0.000000,I,,0.000000,I,,0.000000,I,,12.000000,I,,-9.000000,I,,0.000000,I,,0.000000,I,
237,'704,Viet Nam,2635,'S2635,Tea (including mate),5911,Export quantity,1000 t,137.000000,I,,134.000000,I,,147.000000,I,,141.000000,I,,132.000000,I,,127.000000,I,,137.000000,I,,148.000000,I,,79.000000,I,,136.000000,I,,127.000000,I,,123.000000,I,,63.000000,I,,54.000000,I,
237,'704,Viet Nam,2635,'S2635,Tea (including mate),5301,Domestic supply quantity,1000 t,74.000000,I,,79.000000,I,,82.000000,I,,87.000000,I,,110.000000,I,,116.000000,I,,108.000000,I,,117.000000,I,,195.000000,I,,111.000000,I,,914.000000,I,,984.000000,I,,1060.000000,I,,1081.000000,I,
237,'704,Viet Nam,2635,'S2635,Tea (including mate),5521,Feed,1000 t,,,,,,,,,,,,,0.000000,I,,,,,0.000000,I,,0.000000,I,,,,,1.000000,I,,1.000000,I,,2.000000,I,,2.000000,I,,1.000000,I,
237,'704,Viet Nam,2635,'S2635,Tea (including mate),5123,Losses,1000 t,11.000000,I,,11.000000,I,,11.000000,I,,12.000000,I,,12.000000,I,,13.000000,I,,13.000000,I,,14.000000,I,,15.000000,I,,13.000000,I,,13.000000,I,,43.000000,I,,43.000000,I,,35.000000,I,
237,'704,Viet Nam,2635,'S2635,Tea (including mate),5170,Residuals,1000 t,0.000000,I,,0.000000,I,,0.000000,I,,0.000000,I,,0.000000,I,,-1.000000,I,,0.000000,I,,0.000000,I,,0.000000,I,,0.000000,I,,0.000000,I,,-1.000000,I,,-1.000000,I,,0.000000,I,
237,'704,Viet Nam,2635,'S2635,Tea (including mate),5142,Food,1000 t,63.000000,I,,67.000000,I,,71.000000,I,,75.000000,I,,97.000000,I,,105.000000,I,,95.000000,I,,103.000000,I,,180.000000,I,,97.000000,I,,900.000000,I,,940.000000,I,,1017.000000,I,,1045.000000,I,
237,'704,Viet Nam,2635,'S2635,Tea (including mate),645,Food supply quantity (kg/capita/yr),kg/cap,0.720000,E,,0.760000,E,,0.790000,E,,0.830000,E,,1.060000,E,,1.130000,E,,1.010000,E,,1.090000,E,,1.870000,E,,1.000000,E,,9.180000,E,,9.500000,E,,10.200000,E,,10.410000,E,
237,'704,Viet Nam,2635,'S2635,Tea (including mate),664,Food supply (kcal/capita/day),kcal/cap/d,0.280000,E,,0.290000,E,,0.300000,E,,0.320000,E,,0.400000,E,,0.430000,E,,0.380000,E,,0.410000,E,,0.720000,E,,0.380000,E,,0.950000,E,,0.980000,E,,1.050000,E,,1.070000,E,
237,'704,Viet Nam,2635,'S2635,Tea (including mate),661,Food supply (kcal),million Kcal,8839.450000,I,,9403.370000,I,,9905.240000,I,,10451.890000,I,,13539.330000,I,,14617.490000,I,,13203.520000,I,,14415.730000,I,,25153.130000,I,,13529.910000,I,,33912.450000,I,,35391.150000,I,,38290.240000,I,,39359.930000,I,
237,'704,Viet Nam,2635,'S2635,Tea (including mate),674,Protein supply quantity (g/capita/day),g/cap/d,0.020000,E,,0.020000,E,,0.030000,E,,0.030000,E,,0.030000,E,,0.040000,E,,0.030000,E,,0.030000,E,,0.060000,E,,0.030000,E,,0.080000,E,,0.080000,E,,0.090000,E,,0.090000,E,
237,'704,Viet Nam,2635,'S2635,Tea (including mate),671,Protein supply quantity (t),t,741.370000,I,,788.670000,I,,830.760000,I,,876.610000,I,,1135.560000,I,,1225.980000,I,,1107.390000,I,,1209.060000,I,,2109.620000,I,,1134.770000,I,,2844.270000,I,,2968.290000,I,,3211.440000,I,,3301.160000,I,
237,'704,Viet Nam,2635,'S2635,Tea (including mate),684,Fat supply quantity (g/capita/day),g/cap/d,0.000000,E,,0.000000,E,,0.000000,E,,0.000000,E,,0.000000,E,,0.010000,E,,0.000000,E,,0.000000,E,,0.010000,E,,0.000000,E,,0.010000,E,,0.010000,E,,0.010000,E,,0.010000,E,
237,'704,Viet Nam,2635,'S2635,Tea (including mate),681,Fat supply quantity (t),t,104.550000,I,,111.220000,I,,117.160000,I,,123.620000,I,,160.140000,I,,172.900000,I,,156.170000,I,,170.510000,I,,297.510000,I,,160.030000,I,,401.120000,I,,418.610000,I,,452.900000,I,,465.550000,I,
237,'704,Viet Nam,2923,'S2923,Spices,5511,Production,1000 t,218.000000,E,,229.000000,E,,242.000000,E,,251.000000,E,,282.000000,E,,309.000000,E,,353.000000,E,,393.000000,E,,407.000000,E,,419.000000,E,,431.000000,E,,466.000000,E,,455.000000,E,,444.000000,E,
237,'704,Viet Nam,2923,'S2923,Spices,5611,Import quantity,1000 t,21.000000,E,,34.000000,E,,42.000000,E,,77.000000,E,,10.000000,E,,27.000000,E,,19.000000,E,,19.000000,E,,19.000000,E,,25.000000,E,,47.000000,E,,55.000000,E,,73.000000,E,,76.000000,E,
237,'704,Viet Nam,2923,'S2923,Spices,5072,Stock Variation,1000 t,3.000000,E,,-3.000000,E,,0.000000,E,,13.000000,E,,-26.000000,E,,33.000000,E,,22.000000,E,,6.000000,E,,98.000000,E,,-5.000000,E,,0.000000,E,,0.000000,E,,7.000000,E,,8.000000,E,
237,'704,Viet Nam,2923,'S2923,Spices,5911,Export quantity,1000 t,139.000000,E,,151.000000,E,,143.000000,E,,165.000000,E,,193.000000,E,,166.000000,E,,215.000000,E,,249.000000,E,,137.000000,E,,330.000000,E,,400.000000,E,,410.000000,E,,299.000000,E,,289.000000,E,
237,'704,Viet Nam,2923,'S2923,Spices,5301,Domestic supply quantity,1000 t,96.000000,E,,116.000000,E,,141.000000,E,,150.000000,E,,125.000000,E,,137.000000,E,,135.000000,E,,158.000000,E,,191.000000,E,,118.000000,E,,78.000000,E,,110.000000,E,,223.000000,E,,223.000000,E,
237,'704,Viet Nam,2923,'S2923,Spices,5123,Losses,1000 t,12.000000,E,,13.000000,E,,14.000000,E,,14.000000,E,,16.000000,E,,18.000000,E,,20.000000,E,,22.000000,E,,23.000000,E,,24.000000,E,,24.000000,E,,26.000000,E,,27.000000,E,,26.000000,E,
237,'704,Viet Nam,2923,'S2923,Spices,5170,Residuals,1000 t,-20.000000,E,,-20.000000,E,,-5.000000,E,,-18.000000,E,,-1.000000,E,,-3.000000,E,,-3.000000,E,,-6.000000,E,,-9.000000,E,,-7.000000,E,,-45.000000,E,,-30.000000,E,,-5.000000,E,,-7.000000,E,
237,'704,Viet Nam,2923,'S2923,Spices,5142,Food,1000 t,103.000000,E,,123.000000,E,,132.000000,E,,154.000000,E,,111.000000,E,,122.000000,E,,118.000000,E,,142.000000,E,,177.000000,E,,101.000000,E,,99.000000,E,,113.000000,E,,202.000000,E,,204.000000,E,
237,'704,Viet Nam,2923,'S2923,Spices,645,Food supply quantity (kg/capita/yr),kg/cap,1.180000,E,,1.390000,E,,1.470000,E,,1.700000,E,,1.210000,E,,1.310000,E,,1.260000,E,,1.490000,E,,1.840000,E,,1.040000,E,,1.010000,E,,1.150000,E,,2.020000,E,,2.030000,E,
237,'704,Viet Nam,2923,'S2923,Spices,664,Food supply (kcal/capita/day),kcal/cap/d,10.240000,E,,11.840000,E,,12.800000,E,,15.340000,E,,10.670000,E,,11.200000,E,,10.700000,E,,12.530000,E,,15.350000,E,,9.020000,E,,8.680000,E,,9.750000,E,,16.910000,E,,17.320000,E,
237,'704,Viet Nam,2923,'S2923,Spices,661,Food supply (kcal),million Kcal,326901.330000,E,,382389.400000,E,,418042.140000,E,,507041.570000,E,,357039.120000,E,,379351.020000,E,,367251.100000,E,,435403.600000,E,,539298.490000,E,,320064.780000,E,,310699.910000,E,,352029.650000,E,,615262.470000,E,,634440.300000,E,
237,'704,Viet Nam,2923,'S2923,Spices,674,Protein supply quantity (g/capita/day),g/cap/d,0.380000,E,,0.430000,E,,0.460000,E,,0.590000,E,,0.430000,E,,0.440000,E,,0.410000,E,,0.470000,E,,0.570000,E,,0.360000,E,,0.350000,E,,0.380000,E,,0.650000,E,,0.670000,E,
237,'704,Viet Nam,2923,'S2923,Spices,671,Protein supply quantity (t),t,11977.400000,E,,13878.620000,E,,15133.310000,E,,19448.760000,E,,14354.480000,E,,14748.640000,E,,14179.620000,E,,16254.340000,E,,19944.530000,E,,12934.110000,E,,12353.200000,E,,13633.080000,E,,23542.180000,E,,24507.120000,E,
237,'704,Viet Nam,2923,'S2923,Spices,684,Fat supply quantity (g/capita/day),g/cap/d,0.380000,E,,0.440000,E,,0.480000,E,,0.610000,E,,0.400000,E,,0.340000,E,,0.330000,E,,0.350000,E,,0.380000,E,,0.310000,E,,0.290000,E,,0.300000,E,,0.430000,E,,0.460000,E,
237,'704,Viet Nam,2923,'S2923,Spices,681,Fat supply quantity (t),t,12042.760000,E,,14196.950000,E,,15745.770000,E,,20235.500000,E,,13278.640000,E,,11395.620000,E,,11175.590000,E,,12118.210000,E,,13478.120000,E,,10991.790000,E,,10209.020000,E,,10753.030000,E,,15577.410000,E,,16730.190000,E,
237,'704,Viet Nam,2640,'S2640,Pepper,5511,Production,1000 t,105.000000,I,,112.000000,I,,120.000000,I,,125.000000,I,,152.000000,I,,177.000000,I,,216.000000,I,,253.000000,I,,263.000000,I,,265.000000,I,,270.000000,I,,276.000000,I,,272.000000,I,,257.000000,I,
237,'704,Viet Nam,2640,'S2640,Pepper,5611,Import quantity,1000 t,,,,,,,,,,,,,7.000000,I,,22.000000,I,,14.000000,I,,13.000000,I,,9.000000,I,,16.000000,I,,19.000000,I,,15.000000,I,,33.000000,I,,22.000000,I,
237,'704,Viet Nam,2640,'S2640,Pepper,5072,Stock Variation,1000 t,0.000000,I,,0.000000,I,,-1.000000,I,,0.000000,I,,-6.000000,I,,33.000000,I,,22.000000,I,,4.000000,I,,96.000000,I,,-3.000000,I,,0.000000,I,,0.000000,I,,3.000000,I,,4.000000,I,
237,'704,Viet Nam,2640,'S2640,Pepper,5911,Export quantity,1000 t,117.000000,I,,124.000000,I,,117.000000,I,,133.000000,I,,155.000000,I,,132.000000,I,,178.000000,I,,215.000000,I,,97.000000,I,,263.000000,I,,259.000000,I,,249.000000,I,,196.000000,I,,172.000000,I,
237,'704,Viet Nam,2640,'S2640,Pepper,5301,Domestic supply quantity,1000 t,-11.000000,I,,-12.000000,I,,4.000000,I,,-8.000000,I,,9.000000,I,,34.000000,I,,31.000000,I,,46.000000,I,,78.000000,I,,21.000000,I,,30.000000,I,,41.000000,I,,106.000000,I,,103.000000,I,
237,'704,Viet Nam,2640,'S2640,Pepper,5123,Losses,1000 t,6.000000,I,,6.000000,I,,6.000000,I,,7.000000,I,,8.000000,I,,10.000000,I,,12.000000,I,,14.000000,I,,14.000000,I,,14.000000,I,,15.000000,I,,15.000000,I,,15.000000,I,,14.000000,I,
237,'704,Viet Nam,2640,'S2640,Pepper,5170,Residuals,1000 t,-17.000000,I,,-18.000000,I,,-2.000000,I,,-15.000000,I,,0.000000,I,,0.000000,I,,0.000000,I,,0.000000,I,,0.000000,I,,0.000000,I,,0.000000,I,,0.000000,I,,0.000000,I,,0.000000,I,
237,'704,Viet Nam,2640,'S2640,Pepper,5142,Food,1000 t,0.000000,I,,0.000000,I,,0.000000,I,,0.000000,I,,1.000000,I,,25.000000,I,,19.000000,I,,32.000000,I,,64.000000,I,,6.000000,I,,15.000000,I,,27.000000,I,,90.000000,I,,89.000000,I,
237,'704,Viet Nam,2640,'S2640,Pepper,645,Food supply quantity (kg/capita/yr),kg/cap,0.000000,E,,0.000000,E,,0.000000,E,,0.000000,E,,0.010000,E,,0.270000,E,,0.210000,E,,0.340000,E,,0.660000,E,,0.070000,E,,0.160000,E,,0.270000,E,,0.910000,E,,0.890000,E,
237,'704,Viet Nam,2640,'S2640,Pepper,664,Food supply (kcal/capita/day),kcal/cap/d,0.000000,E,,0.000000,E,,0.000000,E,,0.000000,E,,0.110000,E,,2.190000,E,,1.690000,E,,2.790000,E,,5.460000,E,,0.540000,E,,1.270000,E,,2.220000,E,,7.440000,E,,7.290000,E,
237,'704,Viet Nam,2640,'S2640,Pepper,661,Food supply (kcal),million Kcal,0.000000,I,,0.000000,I,,0.000000,I,,0.000000,I,,3577.650000,I,,74099.190000,I,,57950.280000,I,,97048.500000,I,,191806.950000,I,,19285.220000,I,,45607.260000,I,,80192.620000,I,,270637.070000,I,,266929.430000,I,
237,'704,Viet Nam,2640,'S2640,Pepper,674,Protein supply quantity (g/capita/day),g/cap/d,0.000000,E,,0.000000,E,,0.000000,E,,0.000000,E,,0.000000,E,,0.080000,E,,0.060000,E,,0.100000,E,,0.190000,E,,0.020000,E,,0.050000,E,,0.080000,E,,0.270000,E,,0.260000,E,
237,'704,Viet Nam,2640,'S2640,Pepper,671,Protein supply quantity (t),t,0.000000,I,,0.000000,I,,0.000000,I,,0.000000,I,,127.600000,I,,2642.870000,I,,2066.890000,I,,3461.400000,I,,6841.110000,I,,687.840000,I,,1626.660000,I,,2860.200000,I,,9652.720000,I,,9520.480000,I,
237,'704,Viet Nam,2640,'S2640,Pepper,684,Fat supply quantity (g/capita/day),g/cap/d,0.000000,E,,0.000000,E,,0.000000,E,,0.000000,E,,0.000000,E,,0.030000,E,,0.020000,E,,0.030000,E,,0.060000,E,,0.010000,E,,0.010000,E,,0.030000,E,,0.090000,E,,0.090000,E,
237,'704,Viet Nam,2640,'S2640,Pepper,681,Fat supply quantity (t),t,0.000000,I,,0.000000,I,,0.000000,I,,0.000000,I,,41.740000,I,,864.490000,I,,676.090000,I,,1132.230000,I,,2237.750000,I,,224.990000,I,,532.080000,I,,935.580000,I,,3157.430000,I,,3114.180000,I,
237,'704,Viet Nam,2641,'S2641,Pimento,5511,Production,1000 t,87.000000,I,,89.000000,I,,91.000000,I,,93.000000,I,,95.000000,I,,95.000000,I,,97.000000,I,,99.000000,I,,100.000000,I,,97.000000,I,,98.000000,I,,99.000000,I,,101.000000,I,,100.000000,I,
237,'704,Viet Nam,2641,'S2641,Pimento,5611,Import quantity,1000 t,,,,,,,,,,,,,0.000000,I,,0.000000,I,,0.000000,I,,1.000000,I,,4.000000,I,,3.000000,I,,2.000000,I,,2.000000,I,,4.000000,I,,13.000000,I,
237,'704,Viet Nam,2641,'S2641,Pimento,5072,Stock Variation,1000 t,3.000000,I,,2.000000,I,,1.000000,I,,-2.000000,I,,-4.000000,I,,0.000000,I,,0.000000,I,,0.000000,I,,0.000000,I,,0.000000,I,,-1.000000,I,,-1.000000,I,,0.000000,I,,0.000000,I,
237,'704,Viet Nam,2641,'S2641,Pimento,5911,Export quantity,1000 t,1.000000,I,,1.000000,I,,1.000000,I,,2.000000,I,,1.000000,I,,1.000000,I,,4.000000,I,,2.000000,I,,5.000000,I,,3.000000,I,,19.000000,I,,18.000000,I,,6.000000,I,,5.000000,I,
237,'704,Viet Nam,2641,'S2641,Pimento,5301,Domestic supply quantity,1000 t,83.000000,I,,86.000000,I,,89.000000,I,,93.000000,I,,99.000000,I,,95.000000,I,,94.000000,I,,97.000000,I,,99.000000,I,,96.000000,I,,83.000000,I,,84.000000,I,,99.000000,I,,108.000000,I,
237,'704,Viet Nam,2641,'S2641,Pimento,5123,Losses,1000 t,4.000000,I,,4.000000,I,,5.000000,I,,5.000000,I,,5.000000,I,,5.000000,I,,5.000000,I,,5.000000,I,,5.000000,I,,5.000000,I,,5.000000,I,,5.000000,I,,5.000000,I,,6.000000,I,
237,'704,Viet Nam,2641,'S2641,Pimento,5170,Residuals,1000 t,0.000000,I,,0.000000,I,,0.000000,I,,0.000000,I,,0.000000,I,,0.000000,I,,0.000000,I,,0.000000,I,,0.000000,I,,0.000000,I,,0.000000,I,,0.000000,I,,0.000000,I,,0.000000,I,
237,'704,Viet Nam,2641,'S2641,Pimento,5142,Food,1000 t,79.000000,I,,82.000000,I,,85.000000,I,,88.000000,I,,94.000000,I,,90.000000,I,,89.000000,I,,92.000000,I,,94.000000,I,,91.000000,I,,78.000000,I,,79.000000,I,,94.000000,I,,102.000000,I,
237,'704,Viet Nam,2641,'S2641,Pimento,645,Food supply quantity (kg/capita/yr),kg/cap,0.900000,E,,0.930000,E,,0.950000,E,,0.970000,E,,1.020000,E,,0.970000,E,,0.950000,E,,0.970000,E,,0.980000,E,,0.940000,E,,0.790000,E,,0.800000,E,,0.940000,E,,1.020000,E,
237,'704,Viet Nam,2641,'S2641,Pimento,664,Food supply (kcal/capita/day),kcal/cap/d,7.880000,E,,8.120000,E,,8.310000,E,,8.520000,E,,8.960000,E,,8.480000,E,,8.310000,E,,8.470000,E,,8.560000,E,,8.210000,E,,6.950000,E,,6.960000,E,,8.240000,E,,8.930000,E,
237,'704,Viet Nam,2641,'S2641,Pimento,661,Food supply (kcal),million Kcal,251616.970000,I,,262114.520000,I,,271493.310000,I,,281506.870000,I,,299750.940000,I,,287283.850000,I,,285031.810000,I,,294131.830000,I,,300766.450000,I,,291236.950000,I,,248834.700000,I,,251389.040000,I,,299862.990000,I,,327166.720000,I,
237,'704,Viet Nam,2641,'S2641,Pimento,674,Protein supply quantity (g/capita/day),g/cap/d,0.320000,E,,0.330000,E,,0.340000,E,,0.350000,E,,0.370000,E,,0.350000,E,,0.340000,E,,0.350000,E,,0.350000,E,,0.340000,E,,0.290000,E,,0.290000,E,,0.340000,E,,0.370000,E,
237,'704,Viet Nam,2641,'S2641,Pimento,671,Protein supply quantity (t),t,10360.700000,I,,10792.950000,I,,11179.140000,I,,11591.460000,I,,12342.690000,I,,11829.330000,I,,11736.600000,I,,12111.310000,I,,12384.500000,I,,11992.110000,I,,10246.130000,I,,10351.310000,I,,12347.300000,I,,13471.570000,I,
237,'704,Viet Nam,2641,'S2641,Pimento,684,Fat supply quantity (g/capita/day),g/cap/d,0.290000,E,,0.290000,E,,0.300000,E,,0.310000,E,,0.320000,E,,0.310000,E,,0.300000,E,,0.310000,E,,0.310000,E,,0.300000,E,,0.250000,E,,0.250000,E,,0.300000,E,,0.320000,E,
237,'704,Viet Nam,2641,'S2641,Pimento,681,Fat supply quantity (t),t,9102.610000,I,,9482.380000,I,,9821.670000,I,,10183.930000,I,,10843.930000,I,,10392.920000,I,,10311.450000,I,,10640.650000,I,,10880.670000,I,,10535.920000,I,,9001.960000,I,,9094.370000,I,,10847.980000,I,,11835.740000,I,
237,'704,Viet Nam,2642,'S2642,Cloves,5611,Import quantity,1000 t,3.000000,I,,3.000000,I,,3.000000,I,,3.000000,I,,0.000000,I,,0.000000,I,,0.000000,I,,0.000000,I,,0.000000,I,,0.000000,I,,0.000000,I,,0.000000,I,,1.000000,I,,1.000000,I,
237,'704,Viet Nam,2642,'S2642,Cloves,5072,Stock Variation,1000 t,0.000000,I,,0.000000,I,,0.000000,I,,1.000000,I,,-1.000000,I,,0.000000,I,,0.000000,I,,0.000000,I,,0.000000,I,,0.000000,I,,0.000000,I,,0.000000,I,,0.000000,I,,0.000000,I,
237,'704,Viet Nam,2642,'S2642,Cloves,5911,Export quantity,1000 t,,,,,,,,,,,,,0.000000,I,,0.000000,I,,0.000000,I,,0.000000,I,,0.000000,I,,0.000000,I,,0.000000,I,,0.000000,I,,0.000000,I,,0.000000,I,
237,'704,Viet Nam,2642,'S2642,Cloves,5301,Domestic supply quantity,1000 t,3.000000,I,,3.000000,I,,3.000000,I,,2.000000,I,,0.000000,I,,0.000000,I,,0.000000,I,,0.000000,I,,0.000000,I,,0.000000,I,,0.000000,I,,0.000000,I,,1.000000,I,,1.000000,I,
237,'704,Viet Nam,2642,'S2642,Cloves,5170,Residuals,1000 t,0.000000,I,,0.000000,I,,0.000000,I,,0.000000,I,,0.000000,I,,0.000000,I,,0.000000,I,,0.000000,I,,0.000000,I,,0.000000,I,,0.000000,I,,0.000000,I,,0.000000,I,,0.000000,I,
237,'704,Viet Nam,2642,'S2642,Cloves,5142,Food,1000 t,3.000000,I,,3.000000,I,,3.000000,I,,2.000000,I,,0.000000,I,,0.000000,I,,0.000000,I,,0.000000,I,,0.000000,I,,0.000000,I,,0.000000,I,,0.000000,I,,1.000000,I,,1.000000,I,
237,'704,Viet Nam,2642,'S2642,Cloves,645,Food supply quantity (kg/capita/yr),kg/cap,0.030000,E,,0.030000,E,,0.030000,E,,0.020000,E,,0.000000,E,,0.000000,E,,0.000000,E,,0.000000,E,,0.000000,E,,0.000000,E,,0.000000,E,,0.000000,E,,0.010000,E,,0.010000,E,
237,'704,Viet Nam,2642,'S2642,Cloves,664,Food supply (kcal/capita/day),kcal/cap/d,0.210000,E,,0.200000,E,,0.230000,E,,0.150000,E,,0.030000,E,,0.000000,E,,0.000000,E,,0.010000,E,,0.000000,E,,0.000000,E,,0.010000,E,,0.010000,E,,0.080000,E,,0.040000,E,
237,'704,Viet Nam,2642,'S2642,Cloves,661,Food supply (kcal),million Kcal,6830.060000,I,,6591.300000,I,,7620.000000,I,,5080.000000,I,,1104.180000,I,,0.000000,I,,0.000000,I,,180.330000,I,,9.690000,I,,0.000000,I,,408.040000,I,,322.040000,I,,2746.960000,I,,1455.950000,I,
237,'704,Viet Nam,2642,'S2642,Cloves,674,Protein supply quantity (g/capita/day),g/cap/d,0.000000,E,,0.000000,E,,0.010000,E,,0.000000,E,,0.000000,E,,0.000000,E,,0.000000,E,,0.000000,E,,0.000000,E,,0.000000,E,,0.000000,E,,0.000000,E,,0.000000,E,,0.000000,E,
237,'704,Viet Nam,2642,'S2642,Cloves,671,Protein supply quantity (t),t,153.270000,I,,147.910000,I,,171.000000,I,,114.000000,I,,24.780000,I,,0.000000,I,,0.000000,I,,4.050000,I,,0.220000,I,,0.000000,I,,9.160000,I,,7.230000,I,,61.640000,I,,32.670000,I,
237,'704,Viet Nam,2642,'S2642,Cloves,684,Fat supply quantity (g/capita/day),g/cap/d,0.010000,E,,0.010000,E,,0.010000,E,,0.010000,E,,0.000000,E,,0.000000,E,,0.000000,E,,0.000000,E,,0.000000,E,,0.000000,E,,0.000000,E,,0.000000,E,,0.000000,E,,0.000000,E,
237,'704,Viet Nam,2642,'S2642,Cloves,681,Fat supply quantity (t),t,247.390000,I,,238.740000,I,,276.000000,I,,184.000000,I,,39.990000,I,,0.000000,I,,0.000000,I,,6.530000,I,,0.350000,I,,0.000000,I,,14.780000,I,,11.660000,I,,99.500000,I,,52.740000,I,
237,'704,Viet Nam,2645,'S2645,"Spices, Other",5511,Production,1000 t,25.000000,I,,28.000000,I,,31.000000,I,,33.000000,I,,35.000000,I,,37.000000,I,,39.000000,I,,42.000000,I,,44.000000,I,,57.000000,I,,62.000000,I,,91.000000,I,,81.000000,I,,87.000000,I,
237,'704,Viet Nam,2645,'S2645,"Spices, Other",5611,Import quantity,1000 t,18.000000,I,,32.000000,I,,39.000000,I,,75.000000,I,,3.000000,I,,4.000000,I,,4.000000,I,,5.000000,I,,6.000000,I,,6.000000,I,,25.000000,I,,37.000000,I,,35.000000,I,,41.000000,I,
237,'704,Viet Nam,2645,'S2645,"Spices, Other",5072,Stock Variation,1000 t,0.000000,I,,-4.000000,I,,0.000000,I,,15.000000,I,,-15.000000,I,,0.000000,I,,0.000000,I,,1.000000,I,,1.000000,I,,-2.000000,I,,0.000000,I,,1.000000,I,,4.000000,I,,4.000000,I,
237,'704,Viet Nam,2645,'S2645,"Spices, Other",5911,Export quantity,1000 t,22.000000,I,,26.000000,I,,25.000000,I,,30.000000,I,,36.000000,I,,33.000000,I,,33.000000,I,,31.000000,I,,35.000000,I,,64.000000,I,,121.000000,I,,142.000000,I,,95.000000,I,,112.000000,I,
237,'704,Viet Nam,2645,'S2645,"Spices, Other",5301,Domestic supply quantity,1000 t,21.000000,I,,38.000000,I,,44.000000,I,,63.000000,I,,17.000000,I,,8.000000,I,,10.000000,I,,15.000000,I,,14.000000,I,,1.000000,I,,-35.000000,I,,-15.000000,I,,17.000000,I,,11.000000,I,
237,'704,Viet Nam,2645,'S2645,"Spices, Other",5123,Losses,1000 t,2.000000,I,,2.000000,I,,3.000000,I,,3.000000,I,,3.000000,I,,3.000000,I,,4.000000,I,,4.000000,I,,4.000000,I,,5.000000,I,,5.000000,I,,7.000000,I,,6.000000,I,,7.000000,I,
237,'704,Viet Nam,2645,'S2645,"Spices, Other",5170,Residuals,1000 t,-3.000000,I,,-2.000000,I,,-2.000000,I,,-4.000000,I,,-1.000000,I,,-3.000000,I,,-3.000000,I,,-6.000000,I,,-9.000000,I,,-7.000000,I,,-45.000000,I,,-30.000000,I,,-5.000000,I,,-7.000000,I,
237,'704,Viet Nam,2645,'S2645,"Spices, Other",5142,Food,1000 t,22.000000,I,,38.000000,I,,44.000000,I,,64.000000,I,,15.000000,I,,7.000000,I,,10.000000,I,,18.000000,I,,19.000000,I,,3.000000,I,,5.000000,I,,8.000000,I,,17.000000,I,,12.000000,I,
237,'704,Viet Nam,2645,'S2645,"Spices, Other",645,Food supply quantity (kg/capita/yr),kg/cap,0.250000,E,,0.430000,E,,0.490000,E,,0.700000,E,,0.160000,E,,0.080000,E,,0.110000,E,,0.190000,E,,0.200000,E,,0.030000,E,,0.060000,E,,0.080000,E,,0.170000,E,,0.120000,E,
237,'704,Viet Nam,2645,'S2645,"Spices, Other",664,Food supply (kcal/capita/day),kcal/cap/d,2.140000,E,,3.520000,E,,4.250000,E,,6.670000,E,,1.570000,E,,0.530000,E,,0.710000,E,,1.270000,E,,1.330000,E,,0.270000,E,,0.440000,E,,0.560000,E,,1.150000,E,,1.060000,E,
237,'704,Viet Nam,2645,'S2645,"Spices, Other",661,Food supply (kcal),million Kcal,68454.300000,I,,113683.580000,I,,138928.830000,I,,220454.700000,I,,52606.350000,I,,17967.990000,I,,24269.010000,I,,44042.940000,I,,46715.400000,I,,9542.620000,I,,15849.910000,I,,20125.960000,I,,42015.450000,I,,38888.200000,I,
237,'704,Viet Nam,2645,'S2645,"Spices, Other",674,Protein supply quantity (g/capita/day),g/cap/d,0.050000,E,,0.090000,E,,0.120000,E,,0.230000,E,,0.060000,E,,0.010000,E,,0.010000,E,,0.020000,E,,0.020000,E,,0.010000,E,,0.010000,E,,0.010000,E,,0.040000,E,,0.040000,E,
237,'704,Viet Nam,2645,'S2645,"Spices, Other",671,Protein supply quantity (t),t,1463.430000,I,,2937.760000,I,,3783.170000,I,,7743.300000,I,,1859.410000,I,,276.430000,I,,376.120000,I,,677.580000,I,,718.700000,I,,254.160000,I,,471.250000,I,,414.340000,I,,1480.520000,I,,1482.390000,I,
237,'704,Viet Nam,2645,'S2645,"Spices, Other",684,Fat supply quantity (g/capita/day),g/cap/d,0.080000,E,,0.140000,E,,0.170000,E,,0.300000,E,,0.070000,E,,0.000000,E,,0.010000,E,,0.010000,E,,0.010000,E,,0.010000,E,,0.020000,E,,0.020000,E,,0.040000,E,,0.050000,E,
237,'704,Viet Nam,2645,'S2645,"Spices, Other",681,Fat supply quantity (t),t,2692.760000,I,,4475.830000,I,,5648.100000,I,,9867.570000,I,,2352.980000,I,,138.220000,I,,188.060000,I,,338.790000,I,,359.350000,I,,230.870000,I,,660.200000,I,,711.410000,I,,1472.500000,I,,1727.540000,I,
237,'704,Viet Nam,2924,'S2924,Alcoholic Beverages,5511,Production,1000 t,1355.000000,E,,1426.000000,E,,1489.000000,E,,1532.000000,E,,1627.000000,E,,1670.000000,E,,4103.000000,E,,4691.000000,E,,4622.000000,E,,4968.000000,E,,4371.000000,E,,4542.000000,E,,4258.000000,E,,3427.000000,E,
237,'704,Viet Nam,2924,'S2924,Alcoholic Beverages,5611,Import quantity,1000 t,46.000000,E,,60.000000,E,,49.000000,E,,58.000000,E,,21.000000,E,,21.000000,E,,22.000000,E,,27.000000,E,,35.000000,E,,46.000000,E,,35.000000,E,,34.000000,E,,94.000000,E,,69.000000,E,
237,'704,Viet Nam,2924,'S2924,Alcoholic Beverages,5072,Stock Variation,1000 t,-126.000000,E,,-125.000000,E,,-90.000000,E,,-104.000000,E,,20.000000,E,,20.000000,E,,20.000000,E,,40.000000,E,,31.000000,E,,22.000000,E,,24.000000,E,,17.000000,E,,17.000000,E,,18.000000,E,
237,'704,Viet Nam,2924,'S2924,Alcoholic Beverages,5911,Export quantity,1000 t,21.000000,E,,47.000000,E,,57.000000,E,,52.000000,E,,110.000000,E,,102.000000,E,,103.000000,E,,93.000000,E,,93.000000,E,,92.000000,E,,101.000000,E,,98.000000,E,,155.000000,E,,121.000000,E,
237,'704,Viet Nam,2924,'S2924,Alcoholic Beverages,5301,Domestic supply quantity,1000 t,1506.000000,E,,1565.000000,E,,1571.000000,E,,1642.000000,E,,1517.000000,E,,1568.000000,E,,4002.000000,E,,4585.000000,E,,4533.000000,E,,4899.000000,E,,4281.000000,E,,4461.000000,E,,4180.000000,E,,3357.000000,E,
237,'704,Viet Nam,2924,'S2924,Alcoholic Beverages,5154,Other uses (non-food),1000 t,,,,,,,,,,,,,,,,,,,,,,,,,7.000000,E,,13.000000,E,,9.000000,E,,10.000000,E,,28.000000,E,,6.000000,E,
237,'704,Viet Nam,2924,'S2924,Alcoholic Beverages,5170,Residuals,1000 t,0.000000,E,,0.000000,E,,0.000000,E,,0.000000,E,,-32.000000,E,,-12.000000,E,,-12.000000,E,,-8.000000,E,,0.000000,E,,0.000000,E,,0.000000,E,,0.000000,E,,0.000000,E,,0.000000,E,
237,'704,Viet Nam,2924,'S2924,Alcoholic Beverages,5142,Food,1000 t,1506.000000,E,,1565.000000,E,,1571.000000,E,,1642.000000,E,,1550.000000,E,,1581.000000,E,,4014.000000,E,,4593.000000,E,,4526.000000,E,,4886.000000,E,,4272.000000,E,,4451.000000,E,,4153.000000,E,,3350.000000,E,
237,'704,Viet Nam,2924,'S2924,Alcoholic Beverages,645,Food supply quantity (kg/capita/yr),kg/cap,17.220000,E,,17.690000,E,,17.550000,E,,18.130000,E,,16.900000,E,,17.030000,E,,42.710000,E,,48.260000,E,,47.030000,E,,50.280000,E,,43.560000,E,,44.990000,E,,41.660000,E,,33.390000,E,
237,'704,Viet Nam,2924,'S2924,Alcoholic Beverages,664,Food supply (kcal/capita/day),kcal/cap/d,47.420000,E,,46.810000,E,,42.670000,E,,43.330000,E,,41.100000,E,,40.770000,E,,71.240000,E,,76.800000,E,,76.230000,E,,81.740000,E,,72.820000,E,,73.570000,E,,71.420000,E,,57.480000,E,
237,'704,Viet Nam,2924,'S2924,Alcoholic Beverages,661,Food supply (kcal),million Kcal,1513833.690000,E,,1511568.960000,E,,1394118.900000,E,,1432436.240000,E,,1375396.370000,E,,1381240.290000,E,,2444088.570000,E,,2667982.080000,E,,2677569.750000,E,,2899185.380000,E,,2606806.840000,E,,2656612.430000,E,,2598323.850000,E,,2105431.490000,E,
237,'704,Viet Nam,2924,'S2924,Alcoholic Beverages,674,Protein supply quantity (g/capita/day),g/cap/d,0.170000,E,,0.180000,E,,0.180000,E,,0.190000,E,,0.180000,E,,0.180000,E,,0.460000,E,,0.520000,E,,0.510000,E,,0.540000,E,,0.470000,E,,0.480000,E,,0.440000,E,,0.360000,E,
237,'704,Viet Nam,2924,'S2924,Alcoholic Beverages,671,Protein supply quantity (t),t,5580.150000,E,,5831.420000,E,,5926.960000,E,,6211.500000,E,,5894.090000,E,,6016.630000,E,,15757.390000,E,,18078.370000,E,,17794.980000,E,,19137.690000,E,,16715.720000,E,,17455.780000,E,,16186.050000,E,,13015.520000,E,
237,'704,Viet Nam,2924,'S2924,Alcoholic Beverages,684,Fat supply quantity (g/capita/day),g/cap/d,0.240000,E,,0.230000,E,,0.200000,E,,0.200000,E,,0.190000,E,,0.190000,E,,0.180000,E,,0.170000,E,,0.180000,E,,0.190000,E,,0.190000,E,,0.180000,E,,0.190000,E,,0.160000,E,
237,'704,Viet Nam,2924,'S2924,Alcoholic Beverages,681,Fat supply quantity (t),t,7778.520000,E,,7513.730000,E,,6418.980000,E,,6484.900000,E,,6371.490000,E,,6292.660000,E,,6225.740000,E,,5940.000000,E,,6293.580000,E,,6819.070000,E,,6638.690000,E,,6378.870000,E,,6996.570000,E,,5715.580000,E,
237,'704,Viet Nam,2655,'S2655,Wine,5511,Production,1000 t,0.000000,I,,0.000000,I,,0.000000,I,,0.000000,I,,,,,,,,,,,,,,,,,12.000000,I,,9.000000,I,,7.000000,I,,8.000000,I,,10.000000,I,
237,'704,Viet Nam,2655,'S2655,Wine,5611,Import quantity,1000 t,10.000000,I,,13.000000,I,,12.000000,I,,12.000000,I,,4.000000,I,,5.000000,I,,6.000000,I,,5.000000,I,,5.000000,I,,6.000000,I,,3.000000,I,,4.000000,I,,21.000000,I,,12.000000,I,
237,'704,Viet Nam,2655,'S2655,Wine,5072,Stock Variation,1000 t,0.000000,I,,0.000000,I,,1.000000,I,,1.000000,I,,0.000000,I,,0.000000,I,,0.000000,I,,0.000000,I,,0.000000,I,,1.000000,I,,1.000000,I,,0.000000,I,,5.000000,I,,3.000000,I,
237,'704,Viet Nam,2655,'S2655,Wine,5911,Export quantity,1000 t,,,,,,,,,,,,,0.000000,I,,0.000000,I,,3.000000,I,,2.000000,I,,0.000000,I,,1.000000,I,,0.000000,I,,0.000000,I,,0.000000,I,,0.000000,I,
237,'704,Viet Nam,2655,'S2655,Wine,5301,Domestic supply quantity,1000 t,10.000000,I,,13.000000,I,,11.000000,I,,10.000000,I,,3.000000,I,,5.000000,I,,3.000000,I,,3.000000,I,,5.000000,I,,17.000000,I,,12.000000,I,,11.000000,I,,24.000000,I,,19.000000,I,
237,'704,Viet Nam,2655,'S2655,Wine,5170,Residuals,1000 t,0.000000,I,,0.000000,I,,0.000000,I,,0.000000,I,,0.000000,I,,0.000000,I,,0.000000,I,,0.000000,I,,0.000000,I,,0.000000,I,,0.000000,I,,0.000000,I,,0.000000,I,,0.000000,I,
237,'704,Viet Nam,2655,'S2655,Wine,5142,Food,1000 t,10.000000,I,,13.000000,I,,11.000000,I,,10.000000,I,,3.000000,I,,5.000000,I,,3.000000,I,,3.000000,I,,5.000000,I,,17.000000,I,,12.000000,I,,11.000000,I,,24.000000,I,,19.000000,I,
237,'704,Viet Nam,2655,'S2655,Wine,645,Food supply quantity (kg/capita/yr),kg/cap,0.120000,E,,0.140000,E,,0.120000,E,,0.110000,E,,0.030000,E,,0.050000,E,,0.030000,E,,0.030000,E,,0.050000,E,,0.180000,E,,0.120000,E,,0.110000,E,,0.240000,E,,0.190000,E,
237,'704,Viet Nam,2655,'S2655,Wine,664,Food supply (kcal/capita/day),kcal/cap/d,0.260000,E,,0.310000,E,,0.260000,E,,0.250000,E,,0.080000,E,,0.120000,E,,0.070000,E,,0.070000,E,,0.110000,E,,0.390000,E,,0.260000,E,,0.240000,E,,0.520000,E,,0.420000,E,
237,'704,Viet Nam,2655,'S2655,Wine,661,Food supply (kcal),million Kcal,8252.050000,I,,10064.850000,I,,8632.540000,I,,8334.910000,I,,2512.470000,I,,3981.040000,I,,2289.250000,I,,2387.910000,I,,3834.180000,I,,13946.110000,I,,9362.170000,I,,8498.910000,I,,18868.150000,I,,15220.950000,I,
237,'704,Viet Nam,2655,'S2655,Wine,674,Protein supply quantity (g/capita/day),g/cap/d,0.000000,E,,0.000000,E,,0.000000,E,,0.000000,E,,0.000000,E,,0.000000,E,,0.000000,E,,0.000000,E,,0.000000,E,,0.000000,E,,0.000000,E,,0.000000,E,,0.000000,E,,0.000000,E,
237,'704,Viet Nam,2655,'S2655,Wine,671,Protein supply quantity (t),t,20.470000,I,,24.890000,I,,21.310000,I,,20.620000,I,,6.280000,I,,9.950000,I,,5.720000,I,,5.970000,I,,9.550000,I,,34.870000,I,,23.410000,I,,21.250000,I,,47.170000,I,,37.450000,I,
237,'704,Viet Nam,2655,'S2655,Wine,684,Fat supply quantity (g/capita/day),g/cap/d,0.000000,E,,0.000000,E,,0.000000,E,,0.000000,E,,0.000000,E,,0.000000,E,,0.000000,E,,0.000000,E,,0.000000,E,,0.000000,E,,0.000000,E,,0.000000,E,,0.000000,E,,0.000000,E,
237,'704,Viet Nam,2655,'S2655,Wine,681,Fat supply quantity (t),t,0.000000,I,,0.000000,I,,0.000000,I,,0.000000,I,,0.000000,I,,0.000000,I,,0.000000,I,,0.000000,I,,0.000000,I,,0.000000,I,,0.000000,I,,0.000000,I,,0.000000,I,,0.000000,I,
237,'704,Viet Nam,2656,'S2656,Beer,5511,Production,1000 t,983.000000,I,,1069.000000,I,,1143.000000,I,,1200.000000,I,,1308.000000,I,,1353.000000,I,,3790.000000,I,,4375.000000,I,,4300.000000,I,,4600.000000,I,,4000.000000,I,,4200.000000,I,,3900.000000,I,,3100.000000,I,
237,'704,Viet Nam,2656,'S2656,Beer,5611,Import quantity,1000 t,17.000000,I,,26.000000,I,,24.000000,I,,28.000000,I,,10.000000,I,,7.000000,I,,8.000000,I,,9.000000,I,,10.000000,I,,14.000000,I,,4.000000,I,,5.000000,I,,10.000000,I,,27.000000,I,
237,'704,Viet Nam,2656,'S2656,Beer,5072,Stock Variation,1000 t,-126.000000,I,,-125.000000,I,,-128.000000,I,,-132.000000,I,,0.000000,I,,0.000000,I,,0.000000,I,,0.000000,I,,0.000000,I,,0.000000,I,,0.000000,I,,0.000000,I,,0.000000,I,,0.000000,I,
237,'704,Viet Nam,2656,'S2656,Beer,5911,Export quantity,1000 t,6.000000,I,,29.000000,I,,42.000000,I,,37.000000,I,,64.000000,I,,73.000000,I,,73.000000,I,,70.000000,I,,80.000000,I,,76.000000,I,,62.000000,I,,67.000000,I,,119.000000,I,,85.000000,I,
237,'704,Viet Nam,2656,'S2656,Beer,5301,Domestic supply quantity,1000 t,1119.000000,I,,1190.000000,I,,1254.000000,I,,1323.000000,I,,1254.000000,I,,1286.000000,I,,3725.000000,I,,4314.000000,I,,4231.000000,I,,4538.000000,I,,3943.000000,I,,4138.000000,I,,3791.000000,I,,3042.000000,I,
237,'704,Viet Nam,2656,'S2656,Beer,5170,Residuals,1000 t,0.000000,I,,0.000000,I,,0.000000,I,,0.000000,I,,0.000000,I,,0.000000,I,,0.000000,I,,0.000000,I,,0.000000,I,,0.000000,I,,0.000000,I,,0.000000,I,,0.000000,I,,0.000000,I,
237,'704,Viet Nam,2656,'S2656,Beer,5142,Food,1000 t,1119.000000,I,,1190.000000,I,,1254.000000,I,,1323.000000,I,,1254.000000,I,,1286.000000,I,,3725.000000,I,,4314.000000,I,,4231.000000,I,,4538.000000,I,,3943.000000,I,,4138.000000,I,,3791.000000,I,,3042.000000,I,
237,'704,Viet Nam,2656,'S2656,Beer,645,Food supply quantity (kg/capita/yr),kg/cap,12.800000,E,,13.460000,E,,14.010000,E,,14.610000,E,,13.680000,E,,13.860000,E,,39.620000,E,,45.330000,E,,43.960000,E,,46.700000,E,,40.200000,E,,41.830000,E,,38.030000,E,,30.310000,E,
237,'704,Viet Nam,2656,'S2656,Beer,664,Food supply (kcal/capita/day),kcal/cap/d,15.420000,E,,16.220000,E,,16.890000,E,,17.610000,E,,16.490000,E,,16.710000,E,,47.770000,E,,54.640000,E,,52.990000,E,,56.300000,E,,48.460000,E,,50.420000,E,,45.840000,E,,36.540000,E,
237,'704,Viet Nam,2656,'S2656,Beer,661,Food supply (kcal),million Kcal,492362.920000,I,,523773.540000,I,,551728.040000,I,,582177.020000,I,,551788.430000,I,,565982.690000,I,,1638885.800000,I,,1898206.760000,I,,1861453.190000,I,,1996766.530000,I,,1734851.110000,I,,1820754.260000,I,,1667871.480000,I,,1338478.300000,I,
237,'704,Viet Nam,2656,'S2656,Beer,674,Protein supply quantity (g/capita/day),g/cap/d,0.140000,E,,0.150000,E,,0.150000,E,,0.160000,E,,0.150000,E,,0.150000,E,,0.430000,E,,0.500000,E,,0.480000,E,,0.510000,E,,0.440000,E,,0.460000,E,,0.420000,E,,0.330000,E,
237,'704,Viet Nam,2656,'S2656,Beer,671,Protein supply quantity (t),t,4476.030000,I,,4761.580000,I,,5015.710000,I,,5292.520000,I,,5016.260000,I,,5145.300000,I,,14898.960000,I,,17256.430000,I,,16922.300000,I,,18152.420000,I,,15771.370000,I,,16552.310000,I,,15162.470000,I,,12167.980000,I,
237,'704,Viet Nam,2656,'S2656,Beer,684,Fat supply quantity (g/capita/day),g/cap/d,0.000000,E,,0.000000,E,,0.000000,E,,0.000000,E,,0.000000,E,,0.000000,E,,0.000000,E,,0.000000,E,,0.000000,E,,0.000000,E,,0.000000,E,,0.000000,E,,0.000000,E,,0.000000,E,
237,'704,Viet Nam,2656,'S2656,Beer,681,Fat supply quantity (t),t,0.000000,I,,0.000000,I,,0.000000,I,,0.000000,I,,0.000000,I,,0.000000,I,,0.000000,I,,0.000000,I,,0.000000,I,,0.000000,I,,0.000000,I,,0.000000,I,,0.000000,I,,0.000000,I,
237,'704,Viet Nam,2657,'S2657,"Beverages, Fermented",5511,Production,1000 t,23.000000,I,,20.000000,I,,15.000000,I,,14.000000,I,,6.000000,I,,6.000000,I,,6.000000,I,,6.000000,I,,6.000000,I,,24.000000,I,,18.000000,I,,16.000000,I,,36.000000,I,,50.000000,I,
237,'704,Viet Nam,2657,'S2657,"Beverages, Fermented",5611,Import quantity,1000 t,,,,,,,,,,,,,2.000000,I,,2.000000,I,,3.000000,I,,4.000000,I,,3.000000,I,,2.000000,I,,1.000000,I,,1.000000,I,,2.000000,I,,1.000000,I,
237,'704,Viet Nam,2657,'S2657,"Beverages, Fermented",5072,Stock Variation,1000 t,0.000000,I,,0.000000,I,,0.000000,I,,0.000000,I,,0.000000,I,,0.000000,I,,0.000000,I,,0.000000,I,,0.000000,I,,0.000000,I,,0.000000,I,,3.000000,I,,6.000000,I,,9.000000,I,
237,'704,Viet Nam,2657,'S2657,"Beverages, Fermented",5911,Export quantity,1000 t,,,,,,,,,,,,,5.000000,I,,5.000000,I,,6.000000,I,,5.000000,I,,4.000000,I,,5.000000,I,,3.000000,I,,3.000000,I,,12.000000,I,,12.000000,I,
237,'704,Viet Nam,2657,'S2657,"Beverages, Fermented",5301,Domestic supply quantity,1000 t,23.000000,I,,20.000000,I,,15.000000,I,,14.000000,I,,3.000000,I,,3.000000,I,,4.000000,I,,6.000000,I,,5.000000,I,,21.000000,I,,16.000000,I,,12.000000,I,,20.000000,I,,30.000000,I,
237,'704,Viet Nam,2657,'S2657,"Beverages, Fermented",5170,Residuals,1000 t,0.000000,I,,0.000000,I,,0.000000,I,,0.000000,I,,0.000000,I,,0.000000,I,,0.000000,I,,0.000000,I,,0.000000,I,,0.000000,I,,0.000000,I,,0.000000,I,,0.000000,I,,0.000000,I,
237,'704,Viet Nam,2657,'S2657,"Beverages, Fermented",5142,Food,1000 t,23.000000,I,,20.000000,I,,15.000000,I,,14.000000,I,,3.000000,I,,3.000000,I,,4.000000,I,,6.000000,I,,5.000000,I,,21.000000,I,,16.000000,I,,12.000000,I,,20.000000,I,,30.000000,I,
237,'704,Viet Nam,2657,'S2657,"Beverages, Fermented",645,Food supply quantity (kg/capita/yr),kg/cap,0.260000,E,,0.230000,E,,0.160000,E,,0.160000,E,,0.030000,E,,0.040000,E,,0.040000,E,,0.060000,E,,0.050000,E,,0.210000,E,,0.160000,E,,0.130000,E,,0.200000,E,,0.300000,E,
237,'704,Viet Nam,2657,'S2657,"Beverages, Fermented",664,Food supply (kcal/capita/day),kcal/cap/d,0.400000,E,,0.350000,E,,0.250000,E,,0.230000,E,,0.040000,E,,0.050000,E,,0.060000,E,,0.090000,E,,0.080000,E,,0.320000,E,,0.240000,E,,0.190000,E,,0.320000,E,,0.450000,E,
237,'704,Viet Nam,2657,'S2657,"Beverages, Fermented",661,Food supply (kcal),million Kcal,12618.450000,I,,11192.190000,I,,8044.520000,I,,7729.910000,I,,1489.950000,I,,1811.850000,I,,2057.410000,I,,3287.410000,I,,2699.180000,I,,11291.970000,I,,8617.030000,I,,6804.190000,I,,11571.420000,I,,16500.170000,I,
237,'704,Viet Nam,2657,'S2657,"Beverages, Fermented",674,Protein supply quantity (g/capita/day),g/cap/d,0.000000,E,,0.000000,E,,0.000000,E,,0.000000,E,,0.000000,E,,0.000000,E,,0.000000,E,,0.000000,E,,0.000000,E,,0.000000,E,,0.000000,E,,0.000000,E,,0.000000,E,,0.000000,E,
237,'704,Viet Nam,2657,'S2657,"Beverages, Fermented",671,Protein supply quantity (t),t,22.940000,I,,20.350000,I,,14.630000,I,,14.050000,I,,2.710000,I,,3.290000,I,,3.740000,I,,5.980000,I,,4.910000,I,,20.530000,I,,15.670000,I,,12.370000,I,,22.340000,I,,30.690000,I,
237,'704,Viet Nam,2657,'S2657,"Beverages, Fermented",684,Fat supply quantity (g/capita/day),g/cap/d,0.000000,E,,0.000000,E,,0.000000,E,,0.000000,E,,0.000000,E,,0.000000,E,,0.000000,E,,0.000000,E,,0.000000,E,,0.000000,E,,0.000000,E,,0.000000,E,,0.000000,E,,0.000000,E,
237,'704,Viet Nam,2657,'S2657,"Beverages, Fermented",681,Fat supply quantity (t),t,0.000000,I,,0.000000,I,,0.000000,I,,0.000000,I,,0.000000,I,,0.000000,I,,0.000000,I,,0.000000,I,,0.000000,I,,0.000000,I,,0.000000,I,,0.000000,I,,0.000000,I,,0.000000,I,
237,'704,Viet Nam,2658,'S2658,"Beverages, Alcoholic",5511,Production,1000 t,349.000000,I,,337.000000,I,,331.000000,I,,318.000000,I,,313.000000,I,,310.000000,I,,307.000000,I,,310.000000,I,,316.000000,I,,332.000000,I,,344.000000,I,,319.000000,I,,315.000000,I,,267.000000,I,
237,'704,Viet Nam,2658,'S2658,"Beverages, Alcoholic",5611,Import quantity,1000 t,19.000000,I,,22.000000,I,,13.000000,I,,18.000000,I,,5.000000,I,,6.000000,I,,5.000000,I,,5.000000,I,,5.000000,I,,4.000000,I,,1.000000,I,,1.000000,I,,22.000000,I,,14.000000,I,
237,'704,Viet Nam,2658,'S2658,"Beverages, Alcoholic",5072,Stock Variation,1000 t,0.000000,I,,0.000000,I,,37.000000,I,,26.000000,I,,20.000000,I,,20.000000,I,,20.000000,I,,40.000000,I,,31.000000,I,,22.000000,I,,23.000000,I,,15.000000,I,,7.000000,I,,5.000000,I,
237,'704,Viet Nam,2658,'S2658,"Beverages, Alcoholic",5911,Export quantity,1000 t,15.000000,I,,17.000000,I,,15.000000,I,,15.000000,I,,8.000000,I,,11.000000,I,,10.000000,I,,5.000000,I,,4.000000,I,,4.000000,I,,21.000000,I,,16.000000,I,,12.000000,I,,16.000000,I,
237,'704,Viet Nam,2658,'S2658,"Beverages, Alcoholic",5301,Domestic supply quantity,1000 t,354.000000,I,,342.000000,I,,292.000000,I,,295.000000,I,,290.000000,I,,286.000000,I,,283.000000,I,,270.000000,I,,286.000000,I,,310.000000,I,,302.000000,I,,290.000000,I,,318.000000,I,,260.000000,I,
237,'704,Viet Nam,2658,'S2658,"Beverages, Alcoholic",5170,Residuals,1000 t,0.000000,I,,0.000000,I,,0.000000,I,,0.000000,I,,0.000000,I,,0.000000,I,,0.000000,I,,0.000000,I,,0.000000,I,,0.000000,I,,0.000000,I,,0.000000,I,,0.000000,I,,0.000000,I,
237,'704,Viet Nam,2658,'S2658,"Beverages, Alcoholic",5142,Food,1000 t,354.000000,I,,342.000000,I,,292.000000,I,,295.000000,I,,290.000000,I,,286.000000,I,,283.000000,I,,270.000000,I,,286.000000,I,,310.000000,I,,302.000000,I,,290.000000,I,,318.000000,I,,260.000000,I,
237,'704,Viet Nam,2658,'S2658,"Beverages, Alcoholic",645,Food supply quantity (kg/capita/yr),kg/cap,4.040000,E,,3.860000,E,,3.260000,E,,3.250000,E,,3.160000,E,,3.080000,E,,3.010000,E,,2.840000,E,,2.970000,E,,3.190000,E,,3.080000,E,,2.930000,E,,3.190000,E,,2.590000,E,
237,'704,Viet Nam,2658,'S2658,"Beverages, Alcoholic",664,Food supply (kcal/capita/day),kcal/cap/d,31.350000,E,,29.930000,E,,25.270000,E,,25.230000,E,,24.490000,E,,23.890000,E,,23.340000,E,,22.000000,E,,23.050000,E,,24.730000,E,,23.850000,E,,22.720000,E,,24.740000,E,,20.070000,E,
237,'704,Viet Nam,2658,'S2658,"Beverages, Alcoholic",661,Food supply (kcal),million Kcal,1000600.270000,I,,966538.390000,I,,825713.800000,I,,834194.400000,I,,819605.520000,I,,809464.720000,I,,800856.110000,I,,764100.000000,I,,809583.200000,I,,877180.760000,I,,853976.530000,I,,820555.080000,I,,900012.810000,I,,735232.070000,I,
237,'704,Viet Nam,2658,'S2658,"Beverages, Alcoholic",674,Protein supply quantity (g/capita/day),g/cap/d,0.030000,E,,0.030000,E,,0.030000,E,,0.030000,E,,0.030000,E,,0.030000,E,,0.020000,E,,0.020000,E,,0.020000,E,,0.030000,E,,0.030000,E,,0.020000,E,,0.030000,E,,0.020000,E,
237,'704,Viet Nam,2658,'S2658,"Beverages, Alcoholic",671,Protein supply quantity (t),t,1060.710000,I,,1024.600000,I,,875.310000,I,,884.310000,I,,868.840000,I,,858.090000,I,,848.960000,I,,810.000000,I,,858.220000,I,,929.870000,I,,905.280000,I,,869.850000,I,,954.080000,I,,779.400000,I,
237,'704,Viet Nam,2658,'S2658,"Beverages, Alcoholic",684,Fat supply quantity (g/capita/day),g/cap/d,0.240000,E,,0.230000,E,,0.200000,E,,0.200000,E,,0.190000,E,,0.190000,E,,0.180000,E,,0.170000,E,,0.180000,E,,0.190000,E,,0.190000,E,,0.180000,E,,0.190000,E,,0.160000,E,
237,'704,Viet Nam,2658,'S2658,"Beverages, Alcoholic",681,Fat supply quantity (t),t,7778.520000,I,,7513.730000,I,,6418.980000,I,,6484.900000,I,,6371.490000,I,,6292.660000,I,,6225.740000,I,,5940.000000,I,,6293.580000,I,,6819.070000,I,,6638.690000,I,,6378.870000,I,,6996.570000,I,,5715.580000,I,
237,'704,Viet Nam,2659,'S2659,"Alcohol, Non-Food",5511,Production,1000 t,0.000000,I,,0.000000,I,,0.000000,I,,0.000000,I,,,,,,,,,,,,,,,,,,,,,,,,,,,,,,,
237,'704,Viet Nam,2659,'S2659,"Alcohol, Non-Food",5611,Import quantity,1000 t,,,,,,,,,,,,,0.000000,I,,0.000000,I,,0.000000,I,,4.000000,I,,12.000000,I,,20.000000,I,,25.000000,I,,23.000000,I,,40.000000,I,,15.000000,I,
237,'704,Viet Nam,2659,'S2659,"Alcohol, Non-Food",5911,Export quantity,1000 t,,,,,,,,,,,,,32.000000,I,,13.000000,I,,12.000000,I,,12.000000,I,,5.000000,I,,7.000000,I,,16.000000,I,,13.000000,I,,12.000000,I,,8.000000,I,
237,'704,Viet Nam,2659,'S2659,"Alcohol, Non-Food",5301,Domestic supply quantity,1000 t,0.000000,I,,0.000000,I,,0.000000,I,,0.000000,I,,-32.000000,I,,-12.000000,I,,-12.000000,I,,-8.000000,I,,7.000000,I,,13.000000,I,,9.000000,I,,10.000000,I,,28.000000,I,,6.000000,I,
237,'704,Viet Nam,2659,'S2659,"Alcohol, Non-Food",5154,Other uses (non-food),1000 t,,,,,,,,,,,,,,,,,,,,,,,,,7.000000,I,,13.000000,I,,9.000000,I,,10.000000,I,,28.000000,I,,6.000000,I,
237,'704,Viet Nam,2659,'S2659,"Alcohol, Non-Food",5170,Residuals,1000 t,0.000000,I,,0.000000,I,,0.000000,I,,0.000000,I,,-32.000000,I,,-12.000000,I,,-12.000000,I,,-8.000000,I,,0.000000,I,,0.000000,I,,0.000000,I,,0.000000,I,,0.000000,I,,0.000000,I,
237,'704,Viet Nam,2943,'S2943,Meat,5511,Production,1000 t,2982.000000,E,,3102.000000,E,,3179.000000,E,,3274.000000,E,,3407.000000,E,,3591.000000,E,,3783.000000,E,,3884.000000,E,,4023.000000,E,,3870.000000,E,,4094.000000,E,,4755.000000,E,,5236.000000,E,,5676.000000,E,
237,'704,Viet Nam,2943,'S2943,Meat,5611,Import quantity,1000 t,611.000000,E,,1065.000000,E,,793.000000,E,,808.000000,E,,102.000000,E,,129.000000,E,,141.000000,E,,114.000000,E,,234.000000,E,,340.000000,E,,594.000000,E,,551.000000,E,,594.000000,E,,625.000000,E,
237,'704,Viet Nam,2943,'S2943,Meat,5072,Stock Variation,1000 t,0.000000,E,,0.000000,E,,0.000000,E,,0.000000,E,,0.000000,E,,0.000000,E,,0.000000,E,,0.000000,E,,0.000000,E,,0.000000,E,,0.000000,E,,0.000000,E,,0.000000,E,,206.000000,E,
237,'704,Viet Nam,2943,'S2943,Meat,5911,Export quantity,1000 t,11.000000,E,,8.000000,E,,10.000000,E,,10.000000,E,,17.000000,E,,25.000000,E,,43.000000,E,,30.000000,E,,47.000000,E,,53.000000,E,,38.000000,E,,43.000000,E,,38.000000,E,,26.000000,E,
237,'704,Viet Nam,2943,'S2943,Meat,5301,Domestic supply quantity,1000 t,3582.000000,E,,4160.000000,E,,3961.000000,E,,4071.000000,E,,3491.000000,E,,3695.000000,E,,3881.000000,E,,3969.000000,E,,4210.000000,E,,4158.000000,E,,4650.000000,E,,5263.000000,E,,5793.000000,E,,6069.000000,E,
237,'704,Viet Nam,2943,'S2943,Meat,5131,Processing,1000 t,0.000000,E,,0.000000,E,,0.000000,E,,0.000000,E,,,,,,,,,,,,,,,,,,,,,,,,,,,,,,,
237,'704,Viet Nam,2943,'S2943,Meat,5170,Residuals,1000 t,0.000000,E,,0.000000,E,,0.000000,E,,0.000000,E,,-3.000000,E,,-3.000000,E,,-2.000000,E,,-4.000000,E,,-12.000000,E,,-10.000000,E,,-7.000000,E,,-9.000000,E,,-15.000000,E,,-1.000000,E,
237,'704,Viet Nam,2943,'S2943,Meat,5142,Food,1000 t,3583.000000,E,,4160.000000,E,,3962.000000,E,,4072.000000,E,,3494.000000,E,,3698.000000,E,,3883.000000,E,,3973.000000,E,,4221.000000,E,,4168.000000,E,,4657.000000,E,,5272.000000,E,,5808.000000,E,,6070.000000,E,
237,'704,Viet Nam,2943,'S2943,Meat,645,Food supply quantity (kg/capita/yr),kg/cap,40.970000,E,,47.020000,E,,44.260000,E,,44.950000,E,,38.110000,E,,39.840000,E,,41.310000,E,,41.740000,E,,43.860000,E,,42.890000,E,,47.480000,E,,53.290000,E,,58.260000,E,,60.480000,E,
237,'704,Viet Nam,2943,'S2943,Meat,664,Food supply (kcal/capita/day),kcal/cap/d,225.620000,E,,247.520000,E,,237.250000,E,,240.380000,E,,219.180000,E,,228.170000,E,,236.540000,E,,238.890000,E,,248.290000,E,,233.810000,E,,253.060000,E,,287.530000,E,,315.710000,E,,323.830000,E,
237,'704,Viet Nam,2943,'S2943,Meat,661,Food supply (kcal),million Kcal,7201908.140000,E,,7992701.890000,E,,7751283.540000,E,,7946772.400000,E,,7334521.940000,E,,7730518.070000,E,,8115610.940000,E,,8299087.290000,E,,8721609.200000,E,,8292991.400000,E,,9059094.620000,E,,10383050.410000,E,,11486718.950000,E,,11861274.760000,E,
237,'704,Viet Nam,2943,'S2943,Meat,674,Protein supply quantity (g/capita/day),g/cap/d,16.890000,E,,19.710000,E,,18.500000,E,,18.810000,E,,15.440000,E,,16.150000,E,,16.740000,E,,16.920000,E,,17.840000,E,,17.610000,E,,19.510000,E,,21.800000,E,,24.060000,E,,25.090000,E,
237,'704,Viet Nam,2943,'S2943,Meat,671,Protein supply quantity (t),t,539082.260000,E,,636557.430000,E,,604356.680000,E,,621797.000000,E,,516582.880000,E,,547194.450000,E,,574392.300000,E,,587956.650000,E,,626684.520000,E,,624447.090000,E,,698499.000000,E,,787349.420000,E,,875295.900000,E,,919157.470000,E,
237,'704,Viet Nam,2943,'S2943,Meat,684,Fat supply quantity (g/capita/day),g/cap/d,17.550000,E,,18.730000,E,,18.130000,E,,18.340000,E,,17.480000,E,,18.160000,E,,18.830000,E,,19.010000,E,,19.650000,E,,18.140000,E,,19.430000,E,,22.240000,E,,24.370000,E,,24.810000,E,
237,'704,Viet Nam,2943,'S2943,Meat,681,Fat supply quantity (t),t,560330.890000,E,,604858.820000,E,,592390.670000,E,,606359.110000,E,,585062.700000,E,,615426.990000,E,,646109.490000,E,,660456.610000,E,,690162.810000,E,,643550.540000,E,,695676.410000,E,,803280.060000,E,,886777.590000,E,,908872.270000,E,
237,'704,Viet Nam,2731,'S2731,Bovine Meat,5511,Production,1000 t,199.000000,I,,206.000000,I,,210.000000,I,,204.000000,I,,208.000000,I,,212.000000,I,,217.000000,I,,225.000000,I,,235.000000,I,,247.000000,I,,259.000000,I,,322.000000,I,,331.000000,I,,337.000000,I,
237,'704,Viet Nam,2731,'S2731,Bovine Meat,5611,Import quantity,1000 t,95.000000,I,,257.000000,I,,289.000000,I,,303.000000,I,,25.000000,I,,38.000000,I,,47.000000,I,,44.000000,I,,54.000000,I,,99.000000,I,,127.000000,I,,136.000000,I,,196.000000,I,,266.000000,I,
237,'704,Viet Nam,2731,'S2731,Bovine Meat,5072,Stock Variation,1000 t,0.000000,I,,0.000000,I,,0.000000,I,,0.000000,I,,0.000000,I,,0.000000,I,,0.000000,I,,0.000000,I,,0.000000,I,,0.000000,I,,0.000000,I,,0.000000,I,,0.000000,I,,6.000000,I,
237,'704,Viet Nam,2731,'S2731,Bovine Meat,5911,Export quantity,1000 t,1.000000,I,,0.000000,I,,0.000000,I,,0.000000,I,,1.000000,I,,2.000000,I,,2.000000,I,,2.000000,I,,5.000000,I,,8.000000,I,,6.000000,I,,9.000000,I,,19.000000,I,,2.000000,I,
237,'704,Viet Nam,2731,'S2731,Bovine Meat,5301,Domestic supply quantity,1000 t,294.000000,I,,463.000000,I,,499.000000,I,,506.000000,I,,232.000000,I,,248.000000,I,,263.000000,I,,267.000000,I,,284.000000,I,,338.000000,I,,380.000000,I,,449.000000,I,,508.000000,I,,595.000000,I,
237,'704,Viet Nam,2731,'S2731,Bovine Meat,5131,Processing,1000 t,0.000000,I,,0.000000,I,,0.000000,I,,0.000000,I,,,,,,,,,,,,,,,,,,,,,,,,,,,,,,,
237,'704,Viet Nam,2731,'S2731,Bovine Meat,5170,Residuals,1000 t,0.000000,I,,0.000000,I,,0.000000,I,,0.000000,I,,-1.000000,I,,-2.000000,I,,0.000000,I,,-2.000000,I,,-4.000000,I,,-7.000000,I,,-5.000000,I,,-8.000000,I,,-14.000000,I,,0.000000,I,
237,'704,Viet Nam,2731,'S2731,Bovine Meat,5142,Food,1000 t,294.000000,I,,463.000000,I,,499.000000,I,,506.000000,I,,233.000000,I,,250.000000,I,,263.000000,I,,268.000000,I,,288.000000,I,,346.000000,I,,385.000000,I,,457.000000,I,,522.000000,I,,595.000000,I,
237,'704,Viet Nam,2731,'S2731,Bovine Meat,645,Food supply quantity (kg/capita/yr),kg/cap,3.360000,E,,5.240000,E,,5.570000,E,,5.590000,E,,2.540000,E,,2.690000,E,,2.800000,E,,2.820000,E,,2.990000,E,,3.560000,E,,3.930000,E,,4.620000,E,,5.240000,E,,5.920000,E,
237,'704,Viet Nam,2731,'S2731,Bovine Meat,664,Food supply (kcal/capita/day),kcal/cap/d,14.190000,E,,19.360000,E,,20.430000,E,,20.280000,E,,12.310000,E,,12.900000,E,,13.360000,E,,13.510000,E,,14.260000,E,,16.510000,E,,17.990000,E,,21.380000,E,,22.540000,E,,24.720000,E,
237,'704,Viet Nam,2731,'S2731,Bovine Meat,661,Food supply (kcal),million Kcal,453081.120000,I,,625128.250000,I,,667480.450000,I,,670604.040000,I,,411904.660000,I,,437146.640000,I,,458293.910000,I,,469488.700000,I,,500769.140000,I,,585467.990000,I,,643926.690000,I,,772220.830000,I,,820115.910000,I,,905279.080000,I,
237,'704,Viet Nam,2731,'S2731,Bovine Meat,674,Protein supply quantity (g/capita/day),g/cap/d,1.560000,E,,2.530000,E,,2.720000,E,,2.740000,E,,1.110000,E,,1.170000,E,,1.220000,E,,1.220000,E,,1.300000,E,,1.530000,E,,1.680000,E,,1.980000,E,,2.410000,E,,2.740000,E,
237,'704,Viet Nam,2731,'S2731,Bovine Meat,671,Protein supply quantity (t),t,49841.720000,I,,81694.050000,I,,88927.560000,I,,90692.770000,I,,37274.210000,I,,39762.530000,I,,41757.850000,I,,42542.090000,I,,45546.430000,I,,54144.590000,I,,60021.210000,I,,71401.780000,I,,87526.120000,I,,100342.190000,I,
237,'704,Viet Nam,2731,'S2731,Bovine Meat,684,Fat supply quantity (g/capita/day),g/cap/d,0.880000,E,,1.030000,E,,1.060000,E,,1.040000,E,,0.870000,E,,0.910000,E,,0.940000,E,,0.960000,E,,1.010000,E,,1.160000,E,,1.250000,E,,1.500000,E,,1.440000,E,,1.530000,E,
237,'704,Viet Nam,2731,'S2731,Bovine Meat,681,Fat supply quantity (t),t,28227.690000,I,,33205.220000,I,,34720.380000,I,,34290.290000,I,,29235.730000,I,,30933.210000,I,,32395.800000,I,,33293.050000,I,,35434.020000,I,,41018.680000,I,,44899.440000,I,,54106.800000,I,,52304.780000,I,,56047.480000,I,
237,'704,Viet Nam,2732,'S2732,Mutton & Goat Meat,5511,Production,1000 t,8.000000,I,,8.000000,I,,8.000000,I,,8.000000,I,,10.000000,I,,13.000000,I,,13.000000,I,,16.000000,I,,19.000000,I,,21.000000,I,,21.000000,I,,21.000000,I,,23.000000,I,,24.000000,I,
237,'704,Viet Nam,2732,'S2732,Mutton & Goat Meat,5611,Import quantity,1000 t,8.000000,I,,5.000000,I,,4.000000,I,,5.000000,I,,1.000000,I,,1.000000,I,,1.000000,I,,1.000000,I,,1.000000,I,,1.000000,I,,1.000000,I,,1.000000,I,,1.000000,I,,1.000000,I,
237,'704,Viet Nam,2732,'S2732,Mutton & Goat Meat,5072,Stock Variation,1000 t,0.000000,I,,0.000000,I,,0.000000,I,,0.000000,I,,0.000000,I,,0.000000,I,,0.000000,I,,0.000000,I,,0.000000,I,,0.000000,I,,0.000000,I,,0.000000,I,,0.000000,I,,0.000000,I,
237,'704,Viet Nam,2732,'S2732,Mutton & Goat Meat,5911,Export quantity,1000 t,,,,,,,,,,,,,0.000000,I,,0.000000,I,,0.000000,I,,0.000000,I,,0.000000,I,,0.000000,I,,0.000000,I,,,,,0.000000,I,,0.000000,I,
237,'704,Viet Nam,2732,'S2732,Mutton & Goat Meat,5301,Domestic supply quantity,1000 t,17.000000,I,,13.000000,I,,12.000000,I,,13.000000,I,,11.000000,I,,14.000000,I,,14.000000,I,,17.000000,I,,20.000000,I,,22.000000,I,,22.000000,I,,22.000000,I,,24.000000,I,,25.000000,I,
237,'704,Viet Nam,2732,'S2732,Mutton & Goat Meat,5170,Residuals,1000 t,0.000000,I,,0.000000,I,,0.000000,I,,0.000000,I,,0.000000,I,,0.000000,I,,0.000000,I,,0.000000,I,,0.000000,I,,0.000000,I,,0.000000,I,,0.000000,I,,0.000000,I,,0.000000,I,
237,'704,Viet Nam,2732,'S2732,Mutton & Goat Meat,5142,Food,1000 t,17.000000,I,,13.000000,I,,12.000000,I,,13.000000,I,,11.000000,I,,14.000000,I,,14.000000,I,,17.000000,I,,20.000000,I,,22.000000,I,,22.000000,I,,22.000000,I,,24.000000,I,,25.000000,I,
237,'704,Viet Nam,2732,'S2732,Mutton & Goat Meat,645,Food supply quantity (kg/capita/yr),kg/cap,0.190000,E,,0.150000,E,,0.130000,E,,0.140000,E,,0.120000,E,,0.150000,E,,0.150000,E,,0.180000,E,,0.200000,E,,0.220000,E,,0.230000,E,,0.220000,E,,0.240000,E,,0.240000,E,
237,'704,Viet Nam,2732,'S2732,Mutton & Goat Meat,664,Food supply (kcal/capita/day),kcal/cap/d,0.910000,E,,0.650000,E,,0.550000,E,,0.610000,E,,0.430000,E,,0.530000,E,,0.540000,E,,0.630000,E,,0.710000,E,,0.780000,E,,0.790000,E,,0.770000,E,,0.820000,E,,0.850000,E,
237,'704,Viet Nam,2732,'S2732,Mutton & Goat Meat,661,Food supply (kcal),million Kcal,29013.750000,I,,20857.500000,I,,18004.860000,I,,20222.060000,I,,14370.270000,I,,18109.130000,I,,18612.160000,I,,21783.040000,I,,24921.080000,I,,27817.260000,I,,28411.270000,I,,27938.940000,I,,30012.440000,I,,30994.550000,I,
237,'704,Viet Nam,2732,'S2732,Mutton & Goat Meat,674,Protein supply quantity (g/capita/day),g/cap/d,0.090000,E,,0.070000,E,,0.060000,E,,0.070000,E,,0.060000,E,,0.080000,E,,0.080000,E,,0.090000,E,,0.100000,E,,0.110000,E,,0.110000,E,,0.110000,E,,0.120000,E,,0.120000,E,
237,'704,Viet Nam,2732,'S2732,Mutton & Goat Meat,671,Protein supply quantity (t),t,2872.310000,I,,2264.250000,I,,2057.300000,I,,2219.220000,I,,2049.720000,I,,2557.010000,I,,2629.150000,I,,3123.280000,I,,3557.330000,I,,3969.680000,I,,4044.070000,I,,3984.620000,I,,4312.830000,I,,4477.720000,I,
237,'704,Viet Nam,2732,'S2732,Mutton & Goat Meat,684,Fat supply quantity (g/capita/day),g/cap/d,0.060000,E,,0.040000,E,,0.030000,E,,0.040000,E,,0.020000,E,,0.020000,E,,0.030000,E,,0.030000,E,,0.030000,E,,0.040000,E,,0.040000,E,,0.040000,E,,0.040000,E,,0.040000,E,
237,'704,Viet Nam,2732,'S2732,Mutton & Goat Meat,681,Fat supply quantity (t),t,1927.710000,I,,1290.620000,I,,1065.060000,I,,1239.860000,I,,655.430000,I,,838.370000,I,,861.130000,I,,985.770000,I,,1135.370000,I,,1267.820000,I,,1299.850000,I,,1274.520000,I,,1353.600000,I,,1386.560000,I,
237,'704,Viet Nam,2733,'S2733,Pigmeat,5511,Production,1000 t,2217.000000,I,,2262.000000,I,,2307.000000,I,,2357.000000,I,,2431.000000,I,,2548.000000,I,,2701.000000,I,,2741.000000,I,,2811.000000,I,,2430.000000,I,,2467.000000,I,,2926.000000,I,,3313.000000,I,,3549.000000,I,
237,'704,Viet Nam,2733,'S2733,Pigmeat,5611,Import quantity,1000 t,1.000000,I,,1.000000,I,,1.000000,I,,1.000000,I,,4.000000,I,,11.000000,I,,12.000000,I,,6.000000,I,,16.000000,I,,30.000000,I,,174.000000,I,,202.000000,I,,126.000000,I,,111.000000,I,
237,'704,Viet Nam,2733,'S2733,Pigmeat,5072,Stock Variation,1000 t,0.000000,I,,0.000000,I,,0.000000,I,,0.000000,I,,0.000000,I,,0.000000,I,,0.000000,I,,0.000000,I,,0.000000,I,,0.000000,I,,0.000000,I,,0.000000,I,,0.000000,I,,200.000000,I,
237,'704,Viet Nam,2733,'S2733,Pigmeat,5911,Export quantity,1000 t,10.000000,I,,7.000000,I,,10.000000,I,,10.000000,I,,11.000000,I,,13.000000,I,,33.000000,I,,17.000000,I,,15.000000,I,,16.000000,I,,7.000000,I,,11.000000,I,,8.000000,I,,11.000000,I,
237,'704,Viet Nam,2733,'S2733,Pigmeat,5301,Domestic supply quantity,1000 t,2208.000000,I,,2256.000000,I,,2298.000000,I,,2348.000000,I,,2424.000000,I,,2546.000000,I,,2680.000000,I,,2730.000000,I,,2812.000000,I,,2445.000000,I,,2634.000000,I,,3117.000000,I,,3431.000000,I,,3449.000000,I,
237,'704,Viet Nam,2733,'S2733,Pigmeat,5131,Processing,1000 t,0.000000,I,,0.000000,I,,0.000000,I,,0.000000,I,,,,,,,,,,,,,,,,,,,,,,,,,,,,,,,
237,'704,Viet Nam,2733,'S2733,Pigmeat,5170,Residuals,1000 t,0.000000,I,,0.000000,I,,0.000000,I,,0.000000,I,,0.000000,I,,0.000000,I,,0.000000,I,,0.000000,I,,0.000000,I,,0.000000,I,,0.000000,I,,0.000000,I,,0.000000,I,,0.000000,I,
237,'704,Viet Nam,2733,'S2733,Pigmeat,5142,Food,1000 t,2208.000000,I,,2256.000000,I,,2298.000000,I,,2348.000000,I,,2424.000000,I,,2546.000000,I,,2680.000000,I,,2730.000000,I,,2813.000000,I,,2445.000000,I,,2634.000000,I,,3117.000000,I,,3431.000000,I,,3449.000000,I,
237,'704,Viet Nam,2733,'S2733,Pigmeat,645,Food supply quantity (kg/capita/yr),kg/cap,25.240000,E,,25.500000,E,,25.670000,E,,25.920000,E,,26.440000,E,,27.430000,E,,28.510000,E,,28.690000,E,,29.230000,E,,25.160000,E,,26.860000,E,,31.510000,E,,34.420000,E,,34.370000,E,
237,'704,Viet Nam,2733,'S2733,Pigmeat,664,Food supply (kcal/capita/day),kcal/cap/d,163.600000,E,,165.240000,E,,166.370000,E,,167.990000,E,,171.270000,E,,177.540000,E,,184.490000,E,,185.790000,E,,189.050000,E,,162.370000,E,,170.140000,E,,199.680000,E,,220.920000,E,,220.760000,E,
237,'704,Viet Nam,2733,'S2733,Pigmeat,661,Food supply (kcal),million Kcal,5222159.420000,I,,5335902.080000,I,,5435416.300000,I,,5553603.780000,I,,5731312.520000,I,,6014994.800000,I,,6329756.730000,I,,6454303.020000,I,,6640733.780000,I,,5758973.550000,I,,6090838.830000,I,,7210552.850000,I,,8037971.610000,I,,8085992.100000,I,
237,'704,Viet Nam,2733,'S2733,Pigmeat,674,Protein supply quantity (g/capita/day),g/cap/d,9.760000,E,,9.860000,E,,9.920000,E,,10.020000,E,,10.220000,E,,10.600000,E,,11.020000,E,,11.090000,E,,11.290000,E,,9.720000,E,,10.340000,E,,12.130000,E,,13.280000,E,,13.270000,E,
237,'704,Viet Nam,2733,'S2733,Pigmeat,671,Protein supply quantity (t),t,311475.890000,I,,318261.330000,I,,324197.270000,I,,331247.050000,I,,342021.720000,I,,359168.580000,I,,377999.770000,I,,385221.050000,I,,396703.920000,I,,344678.090000,I,,370049.790000,I,,437952.750000,I,,483193.210000,I,,485883.720000,I,
237,'704,Viet Nam,2733,'S2733,Pigmeat,684,Fat supply quantity (g/capita/day),g/cap/d,13.830000,E,,13.970000,E,,14.070000,E,,14.210000,E,,14.480000,E,,15.010000,E,,15.590000,E,,15.710000,E,,15.980000,E,,13.720000,E,,14.300000,E,,16.790000,E,,18.640000,E,,18.620000,E,
237,'704,Viet Nam,2733,'S2733,Pigmeat,681,Fat supply quantity (t),t,441596.780000,I,,451214.880000,I,,459629.940000,I,,469624.040000,I,,484578.670000,I,,508463.660000,I,,535057.540000,I,,545682.570000,I,,561283.950000,I,,486464.780000,I,,512026.220000,I,,606211.090000,I,,678020.570000,I,,682162.980000,I,
237,'704,Viet Nam,2734,'S2734,Poultry Meat,5511,Production,1000 t,531.000000,I,,599.000000,I,,626.000000,I,,678.000000,I,,731.000000,I,,791.000000,I,,824.000000,I,,874.000000,I,,930.000000,I,,1145.000000,I,,1319.000000,I,,1459.000000,I,,1542.000000,I,,1740.000000,I,
237,'704,Viet Nam,2734,'S2734,Poultry Meat,5611,Import quantity,1000 t,507.000000,I,,802.000000,I,,500.000000,I,,500.000000,I,,70.000000,I,,77.000000,I,,79.000000,I,,62.000000,I,,162.000000,I,,209.000000,I,,290.000000,I,,211.000000,I,,270.000000,I,,243.000000,I,
237,'704,Viet Nam,2734,'S2734,Poultry Meat,5072,Stock Variation,1000 t,0.000000,I,,0.000000,I,,0.000000,I,,0.000000,I,,0.000000,I,,0.000000,I,,0.000000,I,,0.000000,I,,0.000000,I,,0.000000,I,,0.000000,I,,0.000000,I,,0.000000,I,,0.000000,I,
237,'704,Viet Nam,2734,'S2734,Poultry Meat,5911,Export quantity,1000 t,0.000000,I,,0.000000,I,,0.000000,I,,0.000000,I,,4.000000,I,,8.000000,I,,6.000000,I,,8.000000,I,,22.000000,I,,22.000000,I,,23.000000,I,,20.000000,I,,7.000000,I,,10.000000,I,
237,'704,Viet Nam,2734,'S2734,Poultry Meat,5301,Domestic supply quantity,1000 t,1038.000000,I,,1401.000000,I,,1126.000000,I,,1178.000000,I,,798.000000,I,,860.000000,I,,897.000000,I,,927.000000,I,,1070.000000,I,,1332.000000,I,,1586.000000,I,,1651.000000,I,,1805.000000,I,,1972.000000,I,
237,'704,Viet Nam,2734,'S2734,Poultry Meat,5131,Processing,1000 t,0.000000,I,,0.000000,I,,0.000000,I,,0.000000,I,,,,,,,,,,,,,,,,,,,,,,,,,,,,,,,
237,'704,Viet Nam,2734,'S2734,Poultry Meat,5170,Residuals,1000 t,0.000000,I,,0.000000,I,,0.000000,I,,0.000000,I,,-1.000000,I,,0.000000,I,,0.000000,I,,0.000000,I,,-3.000000,I,,0.000000,I,,0.000000,I,,0.000000,I,,0.000000,I,,0.000000,I,
237,'704,Viet Nam,2734,'S2734,Poultry Meat,5142,Food,1000 t,1038.000000,I,,1401.000000,I,,1126.000000,I,,1178.000000,I,,798.000000,I,,860.000000,I,,897.000000,I,,928.000000,I,,1074.000000,I,,1332.000000,I,,1586.000000,I,,1651.000000,I,,1805.000000,I,,1972.000000,I,
237,'704,Viet Nam,2734,'S2734,Poultry Meat,645,Food supply quantity (kg/capita/yr),kg/cap,11.870000,E,,15.840000,E,,12.580000,E,,13.010000,E,,8.710000,E,,9.260000,E,,9.540000,E,,9.750000,E,,11.160000,E,,13.700000,E,,16.170000,E,,16.690000,E,,18.110000,E,,19.650000,E,
237,'704,Viet Nam,2734,'S2734,Poultry Meat,664,Food supply (kcal/capita/day),kcal/cap/d,45.760000,E,,61.130000,E,,48.760000,E,,50.370000,E,,34.050000,E,,36.040000,E,,37.000000,E,,37.810000,E,,43.160000,E,,53.500000,E,,63.020000,E,,65.030000,E,,70.380000,E,,76.310000,E,
237,'704,Viet Nam,2734,'S2734,Poultry Meat,661,Food supply (kcal),million Kcal,1460794.810000,I,,1973869.450000,I,,1592889.050000,I,,1665130.290000,I,,1139349.310000,I,,1221041.420000,I,,1269553.460000,I,,1313547.400000,I,,1515937.070000,I,,1897388.570000,I,,2256140.500000,I,,2348234.820000,I,,2560591.720000,I,,2795165.080000,I,
237,'704,Viet Nam,2734,'S2734,Poultry Meat,674,Protein supply quantity (g/capita/day),g/cap/d,5.320000,E,,7.100000,E,,5.630000,E,,5.830000,E,,3.890000,E,,4.140000,E,,4.270000,E,,4.360000,E,,5.000000,E,,6.130000,E,,7.230000,E,,7.460000,E,,8.100000,E,,8.800000,E,
237,'704,Viet Nam,2734,'S2734,Poultry Meat,671,Protein supply quantity (t),t,169916.020000,I,,229347.010000,I,,184099.860000,I,,192606.220000,I,,130131.470000,I,,140360.740000,I,,146623.500000,I,,151622.050000,I,,175596.410000,I,,217257.560000,I,,258974.970000,I,,269468.220000,I,,294864.190000,I,,322300.240000,I,
237,'704,Viet Nam,2734,'S2734,Poultry Meat,684,Fat supply quantity (g/capita/day),g/cap/d,2.720000,E,,3.630000,E,,2.910000,E,,3.000000,E,,2.050000,E,,2.160000,E,,2.210000,E,,2.260000,E,,2.570000,E,,3.220000,E,,3.780000,E,,3.910000,E,,4.210000,E,,4.560000,E,
237,'704,Viet Nam,2734,'S2734,Poultry Meat,681,Fat supply quantity (t),t,86709.540000,I,,117275.850000,I,,95079.360000,I,,99321.110000,I,,68701.750000,I,,73224.320000,I,,75825.200000,I,,78491.510000,I,,90310.980000,I,,114159.650000,I,,135450.680000,I,,141028.100000,I,,153286.970000,I,,167164.240000,I,
237,'704,Viet Nam,2735,'S2735,"Meat, Other",5511,Production,1000 t,26.000000,I,,26.000000,I,,27.000000,I,,26.000000,I,,26.000000,I,,28.000000,I,,27.000000,I,,28.000000,I,,28.000000,I,,28.000000,I,,28.000000,I,,27.000000,I,,27.000000,I,,27.000000,I,
237,'704,Viet Nam,2735,'S2735,"Meat, Other",5611,Import quantity,1000 t,,,,,,,,,,,,,1.000000,I,,1.000000,I,,2.000000,I,,1.000000,I,,2.000000,I,,1.000000,I,,1.000000,I,,1.000000,I,,2.000000,I,,5.000000,I,
237,'704,Viet Nam,2735,'S2735,"Meat, Other",5072,Stock Variation,1000 t,0.000000,I,,0.000000,I,,0.000000,I,,0.000000,I,,0.000000,I,,0.000000,I,,0.000000,I,,0.000000,I,,0.000000,I,,0.000000,I,,0.000000,I,,0.000000,I,,0.000000,I,,0.000000,I,
237,'704,Viet Nam,2735,'S2735,"Meat, Other",5911,Export quantity,1000 t,0.000000,I,,0.000000,I,,0.000000,I,,0.000000,I,,1.000000,I,,2.000000,I,,2.000000,I,,2.000000,I,,6.000000,I,,7.000000,I,,2.000000,I,,4.000000,I,,4.000000,I,,3.000000,I,
237,'704,Viet Nam,2735,'S2735,"Meat, Other",5301,Domestic supply quantity,1000 t,26.000000,I,,26.000000,I,,27.000000,I,,26.000000,I,,26.000000,I,,27.000000,I,,27.000000,I,,28.000000,I,,24.000000,I,,21.000000,I,,27.000000,I,,25.000000,I,,25.000000,I,,28.000000,I,
237,'704,Viet Nam,2735,'S2735,"Meat, Other",5170,Residuals,1000 t,0.000000,I,,0.000000,I,,0.000000,I,,0.000000,I,,-1.000000,I,,-2.000000,I,,-1.000000,I,,-2.000000,I,,-4.000000,I,,-3.000000,I,,-2.000000,I,,-1.000000,I,,-1.000000,I,,-1.000000,I,
237,'704,Viet Nam,2735,'S2735,"Meat, Other",5142,Food,1000 t,27.000000,I,,27.000000,I,,27.000000,I,,27.000000,I,,27.000000,I,,29.000000,I,,29.000000,I,,29.000000,I,,28.000000,I,,24.000000,I,,29.000000,I,,25.000000,I,,26.000000,I,,29.000000,I,
237,'704,Viet Nam,2735,'S2735,"Meat, Other",645,Food supply quantity (kg/capita/yr),kg/cap,0.300000,E,,0.300000,E,,0.300000,E,,0.300000,E,,0.300000,E,,0.310000,E,,0.310000,E,,0.310000,E,,0.290000,E,,0.250000,E,,0.300000,E,,0.250000,E,,0.260000,E,,0.290000,E,
237,'704,Viet Nam,2735,'S2735,"Meat, Other",664,Food supply (kcal/capita/day),kcal/cap/d,1.150000,E,,1.140000,E,,1.150000,E,,1.130000,E,,1.120000,E,,1.160000,E,,1.150000,E,,1.150000,E,,1.120000,E,,0.660000,E,,1.110000,E,,0.670000,E,,1.050000,E,,1.200000,E,
237,'704,Viet Nam,2735,'S2735,"Meat, Other",661,Food supply (kcal),million Kcal,36859.040000,I,,36944.600000,I,,37492.880000,I,,37212.230000,I,,37585.180000,I,,39226.080000,I,,39394.670000,I,,39965.140000,I,,39248.140000,I,,23344.030000,I,,39777.320000,I,,24102.970000,I,,38027.270000,I,,43843.940000,I,
237,'704,Viet Nam,2735,'S2735,"Meat, Other",674,Protein supply quantity (g/capita/day),g/cap/d,0.160000,E,,0.150000,E,,0.160000,E,,0.150000,E,,0.150000,E,,0.160000,E,,0.160000,E,,0.160000,E,,0.150000,E,,0.120000,E,,0.150000,E,,0.130000,E,,0.150000,E,,0.170000,E,
237,'704,Viet Nam,2735,'S2735,"Meat, Other",671,Protein supply quantity (t),t,4976.320000,I,,4990.790000,I,,5074.690000,I,,5031.740000,I,,5105.760000,I,,5345.590000,I,,5382.030000,I,,5448.180000,I,,5280.420000,I,,4397.180000,I,,5408.950000,I,,4542.050000,I,,5399.550000,I,,6153.610000,I,
237,'704,Viet Nam,2735,'S2735,"Meat, Other",684,Fat supply quantity (g/capita/day),g/cap/d,0.060000,E,,0.060000,E,,0.060000,E,,0.060000,E,,0.060000,E,,0.060000,E,,0.060000,E,,0.060000,E,,0.060000,E,,0.020000,E,,0.060000,E,,0.020000,E,,0.050000,E,,0.060000,E,
237,'704,Viet Nam,2735,'S2735,"Meat, Other",681,Fat supply quantity (t),t,1869.170000,I,,1872.250000,I,,1895.930000,I,,1883.810000,I,,1891.120000,I,,1967.440000,I,,1969.820000,I,,2003.700000,I,,1998.500000,I,,639.610000,I,,2000.210000,I,,659.550000,I,,1811.670000,I,,2111.030000,I,
237,'704,Viet Nam,2945,'S2945,Offals,5511,Production,1000 t,414.000000,E,,422.000000,E,,430.000000,E,,436.000000,E,,451.000000,E,,469.000000,E,,491.000000,E,,502.000000,E,,515.000000,E,,464.000000,E,,337.000000,E,,396.000000,E,,442.000000,E,,471.000000,E,
237,'704,Viet Nam,2945,'S2945,Offals,5611,Import quantity,1000 t,,,,,,,,,,,,,10.000000,E,,17.000000,E,,28.000000,E,,26.000000,E,,46.000000,E,,79.000000,E,,95.000000,E,,141.000000,E,,83.000000,E,,307.000000,E,
237,'704,Viet Nam,2945,'S2945,Offals,5911,Export quantity,1000 t,,,,,,,,,,,,,0.000000,E,,0.000000,E,,1.000000,E,,0.000000,E,,1.000000,E,,0.000000,E,,2.000000,E,,1.000000,E,,7.000000,E,,1.000000,E,
237,'704,Viet Nam,2945,'S2945,Offals,5301,Domestic supply quantity,1000 t,414.000000,E,,422.000000,E,,430.000000,E,,436.000000,E,,461.000000,E,,486.000000,E,,518.000000,E,,528.000000,E,,560.000000,E,,542.000000,E,,430.000000,E,,536.000000,E,,518.000000,E,,777.000000,E,
237,'704,Viet Nam,2945,'S2945,Offals,5123,Losses,1000 t,37.000000,E,,38.000000,E,,38.000000,E,,39.000000,E,,40.000000,E,,42.000000,E,,44.000000,E,,45.000000,E,,46.000000,E,,46.000000,E,,50.000000,E,,51.000000,E,,53.000000,E,,78.000000,E,
237,'704,Viet Nam,2945,'S2945,Offals,5170,Residuals,1000 t,0.000000,E,,0.000000,E,,0.000000,E,,0.000000,E,,0.000000,E,,0.000000,E,,0.000000,E,,0.000000,E,,0.000000,E,,0.000000,E,,-1.000000,E,,0.000000,E,,0.000000,E,,0.000000,E,
237,'704,Viet Nam,2945,'S2945,Offals,5142,Food,1000 t,377.000000,E,,385.000000,E,,391.000000,E,,397.000000,E,,421.000000,E,,444.000000,E,,474.000000,E,,483.000000,E,,514.000000,E,,496.000000,E,,381.000000,E,,485.000000,E,,465.000000,E,,700.000000,E,
237,'704,Viet Nam,2945,'S2945,Offals,645,Food supply quantity (kg/capita/yr),kg/cap,4.320000,E,,4.350000,E,,4.370000,E,,4.380000,E,,4.590000,E,,4.780000,E,,5.050000,E,,5.070000,E,,5.350000,E,,5.110000,E,,3.880000,E,,4.900000,E,,4.660000,E,,6.970000,E,
237,'704,Viet Nam,2945,'S2945,Offals,664,Food supply (kcal/capita/day),kcal/cap/d,17.540000,E,,17.670000,E,,17.770000,E,,17.830000,E,,18.640000,E,,19.450000,E,,20.530000,E,,20.670000,E,,21.740000,E,,20.670000,E,,15.750000,E,,19.970000,E,,18.860000,E,,27.130000,E,
237,'704,Viet Nam,2945,'S2945,Offals,661,Food supply (kcal),million Kcal,559740.250000,E,,570696.280000,E,,580616.090000,E,,589475.350000,E,,623755.320000,E,,659133.300000,E,,704293.720000,E,,718096.850000,E,,763804.210000,E,,733174.870000,E,,563803.120000,E,,721045.300000,E,,686367.810000,E,,993873.660000,E,
237,'704,Viet Nam,2945,'S2945,Offals,674,Protein supply quantity (g/capita/day),g/cap/d,1.810000,E,,1.820000,E,,1.830000,E,,1.840000,E,,1.930000,E,,2.010000,E,,2.120000,E,,2.130000,E,,2.240000,E,,2.140000,E,,1.630000,E,,2.060000,E,,1.960000,E,,2.930000,E,
237,'704,Viet Nam,2945,'S2945,Offals,671,Protein supply quantity (t),t,57807.370000,E,,58929.090000,E,,59929.110000,E,,60761.070000,E,,64432.790000,E,,68013.070000,E,,72642.430000,E,,73975.650000,E,,78784.010000,E,,75977.750000,E,,58329.460000,E,,74322.150000,E,,71280.070000,E,,107318.370000,E,
237,'704,Viet Nam,2945,'S2945,Offals,684,Fat supply quantity (g/capita/day),g/cap/d,1.120000,E,,1.130000,E,,1.140000,E,,1.140000,E,,1.190000,E,,1.250000,E,,1.320000,E,,1.330000,E,,1.390000,E,,1.320000,E,,1.010000,E,,1.280000,E,,1.200000,E,,1.680000,E,
237,'704,Viet Nam,2945,'S2945,Offals,681,Fat supply quantity (t),t,35841.240000,E,,36548.030000,E,,37196.050000,E,,37804.250000,E,,39935.250000,E,,42237.980000,E,,45145.620000,E,,46076.750000,E,,48960.380000,E,,46823.460000,E,,36055.770000,E,,46248.390000,E,,43766.590000,E,,61369.010000,E,
237,'704,Viet Nam,2736,'S2736,"Offals, Edible",5511,Production,1000 t,414.000000,I,,422.000000,I,,430.000000,I,,436.000000,I,,451.000000,I,,469.000000,I,,491.000000,I,,502.000000,I,,515.000000,I,,464.000000,I,,337.000000,I,,396.000000,I,,442.000000,I,,471.000000,I,
237,'704,Viet Nam,2736,'S2736,"Offals, Edible",5611,Import quantity,1000 t,,,,,,,,,,,,,10.000000,I,,17.000000,I,,28.000000,I,,26.000000,I,,46.000000,I,,79.000000,I,,95.000000,I,,141.000000,I,,83.000000,I,,307.000000,I,
237,'704,Viet Nam,2736,'S2736,"Offals, Edible",5911,Export quantity,1000 t,,,,,,,,,,,,,0.000000,I,,0.000000,I,,1.000000,I,,0.000000,I,,1.000000,I,,0.000000,I,,2.000000,I,,1.000000,I,,7.000000,I,,1.000000,I,
237,'704,Viet Nam,2736,'S2736,"Offals, Edible",5301,Domestic supply quantity,1000 t,414.000000,I,,422.000000,I,,430.000000,I,,436.000000,I,,461.000000,I,,486.000000,I,,518.000000,I,,528.000000,I,,560.000000,I,,542.000000,I,,430.000000,I,,536.000000,I,,518.000000,I,,777.000000,I,
237,'704,Viet Nam,2736,'S2736,"Offals, Edible",5123,Losses,1000 t,37.000000,I,,38.000000,I,,38.000000,I,,39.000000,I,,40.000000,I,,42.000000,I,,44.000000,I,,45.000000,I,,46.000000,I,,46.000000,I,,50.000000,I,,51.000000,I,,53.000000,I,,78.000000,I,
237,'704,Viet Nam,2736,'S2736,"Offals, Edible",5170,Residuals,1000 t,0.000000,I,,0.000000,I,,0.000000,I,,0.000000,I,,0.000000,I,,0.000000,I,,0.000000,I,,0.000000,I,,0.000000,I,,0.000000,I,,-1.000000,I,,0.000000,I,,0.000000,I,,0.000000,I,
237,'704,Viet Nam,2736,'S2736,"Offals, Edible",5142,Food,1000 t,377.000000,I,,385.000000,I,,391.000000,I,,397.000000,I,,421.000000,I,,444.000000,I,,474.000000,I,,483.000000,I,,514.000000,I,,496.000000,I,,381.000000,I,,485.000000,I,,465.000000,I,,700.000000,I,
237,'704,Viet Nam,2736,'S2736,"Offals, Edible",645,Food supply quantity (kg/capita/yr),kg/cap,4.320000,E,,4.350000,E,,4.370000,E,,4.380000,E,,4.590000,E,,4.780000,E,,5.050000,E,,5.070000,E,,5.350000,E,,5.110000,E,,3.880000,E,,4.900000,E,,4.660000,E,,6.970000,E,
237,'704,Viet Nam,2736,'S2736,"Offals, Edible",664,Food supply (kcal/capita/day),kcal/cap/d,17.540000,E,,17.670000,E,,17.770000,E,,17.830000,E,,18.640000,E,,19.450000,E,,20.530000,E,,20.670000,E,,21.740000,E,,20.670000,E,,15.750000,E,,19.970000,E,,18.860000,E,,27.130000,E,
237,'704,Viet Nam,2736,'S2736,"Offals, Edible",661,Food supply (kcal),million Kcal,559740.250000,I,,570696.280000,I,,580616.090000,I,,589475.350000,I,,623755.320000,I,,659133.300000,I,,704293.720000,I,,718096.850000,I,,763804.210000,I,,733174.870000,I,,563803.120000,I,,721045.300000,I,,686367.810000,I,,993873.660000,I,
237,'704,Viet Nam,2736,'S2736,"Offals, Edible",674,Protein supply quantity (g/capita/day),g/cap/d,1.810000,E,,1.820000,E,,1.830000,E,,1.840000,E,,1.930000,E,,2.010000,E,,2.120000,E,,2.130000,E,,2.240000,E,,2.140000,E,,1.630000,E,,2.060000,E,,1.960000,E,,2.930000,E,
237,'704,Viet Nam,2736,'S2736,"Offals, Edible",671,Protein supply quantity (t),t,57807.370000,I,,58929.090000,I,,59929.110000,I,,60761.070000,I,,64432.790000,I,,68013.070000,I,,72642.430000,I,,73975.650000,I,,78784.010000,I,,75977.750000,I,,58329.460000,I,,74322.150000,I,,71280.070000,I,,107318.370000,I,
237,'704,Viet Nam,2736,'S2736,"Offals, Edible",684,Fat supply quantity (g/capita/day),g/cap/d,1.120000,E,,1.130000,E,,1.140000,E,,1.140000,E,,1.190000,E,,1.250000,E,,1.320000,E,,1.330000,E,,1.390000,E,,1.320000,E,,1.010000,E,,1.280000,E,,1.200000,E,,1.680000,E,
237,'704,Viet Nam,2736,'S2736,"Offals, Edible",681,Fat supply quantity (t),t,35841.240000,I,,36548.030000,I,,37196.050000,I,,37804.250000,I,,39935.250000,I,,42237.980000,I,,45145.620000,I,,46076.750000,I,,48960.380000,I,,46823.460000,I,,36055.770000,I,,46248.390000,I,,43766.590000,I,,61369.010000,I,
237,'704,Viet Nam,2946,'S2946,Animal fats,5511,Production,1000 t,235.000000,E,,247.000000,E,,290.000000,E,,329.000000,E,,356.000000,E,,365.000000,E,,380.000000,E,,392.000000,E,,400.000000,E,,386.000000,E,,333.000000,E,,388.000000,E,,410.000000,E,,424.000000,E,
237,'704,Viet Nam,2946,'S2946,Animal fats,5611,Import quantity,1000 t,81.000000,E,,59.000000,E,,61.000000,E,,64.000000,E,,40.000000,E,,36.000000,E,,44.000000,E,,45.000000,E,,50.000000,E,,55.000000,E,,76.000000,E,,77.000000,E,,90.000000,E,,95.000000,E,
237,'704,Viet Nam,2946,'S2946,Animal fats,5072,Stock Variation,1000 t,0.000000,E,,0.000000,E,,0.000000,E,,6.000000,E,,1.000000,E,,1.000000,E,,0.000000,E,,-8.000000,E,,0.000000,E,,0.000000,E,,0.000000,E,,0.000000,E,,1.000000,E,,1.000000,E,
237,'704,Viet Nam,2946,'S2946,Animal fats,5911,Export quantity,1000 t,30.000000,E,,51.000000,E,,57.000000,E,,51.000000,E,,40.000000,E,,19.000000,E,,26.000000,E,,27.000000,E,,25.000000,E,,36.000000,E,,39.000000,E,,49.000000,E,,67.000000,E,,60.000000,E,
237,'704,Viet Nam,2946,'S2946,Animal fats,5301,Domestic supply quantity,1000 t,287.000000,E,,255.000000,E,,295.000000,E,,336.000000,E,,355.000000,E,,381.000000,E,,398.000000,E,,418.000000,E,,424.000000,E,,405.000000,E,,370.000000,E,,416.000000,E,,433.000000,E,,458.000000,E,
237,'704,Viet Nam,2946,'S2946,Animal fats,5521,Feed,1000 t,0.000000,E,,0.000000,E,,0.000000,E,,0.000000,E,,0.000000,E,,0.000000,E,,0.000000,E,,0.000000,E,,0.000000,E,,0.000000,E,,0.000000,E,,0.000000,E,,0.000000,E,,0.000000,E,
237,'704,Viet Nam,2946,'S2946,Animal fats,5123,Losses,1000 t,10.000000,E,,10.000000,E,,10.000000,E,,11.000000,E,,11.000000,E,,11.000000,E,,12.000000,E,,13.000000,E,,13.000000,E,,11.000000,E,,13.000000,E,,11.000000,E,,14.000000,E,,15.000000,E,
237,'704,Viet Nam,2946,'S2946,Animal fats,5131,Processing,1000 t,0.000000,E,,0.000000,E,,0.000000,E,,0.000000,E,,,,,,,,,,,,,,,,,,,,,,,,,,,,,,,
237,'704,Viet Nam,2946,'S2946,Animal fats,5154,Other uses (non-food),1000 t,30.000000,E,,19.000000,E,,53.000000,E,,93.000000,E,,126.000000,E,,145.000000,E,,152.000000,E,,164.000000,E,,170.000000,E,,169.000000,E,,177.000000,E,,197.000000,E,,198.000000,E,,193.000000,E,
237,'704,Viet Nam,2946,'S2946,Animal fats,5170,Residuals,1000 t,4.000000,E,,7.000000,E,,7.000000,E,,7.000000,E,,6.000000,E,,7.000000,E,,7.000000,E,,6.000000,E,,1.000000,E,,7.000000,E,,6.000000,E,,6.000000,E,,-5.000000,E,,-18.000000,E,
237,'704,Viet Nam,2946,'S2946,Animal fats,5142,Food,1000 t,242.000000,E,,219.000000,E,,225.000000,E,,226.000000,E,,212.000000,E,,218.000000,E,,227.000000,E,,236.000000,E,,241.000000,E,,217.000000,E,,174.000000,E,,201.000000,E,,227.000000,E,,268.000000,E,
237,'704,Viet Nam,2946,'S2946,Animal fats,645,Food supply quantity (kg/capita/yr),kg/cap,2.760000,E,,2.480000,E,,2.510000,E,,2.500000,E,,2.310000,E,,2.350000,E,,2.420000,E,,2.480000,E,,2.500000,E,,2.230000,E,,1.770000,E,,2.040000,E,,2.270000,E,,2.670000,E,
237,'704,Viet Nam,2946,'S2946,Animal fats,664,Food supply (kcal/capita/day),kcal/cap/d,45.890000,E,,45.890000,E,,46.560000,E,,46.310000,E,,42.950000,E,,43.560000,E,,44.620000,E,,45.660000,E,,46.130000,E,,41.180000,E,,32.440000,E,,37.520000,E,,41.500000,E,,49.070000,E,
237,'704,Viet Nam,2946,'S2946,Animal fats,661,Food supply (kcal),million Kcal,1464716.000000,E,,1481930.110000,E,,1521302.790000,E,,1531064.950000,E,,1437350.840000,E,,1475978.100000,E,,1531041.450000,E,,1586340.260000,E,,1620370.990000,E,,1460541.510000,E,,1161330.520000,E,,1354732.390000,E,,1509849.540000,E,,1797341.890000,E,
237,'704,Viet Nam,2946,'S2946,Animal fats,674,Protein supply quantity (g/capita/day),g/cap/d,0.330000,E,,0.330000,E,,0.340000,E,,0.340000,E,,0.340000,E,,0.350000,E,,0.360000,E,,0.370000,E,,0.380000,E,,0.340000,E,,0.260000,E,,0.290000,E,,0.320000,E,,0.340000,E,
237,'704,Viet Nam,2946,'S2946,Animal fats,671,Protein supply quantity (t),t,10567.640000,E,,10700.900000,E,,10960.900000,E,,11172.460000,E,,11306.240000,E,,11938.740000,E,,12492.570000,E,,12874.590000,E,,13450.580000,E,,11968.380000,E,,9378.670000,E,,10403.770000,E,,11573.700000,E,,12361.420000,E,
237,'704,Viet Nam,2946,'S2946,Animal fats,684,Fat supply quantity (g/capita/day),g/cap/d,4.950000,E,,4.950000,E,,5.020000,E,,4.990000,E,,4.620000,E,,4.680000,E,,4.790000,E,,4.910000,E,,4.950000,E,,4.420000,E,,3.480000,E,,4.040000,E,,4.460000,E,,5.300000,E,
237,'704,Viet Nam,2946,'S2946,Animal fats,681,Fat supply quantity (t),t,157961.700000,E,,159832.600000,E,,164076.730000,E,,165061.160000,E,,154613.500000,E,,158621.290000,E,,164478.120000,E,,170412.970000,E,,173932.680000,E,,156821.120000,E,,124732.230000,E,,145776.340000,E,,162443.150000,E,,194016.180000,E,
237,'704,Viet Nam,2740,'S2740,"Butter, Ghee",5511,Production,1000 t,0.000000,I,,0.000000,I,,0.000000,I,,0.000000,I,,,,,,,,,,,,,,,,,,,,0.000000,I,,0.000000,I,,0.000000,I,,0.000000,I,
237,'704,Viet Nam,2740,'S2740,"Butter, Ghee",5611,Import quantity,1000 t,17.000000,I,,10.000000,I,,17.000000,I,,21.000000,I,,13.000000,I,,11.000000,I,,12.000000,I,,15.000000,I,,16.000000,I,,16.000000,I,,12.000000,I,,14.000000,I,,14.000000,I,,19.000000,I,
237,'704,Viet Nam,2740,'S2740,"Butter, Ghee",5911,Export quantity,1000 t,,,,,,,,,,,,,0.000000,I,,0.000000,I,,0.000000,I,,0.000000,I,,0.000000,I,,0.000000,I,,1.000000,I,,1.000000,I,,1.000000,I,,1.000000,I,
237,'704,Viet Nam,2740,'S2740,"Butter, Ghee",5301,Domestic supply quantity,1000 t,17.000000,I,,10.000000,I,,17.000000,I,,21.000000,I,,13.000000,I,,11.000000,I,,12.000000,I,,15.000000,I,,16.000000,I,,16.000000,I,,12.000000,I,,13.000000,I,,13.000000,I,,18.000000,I,
237,'704,Viet Nam,2740,'S2740,"Butter, Ghee",5521,Feed,1000 t,0.000000,I,,0.000000,I,,0.000000,I,,0.000000,I,,0.000000,I,,0.000000,I,,0.000000,I,,0.000000,I,,0.000000,I,,0.000000,I,,0.000000,I,,0.000000,I,,0.000000,I,,0.000000,I,
237,'704,Viet Nam,2740,'S2740,"Butter, Ghee",5170,Residuals,1000 t,0.000000,I,,0.000000,I,,0.000000,I,,0.000000,I,,0.000000,I,,0.000000,I,,0.000000,I,,0.000000,I,,0.000000,I,,0.000000,I,,0.000000,I,,0.000000,I,,0.000000,I,,0.000000,I,
237,'704,Viet Nam,2740,'S2740,"Butter, Ghee",5142,Food,1000 t,17.000000,I,,10.000000,I,,17.000000,I,,21.000000,I,,13.000000,I,,11.000000,I,,12.000000,I,,15.000000,I,,16.000000,I,,16.000000,I,,12.000000,I,,13.000000,I,,13.000000,I,,18.000000,I,
237,'704,Viet Nam,2740,'S2740,"Butter, Ghee",645,Food supply quantity (kg/capita/yr),kg/cap,0.190000,E,,0.120000,E,,0.190000,E,,0.230000,E,,0.150000,E,,0.120000,E,,0.130000,E,,0.160000,E,,0.160000,E,,0.160000,E,,0.120000,E,,0.130000,E,,0.140000,E,,0.180000,E,
237,'704,Viet Nam,2740,'S2740,"Butter, Ghee",664,Food supply (kcal/capita/day),kcal/cap/d,3.970000,E,,2.380000,E,,3.860000,E,,4.620000,E,,3.510000,E,,2.750000,E,,3.040000,E,,3.690000,E,,3.790000,E,,3.800000,E,,2.760000,E,,3.100000,E,,2.900000,E,,3.980000,E,
237,'704,Viet Nam,2740,'S2740,"Butter, Ghee",661,Food supply (kcal),million Kcal,126719.800000,I,,76721.880000,I,,125990.680000,I,,152702.680000,I,,117411.150000,I,,93266.550000,I,,104380.430000,I,,128118.870000,I,,133296.780000,I,,134727.880000,I,,98749.270000,I,,111917.100000,I,,105488.080000,I,,145860.860000,I,
237,'704,Viet Nam,2740,'S2740,"Butter, Ghee",674,Protein supply quantity (g/capita/day),g/cap/d,0.000000,E,,0.000000,E,,0.000000,E,,0.000000,E,,0.000000,E,,0.000000,E,,0.000000,E,,0.000000,E,,0.000000,E,,0.000000,E,,0.000000,E,,0.000000,E,,0.000000,E,,0.000000,E,
237,'704,Viet Nam,2740,'S2740,"Butter, Ghee",671,Protein supply quantity (t),t,134.720000,I,,82.210000,I,,135.330000,I,,164.130000,I,,40.940000,I,,37.950000,I,,45.710000,I,,57.470000,I,,56.140000,I,,56.530000,I,,47.320000,I,,49.730000,I,,86.060000,I,,104.130000,I,
237,'704,Viet Nam,2740,'S2740,"Butter, Ghee",684,Fat supply quantity (g/capita/day),g/cap/d,0.440000,E,,0.260000,E,,0.430000,E,,0.510000,E,,0.390000,E,,0.310000,E,,0.340000,E,,0.410000,E,,0.420000,E,,0.420000,E,,0.310000,E,,0.340000,E,,0.320000,E,,0.440000,E,
237,'704,Viet Nam,2740,'S2740,"Butter, Ghee",681,Fat supply quantity (t),t,13988.440000,I,,8468.740000,I,,13906.900000,I,,16855.300000,I,,13024.330000,I,,10341.880000,I,,11571.790000,I,,14202.440000,I,,14779.200000,I,,14938.030000,I,,10944.430000,I,,12406.780000,I,,11664.430000,I,,16139.930000,I,
237,'704,Viet Nam,2743,'S2743,Cream,5511,Production,1000 t,0.000000,I,,0.000000,I,,0.000000,I,,0.000000,I,,,,,,,,,,,,,,,,,,,,,,,,,,,,,,,
237,'704,Viet Nam,2743,'S2743,Cream,5611,Import quantity,1000 t,1.000000,I,,1.000000,I,,1.000000,I,,1.000000,I,,2.000000,I,,2.000000,I,,3.000000,I,,5.000000,I,,5.000000,I,,5.000000,I,,6.000000,I,,5.000000,I,,6.000000,I,,7.000000,I,
237,'704,Viet Nam,2743,'S2743,Cream,5911,Export quantity,1000 t,,,,,,,,,,,,,0.000000,I,,0.000000,I,,0.000000,I,,0.000000,I,,0.000000,I,,0.000000,I,,0.000000,I,,0.000000,I,,0.000000,I,,0.000000,I,
237,'704,Viet Nam,2743,'S2743,Cream,5301,Domestic supply quantity,1000 t,1.000000,I,,1.000000,I,,1.000000,I,,1.000000,I,,2.000000,I,,2.000000,I,,3.000000,I,,5.000000,I,,5.000000,I,,5.000000,I,,6.000000,I,,5.000000,I,,6.000000,I,,7.000000,I,
237,'704,Viet Nam,2743,'S2743,Cream,5131,Processing,1000 t,0.000000,I,,0.000000,I,,0.000000,I,,0.000000,I,,,,,,,,,,,,,,,,,,,,,,,,,,,,,,,
237,'704,Viet Nam,2743,'S2743,Cream,5170,Residuals,1000 t,0.000000,I,,0.000000,I,,0.000000,I,,0.000000,I,,0.000000,I,,0.000000,I,,0.000000,I,,0.000000,I,,0.000000,I,,0.000000,I,,0.000000,I,,0.000000,I,,0.000000,I,,0.000000,I,
237,'704,Viet Nam,2743,'S2743,Cream,5142,Food,1000 t,1.000000,I,,1.000000,I,,1.000000,I,,1.000000,I,,2.000000,I,,2.000000,I,,3.000000,I,,5.000000,I,,5.000000,I,,5.000000,I,,6.000000,I,,5.000000,I,,6.000000,I,,7.000000,I,
237,'704,Viet Nam,2743,'S2743,Cream,645,Food supply quantity (kg/capita/yr),kg/cap,0.010000,E,,0.010000,E,,0.010000,E,,0.010000,E,,0.020000,E,,0.020000,E,,0.030000,E,,0.050000,E,,0.050000,E,,0.060000,E,,0.060000,E,,0.050000,E,,0.060000,E,,0.070000,E,
237,'704,Viet Nam,2743,'S2743,Cream,664,Food supply (kcal/capita/day),kcal/cap/d,0.140000,E,,0.100000,E,,0.110000,E,,0.110000,E,,0.160000,E,,0.170000,E,,0.220000,E,,0.360000,E,,0.380000,E,,0.430000,E,,0.410000,E,,0.350000,E,,0.470000,E,,0.490000,E,
237,'704,Viet Nam,2743,'S2743,Cream,661,Food supply (kcal),million Kcal,4336.200000,I,,3336.120000,I,,3557.420000,I,,3732.220000,I,,5452.150000,I,,5634.440000,I,,7383.230000,I,,12437.670000,I,,13339.960000,I,,15205.500000,I,,14741.080000,I,,12696.690000,I,,16993.180000,I,,17968.890000,I,
237,'704,Viet Nam,2743,'S2743,Cream,674,Protein supply quantity (g/capita/day),g/cap/d,0.000000,E,,0.000000,E,,0.000000,E,,0.000000,E,,0.000000,E,,0.000000,E,,0.000000,E,,0.000000,E,,0.010000,E,,0.010000,E,,0.010000,E,,0.000000,E,,0.010000,E,,0.010000,E,
237,'704,Viet Nam,2743,'S2743,Cream,671,Protein supply quantity (t),t,128.810000,I,,90.120000,I,,104.170000,I,,115.260000,I,,71.650000,I,,84.920000,I,,95.290000,I,,173.040000,I,,198.710000,I,,237.700000,I,,191.380000,I,,164.450000,I,,223.520000,I,,185.390000,I,
237,'704,Viet Nam,2743,'S2743,Cream,684,Fat supply quantity (g/capita/day),g/cap/d,0.010000,E,,0.010000,E,,0.010000,E,,0.010000,E,,0.020000,E,,0.020000,E,,0.020000,E,,0.030000,E,,0.040000,E,,0.040000,E,,0.040000,E,,0.030000,E,,0.050000,E,,0.050000,E,
237,'704,Viet Nam,2743,'S2743,Cream,681,Fat supply quantity (t),t,393.570000,I,,306.530000,I,,323.510000,I,,336.930000,I,,532.340000,I,,545.620000,I,,721.600000,I,,1210.400000,I,,1292.770000,I,,1468.910000,I,,1440.250000,I,,1240.670000,I,,1659.090000,I,,1775.500000,I,
237,'704,Viet Nam,2737,'S2737,"Fats, Animals, Raw",5511,Production,1000 t,188.000000,I,,192.000000,I,,195.000000,I,,199.000000,I,,206.000000,I,,215.000000,I,,225.000000,I,,229.000000,I,,235.000000,I,,213.000000,I,,157.000000,I,,180.000000,I,,202.000000,I,,216.000000,I,
237,'704,Viet Nam,2737,'S2737,"Fats, Animals, Raw",5611,Import quantity,1000 t,54.000000,I,,35.000000,I,,31.000000,I,,31.000000,I,,12.000000,I,,12.000000,I,,14.000000,I,,13.000000,I,,19.000000,I,,23.000000,I,,48.000000,I,,47.000000,I,,58.000000,I,,59.000000,I,
237,'704,Viet Nam,2737,'S2737,"Fats, Animals, Raw",5072,Stock Variation,1000 t,0.000000,I,,0.000000,I,,0.000000,I,,6.000000,I,,1.000000,I,,1.000000,I,,0.000000,I,,-8.000000,I,,0.000000,I,,0.000000,I,,0.000000,I,,0.000000,I,,1.000000,I,,1.000000,I,
237,'704,Viet Nam,2737,'S2737,"Fats, Animals, Raw",5911,Export quantity,1000 t,,,,,,,,,,,,,2.000000,I,,1.000000,I,,6.000000,I,,14.000000,I,,18.000000,I,,18.000000,I,,23.000000,I,,21.000000,I,,38.000000,I,,32.000000,I,
237,'704,Viet Nam,2737,'S2737,"Fats, Animals, Raw",5301,Domestic supply quantity,1000 t,242.000000,I,,227.000000,I,,226.000000,I,,224.000000,I,,215.000000,I,,225.000000,I,,233.000000,I,,236.000000,I,,236.000000,I,,217.000000,I,,182.000000,I,,206.000000,I,,221.000000,I,,241.000000,I,
237,'704,Viet Nam,2737,'S2737,"Fats, Animals, Raw",5123,Losses,1000 t,10.000000,I,,10.000000,I,,10.000000,I,,11.000000,I,,11.000000,I,,11.000000,I,,12.000000,I,,13.000000,I,,13.000000,I,,11.000000,I,,13.000000,I,,11.000000,I,,14.000000,I,,15.000000,I,
237,'704,Viet Nam,2737,'S2737,"Fats, Animals, Raw",5131,Processing,1000 t,0.000000,I,,0.000000,I,,0.000000,I,,0.000000,I,,,,,,,,,,,,,,,,,,,,,,,,,,,,,,,
237,'704,Viet Nam,2737,'S2737,"Fats, Animals, Raw",5154,Other uses (non-food),1000 t,4.000000,I,,2.000000,I,,2.000000,I,,2.000000,I,,1.000000,I,,2.000000,I,,2.000000,I,,2.000000,I,,2.000000,I,,3.000000,I,,7.000000,I,,6.000000,I,,6.000000,I,,1.000000,I,
237,'704,Viet Nam,2737,'S2737,"Fats, Animals, Raw",5170,Residuals,1000 t,4.000000,I,,7.000000,I,,7.000000,I,,7.000000,I,,6.000000,I,,7.000000,I,,7.000000,I,,6.000000,I,,1.000000,I,,7.000000,I,,6.000000,I,,6.000000,I,,-5.000000,I,,-18.000000,I,
237,'704,Viet Nam,2737,'S2737,"Fats, Animals, Raw",5142,Food,1000 t,224.000000,I,,208.000000,I,,207.000000,I,,205.000000,I,,196.000000,I,,206.000000,I,,212.000000,I,,216.000000,I,,220.000000,I,,196.000000,I,,157.000000,I,,183.000000,I,,207.000000,I,,243.000000,I,
237,'704,Viet Nam,2737,'S2737,"Fats, Animals, Raw",645,Food supply quantity (kg/capita/yr),kg/cap,2.560000,E,,2.350000,E,,2.310000,E,,2.260000,E,,2.140000,E,,2.210000,E,,2.260000,E,,2.270000,E,,2.290000,E,,2.020000,E,,1.600000,E,,1.850000,E,,2.070000,E,,2.420000,E,
237,'704,Viet Nam,2737,'S2737,"Fats, Animals, Raw",664,Food supply (kcal/capita/day),kcal/cap/d,41.780000,E,,43.410000,E,,42.600000,E,,41.580000,E,,39.280000,E,,40.650000,E,,41.370000,E,,41.620000,E,,41.950000,E,,36.950000,E,,29.270000,E,,34.060000,E,,38.130000,E,,44.600000,E,
237,'704,Viet Nam,2737,'S2737,"Fats, Animals, Raw",661,Food supply (kcal),million Kcal,1333660.000000,I,,1401872.100000,I,,1391754.690000,I,,1374630.050000,I,,1314487.530000,I,,1377077.120000,I,,1419277.790000,I,,1445783.730000,I,,1473734.240000,I,,1310608.120000,I,,1047840.170000,I,,1230118.590000,I,,1387368.280000,I,,1633512.130000,I,
237,'704,Viet Nam,2737,'S2737,"Fats, Animals, Raw",674,Protein supply quantity (g/capita/day),g/cap/d,0.320000,E,,0.330000,E,,0.330000,E,,0.330000,E,,0.330000,E,,0.350000,E,,0.360000,E,,0.360000,E,,0.380000,E,,0.330000,E,,0.260000,E,,0.280000,E,,0.310000,E,,0.330000,E,
237,'704,Viet Nam,2737,'S2737,"Fats, Animals, Raw",671,Protein supply quantity (t),t,10304.100000,I,,10528.570000,I,,10721.400000,I,,10893.070000,I,,11193.650000,I,,11815.870000,I,,12351.580000,I,,12644.080000,I,,13195.730000,I,,11674.150000,I,,9139.970000,I,,10189.590000,I,,11264.130000,I,,12071.890000,I,
237,'704,Viet Nam,2737,'S2737,"Fats, Animals, Raw",684,Fat supply quantity (g/capita/day),g/cap/d,4.500000,E,,4.680000,E,,4.590000,E,,4.470000,E,,4.220000,E,,4.360000,E,,4.440000,E,,4.460000,E,,4.490000,E,,3.960000,E,,3.140000,E,,3.660000,E,,4.100000,E,,4.810000,E,
237,'704,Viet Nam,2737,'S2737,"Fats, Animals, Raw",681,Fat supply quantity (t),t,143579.690000,I,,151057.340000,I,,149846.320000,I,,147868.930000,I,,141056.840000,I,,147733.800000,I,,152184.720000,I,,155000.130000,I,,157860.710000,I,,140414.180000,I,,112347.540000,I,,132128.890000,I,,149119.630000,I,,176100.750000,I,
237,'704,Viet Nam,2781,'S2781,"Fish, Body Oil",5511,Production,1000 t,47.000000,I,,55.000000,I,,95.000000,I,,130.000000,I,,150.000000,I,,150.000000,I,,155.000000,I,,163.000000,I,,165.000000,I,,173.000000,I,,175.000000,I,,208.000000,I,,208.000000,E,,208.000000,E,
237,'704,Viet Nam,2781,'S2781,"Fish, Body Oil",5611,Import quantity,1000 t,9.000000,I,,13.000000,I,,13.000000,I,,12.000000,I,,13.000000,I,,11.000000,I,,15.000000,I,,12.000000,I,,10.000000,I,,11.000000,I,,10.000000,I,,11.000000,I,,11.000000,E,,11.000000,E,
237,'704,Viet Nam,2781,'S2781,"Fish, Body Oil",5911,Export quantity,1000 t,30.000000,I,,51.000000,I,,57.000000,I,,51.000000,I,,38.000000,I,,18.000000,I,,20.000000,I,,13.000000,I,,7.000000,I,,18.000000,I,,15.000000,I,,27.000000,I,,27.000000,E,,27.000000,E,
237,'704,Viet Nam,2781,'S2781,"Fish, Body Oil",5301,Domestic supply quantity,1000 t,26.000000,I,,17.000000,I,,51.000000,I,,91.000000,I,,125.000000,I,,143.000000,I,,150.000000,I,,162.000000,I,,168.000000,I,,167.000000,I,,170.000000,I,,192.000000,I,,192.000000,I,,192.000000,I,
237,'704,Viet Nam,2781,'S2781,"Fish, Body Oil",5521,Feed,1000 t,0.000000,I,,0.000000,I,,0.000000,I,,,,,,,,,,,,,,,,,,,,0.000000,I,,0.000000,I,,,,,,,,,,
237,'704,Viet Nam,2781,'S2781,"Fish, Body Oil",5154,Other uses (non-food),1000 t,26.000000,I,,17.000000,I,,51.000000,I,,91.000000,I,,125.000000,I,,143.000000,I,,150.000000,I,,162.000000,I,,168.000000,I,,167.000000,I,,170.000000,I,,192.000000,I,,192.000000,E,,192.000000,E,
237,'704,Viet Nam,2781,'S2781,"Fish, Body Oil",5142,Food,1000 t,0.000000,I,,0.000000,I,,0.000000,I,,0.000000,I,,0.000000,I,,0.000000,I,,0.000000,I,,0.000000,I,,0.000000,I,,0.000000,I,,0.000000,I,,0.000000,I,,0.000000,E,,0.000000,E,
237,'704,Viet Nam,2781,'S2781,"Fish, Body Oil",645,Food supply quantity (kg/capita/yr),kg/cap,0.000000,E,,0.000000,E,,0.000000,E,,0.000000,E,,0.000000,E,,0.000000,E,,0.000000,E,,0.000000,E,,0.000000,E,,0.000000,E,,0.000000,E,,0.000000,E,,0.000000,E,,0.000000,E,
237,'704,Viet Nam,2782,'S2782,"Fish, Liver Oil",5511,Production,1000 t,0.000000,I,,0.000000,I,,0.000000,I,,0.000000,I,,,,,,,,,,,,,,0.000000,I,,0.000000,I,,0.000000,I,,0.000000,I,,0.000000,E,,0.000000,E,
237,'704,Viet Nam,2782,'S2782,"Fish, Liver Oil",5611,Import quantity,1000 t,0.000000,I,,0.000000,I,,0.000000,I,,0.000000,I,,0.000000,I,,0.000000,I,,0.000000,I,,0.000000,I,,0.000000,I,,0.000000,I,,0.000000,I,,0.000000,I,,0.000000,E,,0.000000,E,
237,'704,Viet Nam,2782,'S2782,"Fish, Liver Oil",5911,Export quantity,1000 t,0.000000,I,,0.000000,I,,0.000000,I,,0.000000,I,,,,,,,,,,,,,,0.000000,I,,,,,,,,,,,,,,,,
237,'704,Viet Nam,2782,'S2782,"Fish, Liver Oil",5301,Domestic supply quantity,1000 t,0.000000,I,,0.000000,I,,0.000000,I,,0.000000,I,,0.000000,I,,0.000000,I,,0.000000,I,,0.000000,I,,0.000000,I,,0.000000,I,,0.000000,I,,0.000000,I,,0.000000,I,,0.000000,I,
237,'704,Viet Nam,2782,'S2782,"Fish, Liver Oil",5154,Other uses (non-food),1000 t,0.000000,I,,0.000000,I,,0.000000,I,,0.000000,I,,0.000000,I,,0.000000,I,,0.000000,I,,0.000000,I,,0.000000,I,,0.000000,I,,0.000000,I,,0.000000,I,,0.000000,E,,0.000000,E,
237,'704,Viet Nam,2782,'S2782,"Fish, Liver Oil",5142,Food,1000 t,0.000000,I,,0.000000,I,,0.000000,I,,0.000000,I,,0.000000,I,,0.000000,I,,0.000000,I,,0.000000,I,,0.000000,I,,0.000000,I,,0.000000,I,,0.000000,I,,0.000000,E,,0.000000,E,
237,'704,Viet Nam,2782,'S2782,"Fish, Liver Oil",645,Food supply quantity (kg/capita/yr),kg/cap,0.000000,E,,0.000000,E,,0.000000,E,,0.000000,E,,0.000000,E,,0.000000,E,,0.000000,E,,0.000000,E,,0.000000,E,,0.000000,E,,0.000000,E,,0.000000,E,,0.000000,E,,0.000000,E,
237,'704,Viet Nam,2949,'S2949,Eggs,5511,Production,1000 t,321.000000,E,,345.000000,E,,365.000000,E,,388.000000,E,,414.000000,E,,444.000000,E,,472.000000,E,,310.000000,E,,349.000000,E,,410.000000,E,,474.000000,E,,411.000000,E,,463.000000,E,,472.000000,E,
237,'704,Viet Nam,2949,'S2949,Eggs,5611,Import quantity,1000 t,0.000000,E,,0.000000,E,,0.000000,E,,0.000000,E,,2.000000,E,,3.000000,E,,3.000000,E,,4.000000,E,,4.000000,E,,4.000000,E,,5.000000,E,,5.000000,E,,6.000000,E,,5.000000,E,
237,'704,Viet Nam,2949,'S2949,Eggs,5072,Stock Variation,1000 t,,,,,,,,,,,,,0.000000,E,,0.000000,E,,0.000000,E,,0.000000,E,,0.000000,E,,0.000000,E,,0.000000,E,,0.000000,E,,0.000000,E,,0.000000,E,
237,'704,Viet Nam,2949,'S2949,Eggs,5911,Export quantity,1000 t,2.000000,E,,2.000000,E,,2.000000,E,,2.000000,E,,3.000000,E,,2.000000,E,,2.000000,E,,2.000000,E,,2.000000,E,,3.000000,E,,3.000000,E,,4.000000,E,,4.000000,E,,6.000000,E,
237,'704,Viet Nam,2949,'S2949,Eggs,5301,Domestic supply quantity,1000 t,319.000000,E,,343.000000,E,,364.000000,E,,386.000000,E,,413.000000,E,,444.000000,E,,473.000000,E,,312.000000,E,,352.000000,E,,411.000000,E,,476.000000,E,,412.000000,E,,465.000000,E,,471.000000,E,
237,'704,Viet Nam,2949,'S2949,Eggs,5527,Seed,1000 t,21.000000,E,,23.000000,E,,24.000000,E,,26.000000,E,,28.000000,E,,30.000000,E,,32.000000,E,,21.000000,E,,23.000000,E,,27.000000,E,,32.000000,E,,27.000000,E,,29.000000,E,,32.000000,E,
237,'704,Viet Nam,2949,'S2949,Eggs,5123,Losses,1000 t,29.000000,E,,31.000000,E,,33.000000,E,,35.000000,E,,37.000000,E,,40.000000,E,,42.000000,E,,28.000000,E,,31.000000,E,,37.000000,E,,43.000000,E,,37.000000,E,,42.000000,E,,42.000000,E,
237,'704,Viet Nam,2949,'S2949,Eggs,5170,Residuals,1000 t,0.000000,E,,0.000000,E,,0.000000,E,,0.000000,E,,-1.000000,E,,-1.000000,E,,0.000000,E,,0.000000,E,,0.000000,E,,-1.000000,E,,-1.000000,E,,-3.000000,E,,0.000000,E,,0.000000,E,
237,'704,Viet Nam,2949,'S2949,Eggs,5142,Food,1000 t,269.000000,E,,289.000000,E,,306.000000,E,,325.000000,E,,350.000000,E,,376.000000,E,,400.000000,E,,264.000000,E,,297.000000,E,,348.000000,E,,402.000000,E,,351.000000,E,,395.000000,E,,397.000000,E,
237,'704,Viet Nam,2949,'S2949,Eggs,645,Food supply quantity (kg/capita/yr),kg/cap,3.070000,E,,3.270000,E,,3.420000,E,,3.590000,E,,3.810000,E,,4.050000,E,,4.250000,E,,2.770000,E,,3.080000,E,,3.580000,E,,4.100000,E,,3.540000,E,,3.960000,E,,3.960000,E,
237,'704,Viet Nam,2949,'S2949,Eggs,664,Food supply (kcal/capita/day),kcal/cap/d,10.710000,E,,11.380000,E,,11.930000,E,,12.520000,E,,13.300000,E,,14.110000,E,,14.820000,E,,9.670000,E,,10.750000,E,,12.470000,E,,14.300000,E,,12.360000,E,,13.800000,E,,13.790000,E,
237,'704,Viet Nam,2949,'S2949,Eggs,661,Food supply (kcal),million Kcal,341781.270000,E,,367572.980000,E,,389755.980000,E,,413982.620000,E,,445105.700000,E,,477909.620000,E,,508501.390000,E,,335875.170000,E,,377561.710000,E,,442218.210000,E,,511966.400000,E,,446199.580000,E,,502265.130000,E,,505130.320000,E,
237,'704,Viet Nam,2949,'S2949,Eggs,674,Protein supply quantity (g/capita/day),g/cap/d,0.960000,E,,1.020000,E,,1.070000,E,,1.120000,E,,1.200000,E,,1.270000,E,,1.330000,E,,0.870000,E,,0.970000,E,,1.120000,E,,1.290000,E,,1.110000,E,,1.240000,E,,1.240000,E,
237,'704,Viet Nam,2949,'S2949,Eggs,671,Protein supply quantity (t),t,30606.860000,E,,32916.550000,E,,34903.070000,E,,37072.600000,E,,40001.760000,E,,42940.350000,E,,45692.480000,E,,30255.050000,E,,34037.790000,E,,39884.960000,E,,46146.040000,E,,40251.740000,E,,45296.300000,E,,45523.130000,E,
237,'704,Viet Nam,2949,'S2949,Eggs,684,Fat supply quantity (g/capita/day),g/cap/d,0.740000,E,,0.790000,E,,0.830000,E,,0.870000,E,,0.920000,E,,0.970000,E,,1.020000,E,,0.670000,E,,0.740000,E,,0.860000,E,,0.990000,E,,0.850000,E,,0.950000,E,,0.950000,E,
237,'704,Viet Nam,2949,'S2949,Eggs,681,Fat supply quantity (t),t,23656.790000,E,,25441.990000,E,,26977.410000,E,,28654.290000,E,,30744.530000,E,,33016.750000,E,,35133.040000,E,,23176.560000,E,,26043.490000,E,,30495.780000,E,,35310.950000,E,,30757.090000,E,,34627.260000,E,,34850.690000,E,
237,'704,Viet Nam,2744,'S2744,Eggs,5511,Production,1000 t,321.000000,I,,345.000000,I,,365.000000,I,,388.000000,I,,414.000000,I,,444.000000,I,,472.000000,I,,310.000000,I,,349.000000,I,,410.000000,I,,474.000000,I,,411.000000,I,,463.000000,I,,472.000000,I,
237,'704,Viet Nam,2744,'S2744,Eggs,5611,Import quantity,1000 t,0.000000,I,,0.000000,I,,0.000000,I,,0.000000,I,,2.000000,I,,3.000000,I,,3.000000,I,,4.000000,I,,4.000000,I,,4.000000,I,,5.000000,I,,5.000000,I,,6.000000,I,,5.000000,I,
237,'704,Viet Nam,2744,'S2744,Eggs,5072,Stock Variation,1000 t,,,,,,,,,,,,,0.000000,I,,0.000000,I,,0.000000,I,,0.000000,I,,0.000000,I,,0.000000,I,,0.000000,I,,0.000000,I,,0.000000,I,,0.000000,I,
237,'704,Viet Nam,2744,'S2744,Eggs,5911,Export quantity,1000 t,2.000000,I,,2.000000,I,,2.000000,I,,2.000000,I,,3.000000,I,,2.000000,I,,2.000000,I,,2.000000,I,,2.000000,I,,3.000000,I,,3.000000,I,,4.000000,I,,4.000000,I,,6.000000,I,
237,'704,Viet Nam,2744,'S2744,Eggs,5301,Domestic supply quantity,1000 t,319.000000,I,,343.000000,I,,364.000000,I,,386.000000,I,,413.000000,I,,444.000000,I,,473.000000,I,,312.000000,I,,352.000000,I,,411.000000,I,,476.000000,I,,412.000000,I,,465.000000,I,,471.000000,I,
237,'704,Viet Nam,2744,'S2744,Eggs,5527,Seed,1000 t,21.000000,I,,23.000000,I,,24.000000,I,,26.000000,I,,28.000000,I,,30.000000,I,,32.000000,I,,21.000000,I,,23.000000,I,,27.000000,I,,32.000000,I,,27.000000,I,,29.000000,I,,32.000000,I,
237,'704,Viet Nam,2744,'S2744,Eggs,5123,Losses,1000 t,29.000000,I,,31.000000,I,,33.000000,I,,35.000000,I,,37.000000,I,,40.000000,I,,42.000000,I,,28.000000,I,,31.000000,I,,37.000000,I,,43.000000,I,,37.000000,I,,42.000000,I,,42.000000,I,
237,'704,Viet Nam,2744,'S2744,Eggs,5170,Residuals,1000 t,0.000000,I,,0.000000,I,,0.000000,I,,0.000000,I,,-1.000000,I,,-1.000000,I,,0.000000,I,,0.000000,I,,0.000000,I,,-1.000000,I,,-1.000000,I,,-3.000000,I,,0.000000,I,,0.000000,I,
237,'704,Viet Nam,2744,'S2744,Eggs,5142,Food,1000 t,269.000000,I,,289.000000,I,,306.000000,I,,325.000000,I,,350.000000,I,,376.000000,I,,400.000000,I,,264.000000,I,,297.000000,I,,348.000000,I,,402.000000,I,,351.000000,I,,395.000000,I,,397.000000,I,
237,'704,Viet Nam,2744,'S2744,Eggs,645,Food supply quantity (kg/capita/yr),kg/cap,3.070000,E,,3.270000,E,,3.420000,E,,3.590000,E,,3.810000,E,,4.050000,E,,4.250000,E,,2.770000,E,,3.080000,E,,3.580000,E,,4.100000,E,,3.540000,E,,3.960000,E,,3.960000,E,
237,'704,Viet Nam,2744,'S2744,Eggs,664,Food supply (kcal/capita/day),kcal/cap/d,10.710000,E,,11.380000,E,,11.930000,E,,12.520000,E,,13.300000,E,,14.110000,E,,14.820000,E,,9.670000,E,,10.750000,E,,12.470000,E,,14.300000,E,,12.360000,E,,13.800000,E,,13.790000,E,
237,'704,Viet Nam,2744,'S2744,Eggs,661,Food supply (kcal),million Kcal,341781.270000,I,,367572.980000,I,,389755.980000,I,,413982.620000,I,,445105.700000,I,,477909.620000,I,,508501.390000,I,,335875.170000,I,,377561.710000,I,,442218.210000,I,,511966.400000,I,,446199.580000,I,,502265.130000,I,,505130.320000,I,
237,'704,Viet Nam,2744,'S2744,Eggs,674,Protein supply quantity (g/capita/day),g/cap/d,0.960000,E,,1.020000,E,,1.070000,E,,1.120000,E,,1.200000,E,,1.270000,E,,1.330000,E,,0.870000,E,,0.970000,E,,1.120000,E,,1.290000,E,,1.110000,E,,1.240000,E,,1.240000,E,
237,'704,Viet Nam,2744,'S2744,Eggs,671,Protein supply quantity (t),t,30606.860000,I,,32916.550000,I,,34903.070000,I,,37072.600000,I,,40001.760000,I,,42940.350000,I,,45692.480000,I,,30255.050000,I,,34037.790000,I,,39884.960000,I,,46146.040000,I,,40251.740000,I,,45296.300000,I,,45523.130000,I,
237,'704,Viet Nam,2744,'S2744,Eggs,684,Fat supply quantity (g/capita/day),g/cap/d,0.740000,E,,0.790000,E,,0.830000,E,,0.870000,E,,0.920000,E,,0.970000,E,,1.020000,E,,0.670000,E,,0.740000,E,,0.860000,E,,0.990000,E,,0.850000,E,,0.950000,E,,0.950000,E,
237,'704,Viet Nam,2744,'S2744,Eggs,681,Fat supply quantity (t),t,23656.790000,I,,25441.990000,I,,26977.410000,I,,28654.290000,I,,30744.530000,I,,33016.750000,I,,35133.040000,I,,23176.560000,I,,26043.490000,I,,30495.780000,I,,35310.950000,I,,30757.090000,I,,34627.260000,I,,34850.690000,I,
237,'704,Viet Nam,2948,'S2948,Milk - Excluding Butter,5511,Production,1000 t,338.000000,E,,377.000000,E,,414.000000,E,,487.000000,E,,578.000000,E,,751.000000,E,,823.000000,E,,909.000000,E,,963.000000,E,,1013.000000,E,,1076.000000,E,,1129.000000,E,,1185.000000,E,,1247.000000,E,
237,'704,Viet Nam,2948,'S2948,Milk - Excluding Butter,5611,Import quantity,1000 t,2028.000000,E,,2577.000000,E,,3140.000000,E,,2613.000000,E,,2351.000000,E,,2682.000000,E,,2994.000000,E,,2794.000000,E,,3073.000000,E,,3018.000000,E,,3498.000000,E,,4071.000000,E,,3508.000000,E,,2955.000000,E,
237,'704,Viet Nam,2948,'S2948,Milk - Excluding Butter,5072,Stock Variation,1000 t,-16.000000,E,,66.000000,E,,169.000000,E,,415.000000,E,,218.000000,E,,276.000000,E,,303.000000,E,,287.000000,E,,315.000000,E,,311.000000,E,,279.000000,E,,405.000000,E,,101.000000,E,,104.000000,E,
237,'704,Viet Nam,2948,'S2948,Milk - Excluding Butter,5911,Export quantity,1000 t,29.000000,E,,14.000000,E,,26.000000,E,,16.000000,E,,207.000000,E,,178.000000,E,,167.000000,E,,165.000000,E,,233.000000,E,,294.000000,E,,293.000000,E,,255.000000,E,,274.000000,E,,74.000000,E,
237,'704,Viet Nam,2948,'S2948,Milk - Excluding Butter,5301,Domestic supply quantity,1000 t,2353.000000,E,,2875.000000,E,,3359.000000,E,,2670.000000,E,,2503.000000,E,,2979.000000,E,,3348.000000,E,,3252.000000,E,,3488.000000,E,,3427.000000,E,,4003.000000,E,,4540.000000,E,,4319.000000,E,,4022.000000,E,
237,'704,Viet Nam,2948,'S2948,Milk - Excluding Butter,5521,Feed,1000 t,108.000000,E,,88.000000,E,,123.000000,E,,120.000000,E,,153.000000,E,,208.000000,E,,222.000000,E,,233.000000,E,,244.000000,E,,246.000000,E,,240.000000,E,,284.000000,E,,217.000000,E,,205.000000,E,
237,'704,Viet Nam,2948,'S2948,Milk - Excluding Butter,5123,Losses,1000 t,29.000000,E,,32.000000,E,,35.000000,E,,42.000000,E,,26.000000,E,,34.000000,E,,37.000000,E,,41.000000,E,,44.000000,E,,46.000000,E,,49.000000,E,,51.000000,E,,54.000000,E,,57.000000,E,
237,'704,Viet Nam,2948,'S2948,Milk - Excluding Butter,5131,Processing,1000 t,0.000000,E,,0.000000,E,,0.000000,E,,0.000000,E,,,,,,,,,,,,,,,,,,,,9.000000,E,,10.000000,E,,10.000000,E,,11.000000,E,
237,'704,Viet Nam,2948,'S2948,Milk - Excluding Butter,5154,Other uses (non-food),1000 t,,,,,,,,,,,,,0.000000,E,,0.000000,E,,0.000000,E,,0.000000,E,,0.000000,E,,0.000000,E,,0.000000,E,,0.000000,E,,,,,,,
237,'704,Viet Nam,2948,'S2948,Milk - Excluding Butter,5170,Residuals,1000 t,-499.000000,E,,-764.000000,E,,-970.000000,E,,-767.000000,E,,-1231.000000,E,,-1413.000000,E,,-1642.000000,E,,-1573.000000,E,,-1737.000000,E,,-1579.000000,E,,-1028.000000,E,,-1138.000000,E,,-58.000000,E,,-1.000000,E,
237,'704,Viet Nam,2948,'S2948,Milk - Excluding Butter,5142,Food,1000 t,2716.000000,E,,3518.000000,E,,4171.000000,E,,3275.000000,E,,3555.000000,E,,4150.000000,E,,4731.000000,E,,4551.000000,E,,4937.000000,E,,4714.000000,E,,4732.000000,E,,5333.000000,E,,4095.000000,E,,3751.000000,E,
237,'704,Viet Nam,2948,'S2948,Milk - Excluding Butter,645,Food supply quantity (kg/capita/yr),kg/cap,31.060000,E,,39.770000,E,,46.590000,E,,36.160000,E,,38.770000,E,,44.710000,E,,50.330000,E,,47.810000,E,,51.300000,E,,48.520000,E,,48.250000,E,,53.910000,E,,41.080000,E,,37.380000,E,
237,'704,Viet Nam,2948,'S2948,Milk - Excluding Butter,664,Food supply (kcal/capita/day),kcal/cap/d,22.780000,E,,23.030000,E,,25.270000,E,,24.520000,E,,35.610000,E,,41.630000,E,,43.970000,E,,44.970000,E,,47.340000,E,,47.990000,E,,49.420000,E,,49.620000,E,,37.160000,E,,43.600000,E,
237,'704,Viet Nam,2948,'S2948,Milk - Excluding Butter,661,Food supply (kcal),million Kcal,727292.640000,E,,743672.650000,E,,825552.840000,E,,810696.850000,E,,1191584.290000,E,,1410371.800000,E,,1508613.690000,E,,1562257.750000,E,,1662929.590000,E,,1702098.460000,E,,1769010.400000,E,,1791917.920000,E,,1352168.410000,E,,1596933.630000,E,
237,'704,Viet Nam,2948,'S2948,Milk - Excluding Butter,674,Protein supply quantity (g/capita/day),g/cap/d,1.370000,E,,1.380000,E,,1.490000,E,,1.490000,E,,2.140000,E,,2.380000,E,,2.470000,E,,2.510000,E,,2.620000,E,,2.780000,E,,2.800000,E,,2.840000,E,,2.130000,E,,2.500000,E,
237,'704,Viet Nam,2948,'S2948,Milk - Excluding Butter,671,Protein supply quantity (t),t,43711.240000,E,,44571.620000,E,,48777.770000,E,,49235.300000,E,,71674.050000,E,,80645.570000,E,,84781.880000,E,,87103.740000,E,,92104.920000,E,,98659.230000,E,,100098.120000,E,,102540.060000,E,,77406.260000,E,,91458.600000,E,
237,'704,Viet Nam,2948,'S2948,Milk - Excluding Butter,684,Fat supply quantity (g/capita/day),g/cap/d,0.720000,E,,0.700000,E,,0.750000,E,,0.790000,E,,1.430000,E,,1.740000,E,,1.790000,E,,1.890000,E,,1.970000,E,,1.950000,E,,2.060000,E,,1.970000,E,,1.380000,E,,1.600000,E,
237,'704,Viet Nam,2948,'S2948,Milk - Excluding Butter,681,Fat supply quantity (t),t,23028.100000,E,,22468.890000,E,,24500.990000,E,,26088.000000,E,,47862.030000,E,,58953.290000,E,,61443.520000,E,,65525.900000,E,,69286.200000,E,,69145.890000,E,,73898.430000,E,,71026.370000,E,,50306.960000,E,,58629.330000,E,
237,'704,Viet Nam,2848,'S2848,Milk - Excluding Butter,5511,Production,1000 t,338.000000,I,,377.000000,I,,414.000000,I,,487.000000,I,,578.000000,I,,751.000000,I,,823.000000,I,,909.000000,I,,963.000000,I,,1013.000000,I,,1076.000000,I,,1129.000000,I,,1185.000000,I,,1247.000000,I,
237,'704,Viet Nam,2848,'S2848,Milk - Excluding Butter,5611,Import quantity,1000 t,2028.000000,I,,2577.000000,I,,3140.000000,I,,2613.000000,I,,2351.000000,I,,2682.000000,I,,2994.000000,I,,2794.000000,I,,3073.000000,I,,3018.000000,I,,3498.000000,I,,4071.000000,I,,3508.000000,I,,2955.000000,I,
237,'704,Viet Nam,2848,'S2848,Milk - Excluding Butter,5072,Stock Variation,1000 t,-16.000000,I,,66.000000,I,,169.000000,I,,415.000000,I,,218.000000,I,,276.000000,I,,303.000000,I,,287.000000,I,,315.000000,I,,311.000000,I,,279.000000,I,,405.000000,I,,101.000000,I,,104.000000,I,
237,'704,Viet Nam,2848,'S2848,Milk - Excluding Butter,5911,Export quantity,1000 t,29.000000,I,,14.000000,I,,26.000000,I,,16.000000,I,,207.000000,I,,178.000000,I,,167.000000,I,,165.000000,I,,233.000000,I,,294.000000,I,,293.000000,I,,255.000000,I,,274.000000,I,,74.000000,I,
237,'704,Viet Nam,2848,'S2848,Milk - Excluding Butter,5301,Domestic supply quantity,1000 t,2353.000000,I,,2875.000000,I,,3359.000000,I,,2670.000000,I,,2503.000000,I,,2979.000000,I,,3348.000000,I,,3252.000000,I,,3488.000000,I,,3427.000000,I,,4003.000000,I,,4540.000000,I,,4319.000000,I,,4022.000000,I,
237,'704,Viet Nam,2848,'S2848,Milk - Excluding Butter,5521,Feed,1000 t,108.000000,I,,88.000000,I,,123.000000,I,,120.000000,I,,153.000000,I,,208.000000,I,,222.000000,I,,233.000000,I,,244.000000,I,,246.000000,I,,240.000000,I,,284.000000,I,,217.000000,I,,205.000000,I,
237,'704,Viet Nam,2848,'S2848,Milk - Excluding Butter,5123,Losses,1000 t,29.000000,I,,32.000000,I,,35.000000,I,,42.000000,I,,26.000000,I,,34.000000,I,,37.000000,I,,41.000000,I,,44.000000,I,,46.000000,I,,49.000000,I,,51.000000,I,,54.000000,I,,57.000000,I,
237,'704,Viet Nam,2848,'S2848,Milk - Excluding Butter,5131,Processing,1000 t,0.000000,I,,0.000000,I,,0.000000,I,,0.000000,I,,,,,,,,,,,,,,,,,,,,9.000000,I,,10.000000,I,,10.000000,I,,11.000000,I,
237,'704,Viet Nam,2848,'S2848,Milk - Excluding Butter,5154,Other uses (non-food),1000 t,,,,,,,,,,,,,0.000000,I,,0.000000,I,,0.000000,I,,0.000000,I,,0.000000,I,,0.000000,I,,0.000000,I,,0.000000,I,,,,,,,
237,'704,Viet Nam,2848,'S2848,Milk - Excluding Butter,5170,Residuals,1000 t,-499.000000,I,,-764.000000,I,,-970.000000,I,,-767.000000,I,,-1231.000000,I,,-1413.000000,I,,-1642.000000,I,,-1573.000000,I,,-1737.000000,I,,-1579.000000,I,,-1028.000000,I,,-1138.000000,I,,-58.000000,I,,-1.000000,I,
237,'704,Viet Nam,2848,'S2848,Milk - Excluding Butter,5142,Food,1000 t,2716.000000,I,,3518.000000,I,,4171.000000,I,,3275.000000,I,,3555.000000,I,,4150.000000,I,,4731.000000,I,,4551.000000,I,,4937.000000,I,,4714.000000,I,,4732.000000,I,,5333.000000,I,,4095.000000,I,,3751.000000,I,
237,'704,Viet Nam,2848,'S2848,Milk - Excluding Butter,645,Food supply quantity (kg/capita/yr),kg/cap,31.060000,E,,39.770000,E,,46.590000,E,,36.160000,E,,38.770000,E,,44.710000,E,,50.330000,E,,47.810000,E,,51.300000,E,,48.520000,E,,48.250000,E,,53.910000,E,,41.080000,E,,37.380000,E,
237,'704,Viet Nam,2848,'S2848,Milk - Excluding Butter,664,Food supply (kcal/capita/day),kcal/cap/d,22.780000,E,,23.030000,E,,25.270000,E,,24.520000,E,,35.610000,E,,41.630000,E,,43.970000,E,,44.970000,E,,47.340000,E,,47.990000,E,,49.420000,E,,49.620000,E,,37.160000,E,,43.600000,E,
237,'704,Viet Nam,2848,'S2848,Milk - Excluding Butter,661,Food supply (kcal),million Kcal,727292.640000,I,,743672.650000,I,,825552.840000,I,,810696.850000,I,,1191584.290000,I,,1410371.800000,I,,1508613.690000,I,,1562257.750000,I,,1662929.590000,I,,1702098.460000,I,,1769010.400000,I,,1791917.920000,I,,1352168.410000,I,,1596933.630000,I,
237,'704,Viet Nam,2848,'S2848,Milk - Excluding Butter,674,Protein supply quantity (g/capita/day),g/cap/d,1.370000,E,,1.380000,E,,1.490000,E,,1.490000,E,,2.140000,E,,2.380000,E,,2.470000,E,,2.510000,E,,2.620000,E,,2.780000,E,,2.800000,E,,2.840000,E,,2.130000,E,,2.500000,E,
237,'704,Viet Nam,2848,'S2848,Milk - Excluding Butter,671,Protein supply quantity (t),t,43711.240000,I,,44571.620000,I,,48777.770000,I,,49235.300000,I,,71674.050000,I,,80645.570000,I,,84781.880000,I,,87103.740000,I,,92104.920000,I,,98659.230000,I,,100098.120000,I,,102540.060000,I,,77406.260000,I,,91458.600000,I,
237,'704,Viet Nam,2848,'S2848,Milk - Excluding Butter,684,Fat supply quantity (g/capita/day),g/cap/d,0.720000,E,,0.700000,E,,0.750000,E,,0.790000,E,,1.430000,E,,1.740000,E,,1.790000,E,,1.890000,E,,1.970000,E,,1.950000,E,,2.060000,E,,1.970000,E,,1.380000,E,,1.600000,E,
237,'704,Viet Nam,2848,'S2848,Milk - Excluding Butter,681,Fat supply quantity (t),t,23028.100000,I,,22468.890000,I,,24500.990000,I,,26088.000000,I,,47862.030000,I,,58953.290000,I,,61443.520000,I,,65525.900000,I,,69286.200000,I,,69145.890000,I,,73898.430000,I,,71026.370000,I,,50306.960000,I,,58629.330000,I,
237,'704,Viet Nam,2960,'S2960,"Fish, Seafood",5511,Production,1000 t,4933.000000,E,,5245.000000,E,,5608.000000,E,,5830.000000,E,,6084.000000,E,,6323.000000,E,,6648.000000,E,,7135.000000,E,,7490.000000,E,,7927.000000,E,,8174.000000,E,,8276.000000,E,,8276.000000,E,,8276.000000,E,
237,'704,Viet Nam,2960,'S2960,"Fish, Seafood",5611,Import quantity,1000 t,927.000000,E,,763.000000,E,,738.000000,E,,784.000000,E,,942.000000,E,,971.000000,E,,987.000000,E,,1314.000000,E,,1174.000000,E,,1169.000000,E,,1281.000000,E,,1113.000000,E,,1113.000000,E,,1113.000000,E,
237,'704,Viet Nam,2960,'S2960,"Fish, Seafood",5072,Stock Variation,1000 t,-148.000000,E,,-100.000000,E,,61.000000,E,,-61.000000,E,,0.000000,E,,0.000000,E,,0.000000,E,,0.000000,E,,0.000000,E,,0.000000,E,,0.000000,E,,0.000000,E,,0.000000,E,,0.000000,E,
237,'704,Viet Nam,2960,'S2960,"Fish, Seafood",5911,Export quantity,1000 t,2209.000000,E,,2443.000000,E,,2718.000000,E,,3091.000000,E,,3572.000000,E,,3337.000000,E,,3559.000000,E,,3768.000000,E,,3603.000000,E,,3609.000000,E,,3056.000000,E,,3507.000000,E,,3507.000000,E,,3507.000000,E,
237,'704,Viet Nam,2960,'S2960,"Fish, Seafood",5301,Domestic supply quantity,1000 t,3799.000000,E,,3665.000000,E,,3567.000000,E,,3584.000000,E,,3454.000000,E,,3956.000000,E,,4077.000000,E,,4681.000000,E,,5060.000000,E,,5487.000000,E,,6399.000000,E,,5882.000000,E,,5882.000000,E,,5882.000000,E,
237,'704,Viet Nam,2960,'S2960,"Fish, Seafood",5521,Feed,1000 t,841.000000,E,,709.000000,E,,466.000000,E,,545.000000,E,,625.000000,E,,636.000000,E,,909.000000,E,,1224.000000,E,,1368.000000,E,,1611.000000,E,,2378.000000,E,,1862.000000,E,,1862.000000,E,,1862.000000,E,
237,'704,Viet Nam,2960,'S2960,"Fish, Seafood",5154,Other uses (non-food),1000 t,,,,,,,,,,,,,0.000000,E,,0.000000,E,,0.000000,E,,0.000000,E,,0.000000,E,,0.000000,E,,0.000000,E,,0.000000,E,,0.000000,E,,0.000000,E,
237,'704,Viet Nam,2960,'S2960,"Fish, Seafood",5142,Food,1000 t,2958.000000,E,,2956.000000,E,,3101.000000,E,,3038.000000,E,,2828.000000,E,,3320.000000,E,,3168.000000,E,,3457.000000,E,,3693.000000,E,,3876.000000,E,,4021.000000,E,,4020.000000,E,,4020.000000,E,,4020.000000,E,
237,'704,Viet Nam,2960,'S2960,"Fish, Seafood",645,Food supply quantity (kg/capita/yr),kg/cap,33.830000,E,,33.410000,E,,34.650000,E,,33.550000,E,,30.850000,E,,35.770000,E,,33.700000,E,,36.320000,E,,38.370000,E,,39.890000,E,,40.990000,E,,40.630000,E,,40.330000,E,,40.060000,E,
237,'704,Viet Nam,2960,'S2960,"Fish, Seafood",664,Food supply (kcal/capita/day),kcal/cap/d,60.320000,E,,60.270000,E,,62.250000,E,,60.280000,E,,54.230000,E,,62.710000,E,,57.610000,E,,62.860000,E,,66.360000,E,,70.990000,E,,71.990000,E,,71.830000,E,,71.290000,E,,70.810000,E,
237,'704,Viet Nam,2960,'S2960,"Fish, Seafood",661,Food supply (kcal),million Kcal,1925379.720000,E,,1946116.200000,E,,2033736.610000,E,,1992933.500000,E,,1814675.840000,E,,2124534.320000,E,,1976772.820000,E,,2183882.760000,E,,2331121.390000,E,,2518057.800000,E,,2577289.060000,E,,2593819.300000,E,,2593819.300000,E,,2593819.300000,E,
237,'704,Viet Nam,2960,'S2960,"Fish, Seafood",674,Protein supply quantity (g/capita/day),g/cap/d,9.120000,E,,9.150000,E,,9.550000,E,,9.250000,E,,8.390000,E,,9.790000,E,,9.060000,E,,9.860000,E,,10.340000,E,,11.070000,E,,11.270000,E,,11.280000,E,,11.200000,E,,11.120000,E,
237,'704,Viet Nam,2960,'S2960,"Fish, Seafood",671,Protein supply quantity (t),t,291163.270000,E,,295330.480000,E,,312062.690000,E,,305857.330000,E,,280662.660000,E,,331566.860000,E,,310815.100000,E,,342369.270000,E,,363037.440000,E,,392766.860000,E,,403325.160000,E,,407455.390000,E,,407455.390000,E,,407455.390000,E,
237,'704,Viet Nam,2960,'S2960,"Fish, Seafood",684,Fat supply quantity (g/capita/day),g/cap/d,2.570000,E,,2.560000,E,,2.590000,E,,2.490000,E,,2.190000,E,,2.500000,E,,2.250000,E,,2.470000,E,,2.650000,E,,2.840000,E,,2.850000,E,,2.830000,E,,2.810000,E,,2.790000,E,
237,'704,Viet Nam,2960,'S2960,"Fish, Seafood",681,Fat supply quantity (t),t,82128.840000,E,,82584.840000,E,,84509.210000,E,,82214.570000,E,,73385.630000,E,,84570.850000,E,,77043.680000,E,,85894.000000,E,,93175.610000,E,,100644.120000,E,,101973.730000,E,,102068.450000,E,,102068.450000,E,,102068.450000,E,
237,'704,Viet Nam,2761,'S2761,Freshwater Fish,5511,Production,1000 t,2316.000000,I,,2362.000000,I,,2619.000000,I,,2623.000000,I,,2550.000000,I,,2659.000000,I,,2702.000000,I,,2867.000000,I,,3135.000000,I,,3255.000000,I,,3413.000000,I,,3414.000000,I,,3414.000000,E,,3414.000000,E,
237,'704,Viet Nam,2761,'S2761,Freshwater Fish,5611,Import quantity,1000 t,12.000000,I,,16.000000,I,,33.000000,I,,29.000000,I,,40.000000,I,,42.000000,I,,45.000000,I,,74.000000,I,,52.000000,I,,66.000000,I,,65.000000,I,,56.000000,I,,56.000000,E,,56.000000,E,
237,'704,Viet Nam,2761,'S2761,Freshwater Fish,5072,Stock Variation,1000 t,-100.000000,I,,-100.000000,I,,50.000000,I,,-50.000000,I,,0.000000,I,,0.000000,I,,0.000000,I,,0.000000,I,,0.000000,I,,0.000000,I,,0.000000,I,,0.000000,I,,0.000000,E,,0.000000,E,
237,'704,Viet Nam,2761,'S2761,Freshwater Fish,5911,Export quantity,1000 t,916.000000,I,,1054.000000,I,,1197.000000,I,,1401.000000,I,,1439.000000,I,,1370.000000,I,,1490.000000,I,,1507.000000,I,,1595.000000,I,,1582.000000,I,,1003.000000,I,,1133.000000,I,,1133.000000,E,,1133.000000,E,
237,'704,Viet Nam,2761,'S2761,Freshwater Fish,5301,Domestic supply quantity,1000 t,1512.000000,I,,1424.000000,I,,1405.000000,I,,1301.000000,I,,1151.000000,I,,1330.000000,I,,1257.000000,I,,1434.000000,I,,1592.000000,I,,1739.000000,I,,2474.000000,I,,2337.000000,I,,2337.000000,I,,2337.000000,I,
237,'704,Viet Nam,2761,'S2761,Freshwater Fish,5521,Feed,1000 t,,,,,,,,,,,,,,,,,,,,,,,,,,,,0.000000,I,,750.000000,I,,700.000000,I,,700.000000,E,,700.000000,E,
237,'704,Viet Nam,2761,'S2761,Freshwater Fish,5154,Other uses (non-food),1000 t,,,,,,,,,,,,,0.000000,I,,0.000000,I,,0.000000,I,,0.000000,I,,0.000000,I,,0.000000,I,,0.000000,I,,0.000000,I,,0.000000,E,,0.000000,E,
237,'704,Viet Nam,2761,'S2761,Freshwater Fish,5142,Food,1000 t,1512.000000,I,,1424.000000,I,,1405.000000,I,,1301.000000,I,,1151.000000,I,,1330.000000,I,,1257.000000,I,,1434.000000,I,,1592.000000,I,,1739.000000,I,,1724.000000,I,,1637.000000,I,,1637.000000,E,,1637.000000,E,
237,'704,Viet Nam,2761,'S2761,Freshwater Fish,645,Food supply quantity (kg/capita/yr),kg/cap,17.290000,E,,16.100000,E,,15.690000,E,,14.360000,E,,12.560000,E,,14.330000,E,,13.370000,E,,15.060000,E,,16.540000,E,,17.900000,E,,17.580000,E,,16.550000,E,,16.420000,E,,16.310000,E,
237,'704,Viet Nam,2761,'S2761,Freshwater Fish,664,Food supply (kcal/capita/day),kcal/cap/d,32.130000,E,,29.740000,E,,29.860000,E,,27.190000,E,,23.680000,E,,27.740000,E,,25.510000,E,,29.140000,E,,32.320000,E,,35.460000,E,,35.770000,E,,33.390000,E,,33.140000,E,,32.920000,E,
237,'704,Viet Nam,2761,'S2761,Freshwater Fish,661,Food supply (kcal),million Kcal,1025472.880000,I,,960367.240000,I,,975491.590000,I,,898845.480000,I,,792439.320000,I,,939801.770000,I,,875288.230000,I,,1012428.430000,I,,1135360.410000,I,,1257871.460000,I,,1280654.190000,I,,1205746.540000,I,,1205746.540000,E,,1205746.540000,E,
237,'704,Viet Nam,2761,'S2761,Freshwater Fish,674,Protein supply quantity (g/capita/day),g/cap/d,4.630000,E,,4.280000,E,,4.300000,E,,3.920000,E,,3.410000,E,,4.000000,E,,3.680000,E,,4.200000,E,,4.660000,E,,5.120000,E,,5.170000,E,,4.820000,E,,4.790000,E,,4.750000,E,
237,'704,Viet Nam,2761,'S2761,Freshwater Fish,671,Protein supply quantity (t),t,147700.720000,I,,138284.160000,I,,140604.260000,I,,129539.050000,I,,114196.080000,I,,135534.980000,I,,126176.240000,I,,146021.120000,I,,163785.270000,I,,181527.830000,I,,184965.630000,I,,174101.510000,I,,174101.510000,E,,174101.510000,E,
237,'704,Viet Nam,2761,'S2761,Freshwater Fish,684,Fat supply quantity (g/capita/day),g/cap/d,1.520000,E,,1.410000,E,,1.410000,E,,1.280000,E,,1.120000,E,,1.310000,E,,1.200000,E,,1.370000,E,,1.520000,E,,1.670000,E,,1.680000,E,,1.570000,E,,1.560000,E,,1.550000,E,
237,'704,Viet Nam,2761,'S2761,Freshwater Fish,681,Fat supply quantity (t),t,48437.770000,I,,45383.670000,I,,46023.420000,I,,42418.100000,I,,37404.070000,I,,44303.220000,I,,41291.970000,I,,47728.980000,I,,53498.980000,I,,59236.080000,I,,60230.030000,I,,56729.200000,I,,56729.200000,E,,56729.200000,E,
237,'704,Viet Nam,2762,'S2762,Demersal Fish,5611,Import quantity,1000 t,4.000000,I,,6.000000,I,,13.000000,I,,15.000000,I,,14.000000,I,,18.000000,I,,19.000000,I,,24.000000,I,,30.000000,I,,33.000000,I,,30.000000,I,,27.000000,I,,27.000000,E,,27.000000,E,
237,'704,Viet Nam,2762,'S2762,Demersal Fish,5911,Export quantity,1000 t,0.000000,I,,0.000000,I,,0.000000,I,,0.000000,I,,,,,,,,0.000000,I,,0.000000,I,,0.000000,I,,0.000000,I,,0.000000,I,,,,,,,,,,
237,'704,Viet Nam,2762,'S2762,Demersal Fish,5301,Domestic supply quantity,1000 t,4.000000,I,,6.000000,I,,13.000000,I,,15.000000,I,,14.000000,I,,18.000000,I,,19.000000,I,,24.000000,I,,30.000000,I,,33.000000,I,,30.000000,I,,27.000000,I,,27.000000,I,,27.000000,I,
237,'704,Viet Nam,2762,'S2762,Demersal Fish,5142,Food,1000 t,4.000000,I,,6.000000,I,,13.000000,I,,15.000000,I,,14.000000,I,,18.000000,I,,19.000000,I,,24.000000,I,,30.000000,I,,33.000000,I,,30.000000,I,,27.000000,I,,27.000000,E,,27.000000,E,
237,'704,Viet Nam,2762,'S2762,Demersal Fish,645,Food supply quantity (kg/capita/yr),kg/cap,0.040000,E,,0.070000,E,,0.140000,E,,0.170000,E,,0.150000,E,,0.200000,E,,0.200000,E,,0.250000,E,,0.310000,E,,0.340000,E,,0.300000,E,,0.270000,E,,0.270000,E,,0.260000,E,
237,'704,Viet Nam,2762,'S2762,Demersal Fish,664,Food supply (kcal/capita/day),kcal/cap/d,0.050000,E,,0.080000,E,,0.160000,E,,0.200000,E,,0.180000,E,,0.230000,E,,0.230000,E,,0.290000,E,,0.350000,E,,0.380000,E,,0.340000,E,,0.300000,E,,0.300000,E,,0.300000,E,
237,'704,Viet Nam,2762,'S2762,Demersal Fish,661,Food supply (kcal),million Kcal,1523.670000,I,,2656.660000,I,,5354.280000,I,,6465.530000,I,,5980.830000,I,,7692.500000,I,,7757.010000,I,,9954.750000,I,,12224.960000,I,,13500.250000,I,,12242.480000,I,,10921.630000,I,,10921.630000,E,,10921.630000,E,
237,'704,Viet Nam,2762,'S2762,Demersal Fish,674,Protein supply quantity (g/capita/day),g/cap/d,0.010000,E,,0.020000,E,,0.030000,E,,0.040000,E,,0.030000,E,,0.040000,E,,0.040000,E,,0.050000,E,,0.060000,E,,0.070000,E,,0.060000,E,,0.060000,E,,0.060000,E,,0.060000,E,
237,'704,Viet Nam,2762,'S2762,Demersal Fish,671,Protein supply quantity (t),t,280.830000,I,,489.660000,I,,986.560000,I,,1191.160000,I,,1100.530000,I,,1418.040000,I,,1431.250000,I,,1838.800000,I,,2260.840000,I,,2494.000000,I,,2262.770000,I,,2018.830000,I,,2018.830000,E,,2018.830000,E,
237,'704,Viet Nam,2762,'S2762,Demersal Fish,684,Fat supply quantity (g/capita/day),g/cap/d,0.000000,E,,0.000000,E,,0.000000,E,,0.010000,E,,0.010000,E,,0.010000,E,,0.010000,E,,0.010000,E,,0.010000,E,,0.010000,E,,0.010000,E,,0.010000,E,,0.010000,E,,0.010000,E,
237,'704,Viet Nam,2762,'S2762,Demersal Fish,681,Fat supply quantity (t),t,44.810000,I,,78.140000,I,,157.460000,I,,190.200000,I,,176.020000,I,,225.600000,I,,227.350000,I,,290.720000,I,,355.870000,I,,394.270000,I,,356.980000,I,,316.580000,I,,316.580000,E,,316.580000,E,
237,'704,Viet Nam,2763,'S2763,Pelagic Fish,5511,Production,1000 t,43.000000,I,,298.000000,I,,334.000000,I,,371.000000,I,,395.000000,I,,408.000000,I,,462.000000,I,,458.000000,I,,358.000000,I,,481.000000,I,,410.000000,I,,416.000000,I,,416.000000,E,,416.000000,E,
237,'704,Viet Nam,2763,'S2763,Pelagic Fish,5611,Import quantity,1000 t,66.000000,I,,102.000000,I,,121.000000,I,,114.000000,I,,130.000000,I,,147.000000,I,,188.000000,I,,230.000000,I,,199.000000,I,,247.000000,I,,227.000000,I,,292.000000,I,,292.000000,E,,292.000000,E,
237,'704,Viet Nam,2763,'S2763,Pelagic Fish,5911,Export quantity,1000 t,55.000000,I,,65.000000,I,,72.000000,I,,67.000000,I,,63.000000,I,,125.000000,I,,100.000000,I,,154.000000,I,,115.000000,I,,163.000000,I,,97.000000,I,,155.000000,I,,155.000000,E,,155.000000,E,
237,'704,Viet Nam,2763,'S2763,Pelagic Fish,5301,Domestic supply quantity,1000 t,55.000000,I,,335.000000,I,,382.000000,I,,418.000000,I,,462.000000,I,,431.000000,I,,550.000000,I,,534.000000,I,,442.000000,I,,564.000000,I,,540.000000,I,,553.000000,I,,553.000000,I,,553.000000,I,
237,'704,Viet Nam,2763,'S2763,Pelagic Fish,5521,Feed,1000 t,,,,,,,,,,,,,150.000000,I,,85.000000,I,,330.000000,I,,295.000000,I,,210.000000,I,,310.000000,I,,270.000000,I,,230.000000,I,,230.000000,E,,230.000000,E,
237,'704,Viet Nam,2763,'S2763,Pelagic Fish,5142,Food,1000 t,55.000000,I,,335.000000,I,,382.000000,I,,418.000000,I,,312.000000,I,,346.000000,I,,220.000000,I,,239.000000,I,,232.000000,I,,254.000000,I,,270.000000,I,,323.000000,I,,323.000000,E,,323.000000,E,
237,'704,Viet Nam,2763,'S2763,Pelagic Fish,645,Food supply quantity (kg/capita/yr),kg/cap,0.630000,E,,3.780000,E,,4.270000,E,,4.610000,E,,3.400000,E,,3.730000,E,,2.340000,E,,2.510000,E,,2.410000,E,,2.620000,E,,2.750000,E,,3.270000,E,,3.240000,E,,3.220000,E,
237,'704,Viet Nam,2763,'S2763,Pelagic Fish,664,Food supply (kcal/capita/day),kcal/cap/d,1.250000,E,,7.750000,E,,8.730000,E,,9.420000,E,,6.860000,E,,7.610000,E,,4.610000,E,,5.000000,E,,4.760000,E,,5.140000,E,,5.370000,E,,6.360000,E,,6.320000,E,,6.270000,E,
237,'704,Viet Nam,2763,'S2763,Pelagic Fish,661,Food supply (kcal),million Kcal,40026.390000,I,,250362.570000,I,,285150.690000,I,,311505.930000,I,,229497.560000,I,,257695.940000,I,,158082.490000,I,,173812.610000,I,,167352.290000,I,,182267.900000,I,,192362.960000,I,,229842.550000,I,,229842.550000,E,,229842.550000,E,
237,'704,Viet Nam,2763,'S2763,Pelagic Fish,674,Protein supply quantity (g/capita/day),g/cap/d,0.200000,E,,1.240000,E,,1.390000,E,,1.500000,E,,1.090000,E,,1.210000,E,,0.730000,E,,0.790000,E,,0.750000,E,,0.810000,E,,0.850000,E,,1.010000,E,,1.000000,E,,0.990000,E,
237,'704,Viet Nam,2763,'S2763,Pelagic Fish,671,Protein supply quantity (t),t,6357.090000,I,,39917.270000,I,,45473.040000,I,,49701.840000,I,,36593.800000,I,,41051.490000,I,,25123.400000,I,,27528.590000,I,,26412.090000,I,,28826.540000,I,,30402.730000,I,,36338.290000,I,,36338.290000,E,,36338.290000,E,
237,'704,Viet Nam,2763,'S2763,Pelagic Fish,684,Fat supply quantity (g/capita/day),g/cap/d,0.050000,E,,0.310000,E,,0.350000,E,,0.380000,E,,0.280000,E,,0.310000,E,,0.190000,E,,0.200000,E,,0.200000,E,,0.210000,E,,0.220000,E,,0.260000,E,,0.260000,E,,0.260000,E,
237,'704,Viet Nam,2763,'S2763,Pelagic Fish,681,Fat supply quantity (t),t,1625.470000,I,,10114.000000,I,,11516.160000,I,,12571.440000,I,,9269.670000,I,,10421.940000,I,,6413.640000,I,,7084.400000,I,,6853.050000,I,,7443.350000,I,,7862.360000,I,,9390.110000,I,,9390.110000,E,,9390.110000,E,
237,'704,Viet Nam,2764,'S2764,"Marine Fish, Other",5511,Production,1000 t,1698.000000,I,,1589.000000,I,,1648.000000,I,,1657.000000,I,,1718.000000,I,,1753.000000,I,,1903.000000,I,,2102.000000,I,,2402.000000,I,,2221.000000,I,,2368.000000,I,,2388.000000,I,,2388.000000,E,,2388.000000,E,
237,'704,Viet Nam,2764,'S2764,"Marine Fish, Other",5611,Import quantity,1000 t,824.000000,I,,594.000000,I,,535.000000,I,,576.000000,I,,659.000000,I,,675.000000,I,,651.000000,I,,873.000000,I,,790.000000,I,,713.000000,I,,858.000000,I,,613.000000,I,,613.000000,E,,613.000000,E,
237,'704,Viet Nam,2764,'S2764,"Marine Fish, Other",5072,Stock Variation,1000 t,-44.000000,I,,0.000000,I,,11.000000,I,,-11.000000,I,,0.000000,I,,0.000000,I,,0.000000,I,,0.000000,I,,0.000000,I,,0.000000,I,,0.000000,I,,0.000000,I,,0.000000,E,,0.000000,E,
237,'704,Viet Nam,2764,'S2764,"Marine Fish, Other",5911,Export quantity,1000 t,589.000000,I,,580.000000,I,,886.000000,I,,951.000000,I,,1211.000000,I,,1125.000000,I,,1289.000000,I,,1296.000000,I,,1231.000000,I,,1130.000000,I,,1176.000000,I,,1312.000000,I,,1312.000000,E,,1312.000000,E,
237,'704,Viet Nam,2764,'S2764,"Marine Fish, Other",5301,Domestic supply quantity,1000 t,1977.000000,I,,1603.000000,I,,1286.000000,I,,1293.000000,I,,1166.000000,I,,1304.000000,I,,1264.000000,I,,1679.000000,I,,1961.000000,I,,1804.000000,I,,2050.000000,I,,1689.000000,I,,1689.000000,I,,1689.000000,I,
237,'704,Viet Nam,2764,'S2764,"Marine Fish, Other",5521,Feed,1000 t,841.000000,I,,709.000000,I,,466.000000,I,,545.000000,I,,475.000000,I,,551.000000,I,,579.000000,I,,929.000000,I,,1158.000000,I,,981.000000,I,,1238.000000,I,,822.000000,I,,822.000000,E,,822.000000,E,
237,'704,Viet Nam,2764,'S2764,"Marine Fish, Other",5154,Other uses (non-food),1000 t,,,,,,,,,,,,,,,,0.000000,I,,0.000000,I,,0.000000,I,,0.000000,I,,0.000000,I,,0.000000,I,,0.000000,I,,0.000000,E,,0.000000,E,
237,'704,Viet Nam,2764,'S2764,"Marine Fish, Other",5142,Food,1000 t,1136.000000,I,,894.000000,I,,820.000000,I,,748.000000,I,,691.000000,I,,753.000000,I,,685.000000,I,,750.000000,I,,803.000000,I,,823.000000,I,,812.000000,I,,866.000000,I,,866.000000,E,,866.000000,E,
237,'704,Viet Nam,2764,'S2764,"Marine Fish, Other",645,Food supply quantity (kg/capita/yr),kg/cap,12.990000,E,,10.100000,E,,9.160000,E,,8.250000,E,,7.540000,E,,8.110000,E,,7.290000,E,,7.880000,E,,8.350000,E,,8.470000,E,,8.280000,E,,8.750000,E,,8.690000,E,,8.630000,E,
237,'704,Viet Nam,2764,'S2764,"Marine Fish, Other",664,Food supply (kcal/capita/day),kcal/cap/d,22.480000,E,,17.700000,E,,16.400000,E,,15.420000,E,,14.350000,E,,15.420000,E,,14.220000,E,,15.130000,E,,16.170000,E,,16.310000,E,,15.860000,E,,16.840000,E,,16.710000,E,,16.600000,E,
237,'704,Viet Nam,2764,'S2764,"Marine Fish, Other",661,Food supply (kcal),million Kcal,717666.900000,I,,571492.370000,I,,535762.180000,I,,509637.270000,I,,480334.830000,I,,522601.840000,I,,487947.730000,I,,525758.390000,I,,567951.380000,I,,578579.660000,I,,567857.050000,I,,608147.020000,I,,608147.020000,E,,608147.020000,E,
237,'704,Viet Nam,2764,'S2764,"Marine Fish, Other",674,Protein supply quantity (g/capita/day),g/cap/d,3.410000,E,,2.620000,E,,2.390000,E,,2.190000,E,,2.010000,E,,2.170000,E,,1.970000,E,,2.110000,E,,2.250000,E,,2.280000,E,,2.220000,E,,2.350000,E,,2.330000,E,,2.320000,E,
237,'704,Viet Nam,2764,'S2764,"Marine Fish, Other",671,Protein supply quantity (t),t,108847.870000,I,,84476.200000,I,,78185.400000,I,,72430.400000,I,,67375.610000,I,,73413.200000,I,,67482.310000,I,,73381.470000,I,,78998.080000,I,,80697.160000,I,,79401.080000,I,,84911.420000,I,,84911.420000,E,,84911.420000,E,
237,'704,Viet Nam,2764,'S2764,"Marine Fish, Other",684,Fat supply quantity (g/capita/day),g/cap/d,0.940000,E,,0.760000,E,,0.720000,E,,0.700000,E,,0.660000,E,,0.710000,E,,0.670000,E,,0.700000,E,,0.760000,E,,0.760000,E,,0.740000,E,,0.780000,E,,0.780000,E,,0.770000,E,
237,'704,Viet Nam,2764,'S2764,"Marine Fish, Other",681,Fat supply quantity (t),t,29985.050000,I,,24664.120000,I,,23526.820000,I,,23169.350000,I,,22193.580000,I,,24131.880000,I,,22937.170000,I,,24424.660000,I,,26542.740000,I,,26921.990000,I,,26327.070000,I,,28263.020000,I,,28263.020000,E,,28263.020000,E,
237,'704,Viet Nam,2765,'S2765,Crustaceans,5511,Production,1000 t,503.000000,I,,550.000000,I,,533.000000,I,,644.000000,I,,859.000000,I,,872.000000,I,,910.000000,I,,1002.000000,I,,996.000000,I,,1314.000000,I,,1225.000000,I,,1279.000000,I,,1279.000000,E,,1279.000000,E,
237,'704,Viet Nam,2765,'S2765,Crustaceans,5611,Import quantity,1000 t,13.000000,I,,31.000000,I,,27.000000,I,,38.000000,I,,82.000000,I,,75.000000,I,,61.000000,I,,78.000000,I,,65.000000,I,,55.000000,I,,55.000000,I,,67.000000,I,,67.000000,E,,67.000000,E,
237,'704,Viet Nam,2765,'S2765,Crustaceans,5911,Export quantity,1000 t,432.000000,I,,488.000000,I,,365.000000,I,,507.000000,I,,672.000000,I,,534.000000,I,,503.000000,I,,587.000000,I,,469.000000,I,,523.000000,I,,577.000000,I,,611.000000,I,,611.000000,E,,611.000000,E,
237,'704,Viet Nam,2765,'S2765,Crustaceans,5301,Domestic supply quantity,1000 t,83.000000,I,,93.000000,I,,195.000000,I,,175.000000,I,,269.000000,I,,413.000000,I,,469.000000,I,,492.000000,I,,592.000000,I,,846.000000,I,,703.000000,I,,735.000000,I,,735.000000,I,,735.000000,I,
237,'704,Viet Nam,2765,'S2765,Crustaceans,5521,Feed,1000 t,,,,,,,,,,,,,,,,0.000000,I,,0.000000,I,,0.000000,I,,0.000000,I,,320.000000,I,,120.000000,I,,110.000000,I,,110.000000,E,,110.000000,E,
237,'704,Viet Nam,2765,'S2765,Crustaceans,5142,Food,1000 t,83.000000,I,,93.000000,I,,195.000000,I,,175.000000,I,,269.000000,I,,413.000000,I,,469.000000,I,,492.000000,I,,592.000000,I,,526.000000,I,,583.000000,I,,625.000000,I,,625.000000,E,,625.000000,E,
237,'704,Viet Nam,2765,'S2765,Crustaceans,645,Food supply quantity (kg/capita/yr),kg/cap,0.950000,E,,1.050000,E,,2.180000,E,,1.930000,E,,2.930000,E,,4.450000,E,,4.990000,E,,5.170000,E,,6.150000,E,,5.420000,E,,5.940000,E,,6.320000,E,,6.270000,E,,6.230000,E,
237,'704,Viet Nam,2765,'S2765,Crustaceans,664,Food supply (kcal/capita/day),kcal/cap/d,1.730000,E,,1.770000,E,,3.160000,E,,3.000000,E,,4.090000,E,,5.860000,E,,6.570000,E,,6.900000,E,,7.730000,E,,7.010000,E,,7.390000,E,,8.020000,E,,7.960000,E,,7.900000,E,
237,'704,Viet Nam,2765,'S2765,Crustaceans,661,Food supply (kcal),million Kcal,55278.290000,I,,57129.680000,I,,103324.110000,I,,99205.300000,I,,136698.040000,I,,198421.380000,I,,225490.860000,I,,239615.390000,I,,271489.420000,I,,248704.090000,I,,264551.010000,I,,289483.490000,I,,289483.490000,E,,289483.490000,E,
237,'704,Viet Nam,2765,'S2765,Crustaceans,674,Protein supply quantity (g/capita/day),g/cap/d,0.360000,E,,0.370000,E,,0.670000,E,,0.640000,E,,0.870000,E,,1.250000,E,,1.400000,E,,1.470000,E,,1.660000,E,,1.500000,E,,1.580000,E,,1.710000,E,,1.700000,E,,1.690000,E,
237,'704,Viet Nam,2765,'S2765,Crustaceans,671,Protein supply quantity (t),t,11593.100000,I,,12004.780000,I,,21917.970000,I,,21019.820000,I,,29050.420000,I,,42347.690000,I,,48193.400000,I,,51116.120000,I,,58297.500000,I,,53187.410000,I,,56676.990000,I,,61815.680000,I,,61815.680000,E,,61815.680000,E,
237,'704,Viet Nam,2765,'S2765,Crustaceans,684,Fat supply quantity (g/capita/day),g/cap/d,0.020000,E,,0.020000,E,,0.040000,E,,0.040000,E,,0.050000,E,,0.070000,E,,0.080000,E,,0.080000,E,,0.090000,E,,0.080000,E,,0.080000,E,,0.090000,E,,0.090000,E,,0.090000,E,
237,'704,Viet Nam,2765,'S2765,Crustaceans,681,Fat supply quantity (t),t,712.960000,I,,730.640000,I,,1258.300000,I,,1213.590000,I,,1643.720000,I,,2329.550000,I,,2625.340000,I,,2821.890000,I,,3071.800000,I,,2886.560000,I,,3039.570000,I,,3392.940000,I,,3392.940000,E,,3392.940000,E,
237,'704,Viet Nam,2766,'S2766,Cephalopods,5511,Production,1000 t,226.000000,I,,282.000000,I,,287.000000,I,,300.000000,I,,314.000000,I,,336.000000,I,,339.000000,I,,369.000000,I,,259.000000,I,,360.000000,I,,360.000000,I,,360.000000,I,,360.000000,E,,360.000000,E,
237,'704,Viet Nam,2766,'S2766,Cephalopods,5611,Import quantity,1000 t,5.000000,I,,9.000000,I,,6.000000,I,,8.000000,I,,9.000000,I,,8.000000,I,,13.000000,I,,14.000000,I,,22.000000,I,,33.000000,I,,30.000000,I,,40.000000,I,,40.000000,E,,40.000000,E,
237,'704,Viet Nam,2766,'S2766,Cephalopods,5072,Stock Variation,1000 t,-4.000000,I,,0.000000,I,,0.000000,I,,0.000000,I,,0.000000,I,,0.000000,I,,0.000000,I,,0.000000,I,,0.000000,I,,0.000000,I,,0.000000,I,,0.000000,I,,0.000000,E,,0.000000,E,
237,'704,Viet Nam,2766,'S2766,Cephalopods,5911,Export quantity,1000 t,114.000000,I,,141.000000,I,,122.000000,I,,102.000000,I,,118.000000,I,,107.000000,I,,92.000000,I,,116.000000,I,,98.000000,I,,92.000000,I,,90.000000,I,,92.000000,I,,92.000000,E,,92.000000,E,
237,'704,Viet Nam,2766,'S2766,Cephalopods,5301,Domestic supply quantity,1000 t,121.000000,I,,150.000000,I,,170.000000,I,,206.000000,I,,205.000000,I,,236.000000,I,,260.000000,I,,267.000000,I,,184.000000,I,,301.000000,I,,299.000000,I,,307.000000,I,,307.000000,I,,307.000000,I,
237,'704,Viet Nam,2766,'S2766,Cephalopods,5142,Food,1000 t,121.000000,I,,150.000000,I,,170.000000,I,,206.000000,I,,205.000000,I,,236.000000,I,,260.000000,I,,267.000000,I,,184.000000,I,,301.000000,I,,299.000000,I,,307.000000,I,,307.000000,E,,307.000000,E,
237,'704,Viet Nam,2766,'S2766,Cephalopods,645,Food supply quantity (kg/capita/yr),kg/cap,1.390000,E,,1.690000,E,,1.900000,E,,2.280000,E,,2.240000,E,,2.540000,E,,2.770000,E,,2.800000,E,,1.910000,E,,3.100000,E,,3.050000,E,,3.100000,E,,3.080000,E,,3.060000,E,
237,'704,Viet Nam,2766,'S2766,Cephalopods,664,Food supply (kcal/capita/day),kcal/cap/d,2.400000,E,,2.900000,E,,3.210000,E,,3.850000,E,,3.800000,E,,4.320000,E,,4.730000,E,,4.740000,E,,3.330000,E,,5.370000,E,,5.270000,E,,5.370000,E,,5.330000,E,,5.300000,E,
237,'704,Viet Nam,2766,'S2766,Cephalopods,661,Food supply (kcal),million Kcal,76665.660000,I,,93565.380000,I,,104862.700000,I,,127256.290000,I,,126996.540000,I,,146274.820000,I,,162451.930000,I,,164697.150000,I,,116985.910000,I,,190422.590000,I,,188672.420000,I,,194059.110000,I,,194059.110000,E,,194059.110000,E,
237,'704,Viet Nam,2766,'S2766,Cephalopods,674,Protein supply quantity (g/capita/day),g/cap/d,0.470000,E,,0.570000,E,,0.640000,E,,0.770000,E,,0.760000,E,,0.860000,E,,0.950000,E,,0.950000,E,,0.670000,E,,1.080000,E,,1.060000,E,,1.080000,E,,1.070000,E,,1.070000,E,
237,'704,Viet Nam,2766,'S2766,Cephalopods,671,Protein supply quantity (t),t,14903.970000,I,,18387.250000,I,,20960.940000,I,,25391.090000,I,,25297.980000,I,,29227.360000,I,,32546.860000,I,,32977.460000,I,,23425.500000,I,,38240.580000,I,,37871.270000,I,,39009.740000,I,,39009.740000,E,,39009.740000,E,
237,'704,Viet Nam,2766,'S2766,Cephalopods,684,Fat supply quantity (g/capita/day),g/cap/d,0.040000,E,,0.040000,E,,0.050000,E,,0.060000,E,,0.060000,E,,0.070000,E,,0.070000,E,,0.070000,E,,0.050000,E,,0.080000,E,,0.080000,E,,0.080000,E,,0.080000,E,,0.080000,E,
237,'704,Viet Nam,2766,'S2766,Cephalopods,681,Fat supply quantity (t),t,1158.900000,I,,1419.320000,I,,1599.640000,I,,1940.150000,I,,1935.100000,I,,2230.950000,I,,2479.560000,I,,2513.660000,I,,1785.140000,I,,2908.400000,I,,2881.290000,I,,2964.880000,I,,2964.880000,E,,2964.880000,E,
237,'704,Viet Nam,2767,'S2767,"Molluscs, Other",5511,Production,1000 t,143.000000,I,,159.000000,I,,184.000000,I,,231.000000,I,,243.000000,I,,290.000000,I,,327.000000,I,,332.000000,I,,333.000000,I,,281.000000,I,,385.000000,I,,405.000000,I,,405.000000,E,,405.000000,E,
237,'704,Viet Nam,2767,'S2767,"Molluscs, Other",5611,Import quantity,1000 t,4.000000,I,,5.000000,I,,3.000000,I,,3.000000,I,,7.000000,I,,5.000000,I,,8.000000,I,,21.000000,I,,16.000000,I,,23.000000,I,,16.000000,I,,19.000000,I,,19.000000,E,,19.000000,E,
237,'704,Viet Nam,2767,'S2767,"Molluscs, Other",5911,Export quantity,1000 t,104.000000,I,,114.000000,I,,75.000000,I,,63.000000,I,,68.000000,I,,76.000000,I,,84.000000,I,,107.000000,I,,95.000000,I,,118.000000,I,,108.000000,I,,202.000000,I,,202.000000,E,,202.000000,E,
237,'704,Viet Nam,2767,'S2767,"Molluscs, Other",5301,Domestic supply quantity,1000 t,43.000000,I,,51.000000,I,,113.000000,I,,172.000000,I,,181.000000,I,,219.000000,I,,251.000000,I,,246.000000,I,,254.000000,I,,186.000000,I,,292.000000,I,,222.000000,I,,222.000000,I,,222.000000,I,
237,'704,Viet Nam,2767,'S2767,"Molluscs, Other",5142,Food,1000 t,43.000000,I,,51.000000,I,,113.000000,I,,172.000000,I,,181.000000,I,,219.000000,I,,251.000000,I,,246.000000,I,,254.000000,I,,186.000000,I,,292.000000,I,,222.000000,I,,222.000000,E,,222.000000,E,
237,'704,Viet Nam,2767,'S2767,"Molluscs, Other",645,Food supply quantity (kg/capita/yr),kg/cap,0.490000,E,,0.570000,E,,1.260000,E,,1.890000,E,,1.980000,E,,2.360000,E,,2.670000,E,,2.580000,E,,2.640000,E,,1.920000,E,,2.980000,E,,2.240000,E,,2.230000,E,,2.210000,E,
237,'704,Viet Nam,2767,'S2767,"Molluscs, Other",664,Food supply (kcal/capita/day),kcal/cap/d,0.220000,E,,0.280000,E,,0.680000,E,,1.160000,E,,1.210000,E,,1.470000,E,,1.650000,E,,1.580000,E,,1.620000,E,,1.160000,E,,1.830000,E,,1.370000,E,,1.360000,E,,1.350000,E,
237,'704,Viet Nam,2767,'S2767,"Molluscs, Other",661,Food supply (kcal),million Kcal,7052.360000,I,,8934.420000,I,,22085.820000,I,,38424.410000,I,,40512.050000,I,,49673.800000,I,,56452.970000,I,,54883.940000,I,,56975.460000,I,,40981.560000,I,,65650.250000,I,,49359.150000,I,,49359.150000,E,,49359.150000,E,
237,'704,Viet Nam,2767,'S2767,"Molluscs, Other",674,Protein supply quantity (g/capita/day),g/cap/d,0.040000,E,,0.050000,E,,0.110000,E,,0.190000,E,,0.200000,E,,0.240000,E,,0.270000,E,,0.260000,E,,0.270000,E,,0.190000,E,,0.300000,E,,0.220000,E,,0.220000,E,,0.220000,E,
237,'704,Viet Nam,2767,'S2767,"Molluscs, Other",671,Protein supply quantity (t),t,1159.330000,I,,1467.020000,I,,3613.410000,I,,6284.240000,I,,6629.570000,I,,8126.220000,I,,9237.700000,I,,8989.490000,I,,9333.760000,I,,6712.320000,I,,10743.940000,I,,8077.490000,I,,8077.490000,E,,8077.490000,E,
237,'704,Viet Nam,2767,'S2767,"Molluscs, Other",684,Fat supply quantity (g/capita/day),g/cap/d,0.000000,E,,0.000000,E,,0.010000,E,,0.020000,E,,0.020000,E,,0.030000,E,,0.030000,E,,0.030000,E,,0.030000,E,,0.020000,E,,0.030000,E,,0.020000,E,,0.020000,E,,0.020000,E,
237,'704,Viet Nam,2767,'S2767,"Molluscs, Other",681,Fat supply quantity (t),t,125.100000,I,,158.150000,I,,388.400000,I,,675.280000,I,,712.740000,I,,873.410000,I,,993.090000,I,,967.160000,I,,1004.340000,I,,722.290000,I,,1155.130000,I,,868.420000,I,,868.420000,E,,868.420000,E,
237,'704,Viet Nam,2769,'S2769,"Aquatic Animals, Others",5511,Production,1000 t,3.000000,I,,3.000000,I,,3.000000,I,,4.000000,I,,5.000000,I,,5.000000,I,,6.000000,I,,6.000000,I,,6.000000,I,,13.000000,I,,15.000000,I,,15.000000,I,,15.000000,E,,15.000000,E,
237,'704,Viet Nam,2769,'S2769,"Aquatic Animals, Others",5611,Import quantity,1000 t,0.000000,I,,0.000000,I,,1.000000,I,,1.000000,I,,1.000000,I,,1.000000,I,,2.000000,I,,1.000000,I,,0.000000,I,,0.000000,I,,0.000000,I,,0.000000,I,,0.000000,E,,0.000000,E,
237,'704,Viet Nam,2769,'S2769,"Aquatic Animals, Others",5911,Export quantity,1000 t,0.000000,I,,0.000000,I,,1.000000,I,,1.000000,I,,1.000000,I,,1.000000,I,,1.000000,I,,1.000000,I,,0.000000,I,,1.000000,I,,4.000000,I,,3.000000,I,,3.000000,E,,3.000000,E,
237,'704,Viet Nam,2769,'S2769,"Aquatic Animals, Others",5301,Domestic supply quantity,1000 t,4.000000,I,,3.000000,I,,4.000000,I,,3.000000,I,,5.000000,I,,5.000000,I,,7.000000,I,,6.000000,I,,6.000000,I,,12.000000,I,,11.000000,I,,13.000000,I,,13.000000,I,,13.000000,I,
237,'704,Viet Nam,2769,'S2769,"Aquatic Animals, Others",5142,Food,1000 t,4.000000,I,,3.000000,I,,4.000000,I,,3.000000,I,,5.000000,I,,5.000000,I,,7.000000,I,,6.000000,I,,6.000000,I,,12.000000,I,,11.000000,I,,13.000000,I,,13.000000,E,,13.000000,E,
237,'704,Viet Nam,2769,'S2769,"Aquatic Animals, Others",645,Food supply quantity (kg/capita/yr),kg/cap,0.040000,E,,0.040000,E,,0.040000,E,,0.040000,E,,0.050000,E,,0.050000,E,,0.070000,E,,0.060000,E,,0.060000,E,,0.120000,E,,0.110000,E,,0.130000,E,,0.130000,E,,0.130000,E,
237,'704,Viet Nam,2769,'S2769,"Aquatic Animals, Others",664,Food supply (kcal/capita/day),kcal/cap/d,0.050000,E,,0.050000,E,,0.050000,E,,0.050000,E,,0.070000,E,,0.070000,E,,0.100000,E,,0.080000,E,,0.080000,E,,0.160000,E,,0.150000,E,,0.170000,E,,0.170000,E,,0.170000,E,
237,'704,Viet Nam,2769,'S2769,"Aquatic Animals, Others",661,Food supply (kcal),million Kcal,1693.570000,I,,1607.880000,I,,1705.250000,I,,1593.290000,I,,2216.670000,I,,2372.280000,I,,3301.590000,I,,2732.110000,I,,2781.560000,I,,5730.300000,I,,5298.700000,I,,6259.820000,I,,6259.820000,E,,6259.820000,E,
237,'704,Viet Nam,2769,'S2769,"Aquatic Animals, Others",674,Protein supply quantity (g/capita/day),g/cap/d,0.010000,E,,0.010000,E,,0.010000,E,,0.010000,E,,0.010000,E,,0.010000,E,,0.020000,E,,0.010000,E,,0.010000,E,,0.030000,E,,0.030000,E,,0.030000,E,,0.030000,E,,0.030000,E,
237,'704,Viet Nam,2769,'S2769,"Aquatic Animals, Others",671,Protein supply quantity (t),t,320.350000,I,,304.140000,I,,321.110000,I,,299.730000,I,,418.660000,I,,447.890000,I,,623.940000,I,,516.240000,I,,524.400000,I,,1081.030000,I,,1000.750000,I,,1182.450000,I,,1182.450000,E,,1182.450000,E,
237,'704,Viet Nam,2769,'S2769,"Aquatic Animals, Others",684,Fat supply quantity (g/capita/day),g/cap/d,0.000000,E,,0.000000,E,,0.000000,E,,0.000000,E,,0.000000,E,,0.000000,E,,0.000000,E,,0.000000,E,,0.000000,E,,0.000000,E,,0.000000,E,,0.000000,E,,0.000000,E,,0.000000,E,
237,'704,Viet Nam,2769,'S2769,"Aquatic Animals, Others",681,Fat supply quantity (t),t,38.770000,I,,36.810000,I,,39.010000,I,,36.460000,I,,50.740000,I,,54.310000,I,,75.580000,I,,62.540000,I,,63.670000,I,,131.180000,I,,121.290000,I,,143.290000,I,,143.290000,E,,143.290000,E,
237,'704,Viet Nam,2961,'S2961,"Aquatic Products, Other",5511,Production,1000 t,18.000000,E,,15.000000,E,,20.000000,E,,15.000000,E,,15.000000,E,,13.000000,E,,11.000000,E,,11.000000,E,,19.000000,E,,15.000000,E,,14.000000,E,,13.000000,E,,13.000000,E,,13.000000,E,
237,'704,Viet Nam,2961,'S2961,"Aquatic Products, Other",5611,Import quantity,1000 t,1.000000,E,,0.000000,E,,1.000000,E,,1.000000,E,,1.000000,E,,1.000000,E,,1.000000,E,,1.000000,E,,1.000000,E,,1.000000,E,,1.000000,E,,2.000000,E,,2.000000,E,,2.000000,E,
237,'704,Viet Nam,2961,'S2961,"Aquatic Products, Other",5911,Export quantity,1000 t,1.000000,E,,1.000000,E,,1.000000,E,,0.000000,E,,1.000000,E,,1.000000,E,,1.000000,E,,1.000000,E,,1.000000,E,,3.000000,E,,4.000000,E,,5.000000,E,,5.000000,E,,5.000000,E,
237,'704,Viet Nam,2961,'S2961,"Aquatic Products, Other",5301,Domestic supply quantity,1000 t,18.000000,E,,15.000000,E,,19.000000,E,,15.000000,E,,15.000000,E,,13.000000,E,,11.000000,E,,11.000000,E,,19.000000,E,,12.000000,E,,12.000000,E,,9.000000,E,,9.000000,E,,9.000000,E,
237,'704,Viet Nam,2961,'S2961,"Aquatic Products, Other",5154,Other uses (non-food),1000 t,18.000000,E,,15.000000,E,,19.000000,E,,15.000000,E,,15.000000,E,,13.000000,E,,11.000000,E,,11.000000,E,,19.000000,E,,12.000000,E,,12.000000,E,,9.000000,E,,9.000000,E,,9.000000,E,
237,'704,Viet Nam,2961,'S2961,"Aquatic Products, Other",5142,Food,1000 t,0.000000,E,,0.000000,E,,0.000000,E,,0.000000,E,,0.000000,E,,0.000000,E,,0.000000,E,,0.000000,E,,0.000000,E,,0.000000,E,,0.000000,E,,0.000000,E,,0.000000,E,,0.000000,E,
237,'704,Viet Nam,2961,'S2961,"Aquatic Products, Other",645,Food supply quantity (kg/capita/yr),kg/cap,0.000000,E,,0.000000,E,,0.000000,E,,0.000000,E,,0.000000,E,,0.000000,E,,0.000000,E,,0.000000,E,,0.000000,E,,0.000000,E,,0.000000,E,,0.000000,E,,0.000000,E,,0.000000,E,
237,'704,Viet Nam,2775,'S2775,Aquatic Plants,5511,Production,1000 t,18.000000,I,,15.000000,I,,20.000000,I,,15.000000,I,,15.000000,I,,13.000000,I,,11.000000,I,,11.000000,I,,19.000000,I,,15.000000,I,,14.000000,I,,13.000000,I,,13.000000,E,,13.000000,E,
237,'704,Viet Nam,2775,'S2775,Aquatic Plants,5611,Import quantity,1000 t,1.000000,I,,0.000000,I,,1.000000,I,,1.000000,I,,1.000000,I,,1.000000,I,,1.000000,I,,1.000000,I,,1.000000,I,,1.000000,I,,1.000000,I,,2.000000,I,,2.000000,E,,2.000000,E,
237,'704,Viet Nam,2775,'S2775,Aquatic Plants,5911,Export quantity,1000 t,1.000000,I,,1.000000,I,,1.000000,I,,0.000000,I,,1.000000,I,,1.000000,I,,1.000000,I,,1.000000,I,,1.000000,I,,3.000000,I,,4.000000,I,,5.000000,I,,5.000000,E,,5.000000,E,
237,'704,Viet Nam,2775,'S2775,Aquatic Plants,5301,Domestic supply quantity,1000 t,18.000000,I,,15.000000,I,,19.000000,I,,15.000000,I,,15.000000,I,,13.000000,I,,11.000000,I,,11.000000,I,,19.000000,I,,12.000000,I,,12.000000,I,,9.000000,I,,9.000000,I,,9.000000,I,
237,'704,Viet Nam,2775,'S2775,Aquatic Plants,5154,Other uses (non-food),1000 t,18.000000,I,,15.000000,I,,19.000000,I,,15.000000,I,,15.000000,I,,13.000000,I,,11.000000,I,,11.000000,I,,19.000000,I,,12.000000,I,,12.000000,I,,9.000000,I,,9.000000,E,,9.000000,E,
237,'704,Viet Nam,2775,'S2775,Aquatic Plants,5142,Food,1000 t,0.000000,I,,0.000000,I,,0.000000,I,,0.000000,I,,0.000000,I,,0.000000,I,,0.000000,I,,0.000000,I,,0.000000,I,,0.000000,I,,0.000000,I,,0.000000,I,,0.000000,E,,0.000000,E,
237,'704,Viet Nam,2775,'S2775,Aquatic Plants,645,Food supply quantity (kg/capita/yr),kg/cap,0.000000,E,,0.000000,E,,0.000000,E,,0.000000,E,,0.000000,E,,0.000000,E,,0.000000,E,,0.000000,E,,0.000000,E,,0.000000,E,,0.000000,E,,0.000000,E,,0.000000,E,,0.000000,E,
237,'704,Viet Nam,2928,'S2928,Miscellaneous,5611,Import quantity,1000 t,91.000000,E,,85.000000,E,,91.000000,E,,91.000000,E,,104.000000,E,,119.000000,E,,133.000000,E,,132.000000,E,,124.000000,E,,171.000000,E,,196.000000,E,,220.000000,E,,248.000000,E,,217.000000,E,
237,'704,Viet Nam,2928,'S2928,Miscellaneous,5072,Stock Variation,1000 t,2.000000,E,,0.000000,E,,0.000000,E,,0.000000,E,,0.000000,E,,0.000000,E,,0.000000,E,,0.000000,E,,0.000000,E,,0.000000,E,,0.000000,E,,4.000000,E,,0.000000,E,,0.000000,E,
237,'704,Viet Nam,2928,'S2928,Miscellaneous,5911,Export quantity,1000 t,80.000000,E,,101.000000,E,,100.000000,E,,100.000000,E,,107.000000,E,,122.000000,E,,180.000000,E,,154.000000,E,,137.000000,E,,193.000000,E,,449.000000,E,,482.000000,E,,446.000000,E,,411.000000,E,
237,'704,Viet Nam,2928,'S2928,Miscellaneous,5301,Domestic supply quantity,1000 t,10.000000,E,,-16.000000,E,,-9.000000,E,,-9.000000,E,,-4.000000,E,,-3.000000,E,,-46.000000,E,,-21.000000,E,,-13.000000,E,,-22.000000,E,,-254.000000,E,,-266.000000,E,,-198.000000,E,,-195.000000,E,
237,'704,Viet Nam,2928,'S2928,Miscellaneous,5170,Residuals,1000 t,-1.000000,E,,-27.000000,E,,-20.000000,E,,-20.000000,E,,-34.000000,E,,-37.000000,E,,-48.000000,E,,-36.000000,E,,-42.000000,E,,-54.000000,E,,-276.000000,E,,-287.000000,E,,-217.000000,E,,-210.000000,E,
237,'704,Viet Nam,2928,'S2928,Miscellaneous,5142,Food,1000 t,11.000000,E,,11.000000,E,,11.000000,E,,11.000000,E,,30.000000,E,,34.000000,E,,1.000000,E,,14.000000,E,,29.000000,E,,31.000000,E,,23.000000,E,,21.000000,E,,19.000000,E,,15.000000,E,
237,'704,Viet Nam,2928,'S2928,Miscellaneous,645,Food supply quantity (kg/capita/yr),kg/cap,0.120000,E,,0.120000,E,,0.120000,E,,0.120000,E,,0.330000,E,,0.370000,E,,0.010000,E,,0.150000,E,,0.300000,E,,0.320000,E,,0.230000,E,,0.220000,E,,0.190000,E,,0.150000,E,
237,'704,Viet Nam,2928,'S2928,Miscellaneous,664,Food supply (kcal/capita/day),kcal/cap/d,1.040000,E,,1.010000,E,,1.010000,E,,1.010000,E,,2.790000,E,,3.090000,E,,0.110000,E,,1.280000,E,,2.520000,E,,2.720000,E,,1.950000,E,,1.810000,E,,1.610000,E,,1.240000,E,
237,'704,Viet Nam,2928,'S2928,Miscellaneous,661,Food supply (kcal),million Kcal,33353.770000,E,,32620.390000,E,,32961.950000,E,,33310.890000,E,,93302.180000,E,,104616.340000,E,,3741.150000,E,,44494.420000,E,,88674.580000,E,,96635.980000,E,,69741.530000,E,,65397.950000,E,,58682.020000,E,,45600.290000,E,
237,'704,Viet Nam,2928,'S2928,Miscellaneous,674,Protein supply quantity (g/capita/day),g/cap/d,0.030000,E,,0.030000,E,,0.030000,E,,0.030000,E,,0.080000,E,,0.090000,E,,0.000000,E,,0.040000,E,,0.080000,E,,0.080000,E,,0.060000,E,,0.050000,E,,0.050000,E,,0.040000,E,
237,'704,Viet Nam,2928,'S2928,Miscellaneous,671,Protein supply quantity (t),t,999.530000,E,,977.550000,E,,987.780000,E,,998.240000,E,,2796.030000,E,,3135.080000,E,,112.110000,E,,1333.380000,E,,2657.350000,E,,2895.930000,E,,2089.970000,E,,1959.810000,E,,1758.550000,E,,1366.520000,E,
237,'704,Viet Nam,2928,'S2928,Miscellaneous,684,Fat supply quantity (g/capita/day),g/cap/d,0.040000,E,,0.040000,E,,0.040000,E,,0.040000,E,,0.110000,E,,0.130000,E,,0.000000,E,,0.050000,E,,0.100000,E,,0.110000,E,,0.080000,E,,0.070000,E,,0.070000,E,,0.050000,E,
237,'704,Viet Nam,2928,'S2928,Miscellaneous,681,Fat supply quantity (t),t,1368.920000,E,,1338.820000,E,,1352.840000,E,,1367.160000,E,,3829.340000,E,,4293.700000,E,,153.550000,E,,1826.160000,E,,3639.410000,E,,3966.170000,E,,2862.360000,E,,2684.090000,E,,2408.450000,E,,1871.540000,E,
237,'704,Viet Nam,2680,'S2680,Infant food,5611,Import quantity,1000 t,13.000000,I,,11.000000,I,,11.000000,I,,11.000000,I,,31.000000,I,,35.000000,I,,36.000000,I,,37.000000,I,,29.000000,I,,32.000000,I,,23.000000,I,,27.000000,I,,19.000000,I,,15.000000,I,
237,'704,Viet Nam,2680,'S2680,Infant food,5072,Stock Variation,1000 t,2.000000,I,,0.000000,I,,0.000000,I,,0.000000,I,,0.000000,I,,0.000000,I,,0.000000,I,,0.000000,I,,0.000000,I,,0.000000,I,,0.000000,I,,4.000000,I,,0.000000,I,,0.000000,I,
237,'704,Viet Nam,2680,'S2680,Infant food,5911,Export quantity,1000 t,,,,,,,,,,,,,1.000000,I,,0.000000,I,,35.000000,I,,23.000000,I,,0.000000,I,,0.000000,I,,0.000000,I,,1.000000,I,,0.000000,I,,0.000000,I,
237,'704,Viet Nam,2680,'S2680,Infant food,5301,Domestic supply quantity,1000 t,11.000000,I,,11.000000,I,,11.000000,I,,11.000000,I,,30.000000,I,,34.000000,I,,1.000000,I,,14.000000,I,,29.000000,I,,31.000000,I,,23.000000,I,,21.000000,I,,19.000000,I,,15.000000,I,
237,'704,Viet Nam,2680,'S2680,Infant food,5170,Residuals,1000 t,0.000000,I,,0.000000,I,,0.000000,I,,0.000000,I,,0.000000,I,,0.000000,I,,0.000000,I,,0.000000,I,,0.000000,I,,0.000000,I,,0.000000,I,,0.000000,I,,0.000000,I,,0.000000,I,
237,'704,Viet Nam,2680,'S2680,Infant food,5142,Food,1000 t,11.000000,I,,11.000000,I,,11.000000,I,,11.000000,I,,30.000000,I,,34.000000,I,,1.000000,I,,14.000000,I,,29.000000,I,,31.000000,I,,23.000000,I,,21.000000,I,,19.000000,I,,15.000000,I,
237,'704,Viet Nam,2680,'S2680,Infant food,645,Food supply quantity (kg/capita/yr),kg/cap,0.120000,E,,0.120000,E,,0.120000,E,,0.120000,E,,0.330000,E,,0.370000,E,,0.010000,E,,0.150000,E,,0.300000,E,,0.320000,E,,0.230000,E,,0.220000,E,,0.190000,E,,0.150000,E,
237,'704,Viet Nam,2680,'S2680,Infant food,664,Food supply (kcal/capita/day),kcal/cap/d,1.040000,E,,1.010000,E,,1.010000,E,,1.010000,E,,2.790000,E,,3.090000,E,,0.110000,E,,1.280000,E,,2.520000,E,,2.720000,E,,1.950000,E,,1.810000,E,,1.610000,E,,1.240000,E,
237,'704,Viet Nam,2680,'S2680,Infant food,661,Food supply (kcal),million Kcal,33353.770000,I,,32620.390000,I,,32961.950000,I,,33310.890000,I,,93302.180000,I,,104616.340000,I,,3741.150000,I,,44494.420000,I,,88674.580000,I,,96635.980000,I,,69741.530000,I,,65397.950000,I,,58682.020000,I,,45600.290000,I,
237,'704,Viet Nam,2680,'S2680,Infant food,674,Protein supply quantity (g/capita/day),g/cap/d,0.030000,E,,0.030000,E,,0.030000,E,,0.030000,E,,0.080000,E,,0.090000,E,,0.000000,E,,0.040000,E,,0.080000,E,,0.080000,E,,0.060000,E,,0.050000,E,,0.050000,E,,0.040000,E,
237,'704,Viet Nam,2680,'S2680,Infant food,671,Protein supply quantity (t),t,999.530000,I,,977.550000,I,,987.780000,I,,998.240000,I,,2796.030000,I,,3135.080000,I,,112.110000,I,,1333.380000,I,,2657.350000,I,,2895.930000,I,,2089.970000,I,,1959.810000,I,,1758.550000,I,,1366.520000,I,
237,'704,Viet Nam,2680,'S2680,Infant food,684,Fat supply quantity (g/capita/day),g/cap/d,0.040000,E,,0.040000,E,,0.040000,E,,0.040000,E,,0.110000,E,,0.130000,E,,0.000000,E,,0.050000,E,,0.100000,E,,0.110000,E,,0.080000,E,,0.070000,E,,0.070000,E,,0.050000,E,
237,'704,Viet Nam,2680,'S2680,Infant food,681,Fat supply quantity (t),t,1368.920000,I,,1338.820000,I,,1352.840000,I,,1367.160000,I,,3829.340000,I,,4293.700000,I,,153.550000,I,,1826.160000,I,,3639.410000,I,,3966.170000,I,,2862.360000,I,,2684.090000,I,,2408.450000,I,,1871.540000,I,
237,'704,Viet Nam,2899,'S2899,Miscellaneous,5611,Import quantity,1000 t,78.000000,I,,74.000000,I,,80.000000,I,,80.000000,I,,72.000000,I,,85.000000,I,,97.000000,I,,95.000000,I,,95.000000,I,,139.000000,I,,172.000000,I,,193.000000,I,,228.000000,I,,202.000000,I,
237,'704,Viet Nam,2899,'S2899,Miscellaneous,5072,Stock Variation,1000 t,0.000000,I,,0.000000,I,,0.000000,I,,0.000000,I,,0.000000,I,,0.000000,I,,0.000000,I,,0.000000,I,,0.000000,I,,0.000000,I,,0.000000,I,,0.000000,I,,0.000000,I,,0.000000,I,
237,'704,Viet Nam,2899,'S2899,Miscellaneous,5911,Export quantity,1000 t,80.000000,I,,101.000000,I,,100.000000,I,,100.000000,I,,107.000000,I,,122.000000,I,,145.000000,I,,131.000000,I,,137.000000,I,,193.000000,I,,449.000000,I,,481.000000,I,,445.000000,I,,411.000000,I,
237,'704,Viet Nam,2899,'S2899,Miscellaneous,5301,Domestic supply quantity,1000 t,-1.000000,I,,-27.000000,I,,-20.000000,I,,-20.000000,I,,-34.000000,I,,-37.000000,I,,-48.000000,I,,-36.000000,I,,-42.000000,I,,-54.000000,I,,-276.000000,I,,-287.000000,I,,-217.000000,I,,-210.000000,I,
237,'704,Viet Nam,2899,'S2899,Miscellaneous,5170,Residuals,1000 t,-1.000000,I,,-27.000000,I,,-20.000000,I,,-20.000000,I,,-34.000000,I,,-37.000000,I,,-48.000000,I,,-36.000000,I,,-42.000000,I,,-54.000000,I,,-276.000000,I,,-287.000000,I,,-217.000000,I,,-210.000000,I,
