STRUCTURE,STRUCTURE_ID,ACTION,REF_AREA,FREQ,COMMODITY,MEASURE,UNIT_MEASURE,VERSION_ID,TIME_PERIOD,OBS_VALUE,OBS_STATUS,UNIT_MULT,DECIMALS,CONVENTION
DATAFLOW,OECD.TAD.ATM:DSD_AGR@DF_OUTLOOK_2026_2035(1.1),I,VNM,A,CPC_EX_222121,QP,T,AO_2026_2035,2015,9E-05,A,3,2,_Z
DATAFLOW,OECD.TAD.ATM:DSD_AGR@DF_OUTLOOK_2026_2035(1.1),I,VNM,A,CPC_EX_222121,QP,T,AO_2026_2035,2016,9E-05,A,3,2,_Z
DATAFLOW,OECD.TAD.ATM:DSD_AGR@DF_OUTLOOK_2026_2035(1.1),I,VNM,A,CPC_EX_222121,QP,T,AO_2026_2035,2017,9E-05,A,3,2,_Z
DATAFLOW,OECD.TAD.ATM:DSD_AGR@DF_OUTLOOK_2026_2035(1.1),I,VNM,A,CPC_EX_222121,QP,T,AO_2026_2035,2018,9E-05,A,3,2,_Z
DATAFLOW,OECD.TAD.ATM:DSD_AGR@DF_OUTLOOK_2026_2035(1.1),I,VNM,A,CPC_EX_222121,QP,T,AO_2026_2035,2019,9E-05,A,3,2,_Z
DATAFLOW,OECD.TAD.ATM:DSD_AGR@DF_OUTLOOK_2026_2035(1.1),I,VNM,A,CPC_EX_222121,QP,T,AO_2026_2035,2020,9E-05,A,3,2,_Z
DATAFLOW,OECD.TAD.ATM:DSD_AGR@DF_OUTLOOK_2026_2035(1.1),I,VNM,A,CPC_EX_222121,QP,T,AO_2026_2035,2021,9E-05,A,3,2,_Z
DATAFLOW,OECD.TAD.ATM:DSD_AGR@DF_OUTLOOK_2026_2035(1.1),I,VNM,A,CPC_EX_222121,QP,T,AO_2026_2035,2022,9E-05,A,3,2,_Z
DATAFLOW,OECD.TAD.ATM:DSD_AGR@DF_OUTLOOK_2026_2035(1.1),I,VNM,A,CPC_EX_222121,QP,T,AO_2026_2035,2023,9E-05,A,3,2,_Z
DATAFLOW,OECD.TAD.ATM:DSD_AGR@DF_OUTLOOK_2026_2035(1.1),I,VNM,A,CPC_EX_222121,QP,T,AO_2026_2035,2024,9E-05,A,3,2,_Z
DATAFLOW,OECD.TAD.ATM:DSD_AGR@DF_OUTLOOK_2026_2035(1.1),I,VNM,A,CPC_EX_222121,QP,T,AO_2026_2035,2025,9E-05,A,3,2,_Z
DATAFLOW,OECD.TAD.ATM:DSD_AGR@DF_OUTLOOK_2026_2035(1.1),I,VNM,A,CPC_22211,QP,T,AO_2026_2035,2015,9E-05,A,3,2,_Z
DATAFLOW,OECD.TAD.ATM:DSD_AGR@DF_OUTLOOK_2026_2035(1.1),I,VNM,A,CPC_22211,QP,T,AO_2026_2035,2016,9E-05,A,3,2,_Z
DATAFLOW,OECD.TAD.ATM:DSD_AGR@DF_OUTLOOK_2026_2035(1.1),I,VNM,A,CPC_22211,QP,T,AO_2026_2035,2017,9E-05,A,3,2,_Z
DATAFLOW,OECD.TAD.ATM:DSD_AGR@DF_OUTLOOK_2026_2035(1.1),I,VNM,A,CPC_22211,QP,T,AO_2026_2035,2018,9E-05,A,3,2,_Z
DATAFLOW,OECD.TAD.ATM:DSD_AGR@DF_OUTLOOK_2026_2035(1.1),I,VNM,A,CPC_22211,QP,T,AO_2026_2035,2019,9E-05,A,3,2,_Z
DATAFLOW,OECD.TAD.ATM:DSD_AGR@DF_OUTLOOK_2026_2035(1.1),I,VNM,A,CPC_22211,QP,T,AO_2026_2035,2020,9E-05,A,3,2,_Z
DATAFLOW,OECD.TAD.ATM:DSD_AGR@DF_OUTLOOK_2026_2035(1.1),I,VNM,A,CPC_22211,QP,T,AO_2026_2035,2021,9E-05,A,3,2,_Z
DATAFLOW,OECD.TAD.ATM:DSD_AGR@DF_OUTLOOK_2026_2035(1.1),I,VNM,A,CPC_22211,QP,T,AO_2026_2035,2022,9E-05,A,3,2,_Z
DATAFLOW,OECD.TAD.ATM:DSD_AGR@DF_OUTLOOK_2026_2035(1.1),I,VNM,A,CPC_22211,QP,T,AO_2026_2035,2023,9E-05,A,3,2,_Z
DATAFLOW,OECD.TAD.ATM:DSD_AGR@DF_OUTLOOK_2026_2035(1.1),I,VNM,A,CPC_22211,QP,T,AO_2026_2035,2024,9E-05,A,3,2,_Z
DATAFLOW,OECD.TAD.ATM:DSD_AGR@DF_OUTLOOK_2026_2035(1.1),I,VNM,A,CPC_22211,QP,T,AO_2026_2035,2025,9E-05,A,3,2,_Z
DATAFLOW,OECD.TAD.ATM:DSD_AGR@DF_OUTLOOK_2026_2035(1.1),I,VNM,A,CPC_2225,QP,T,AO_2026_2035,2015,9E-05,A,3,2,_Z
DATAFLOW,OECD.TAD.ATM:DSD_AGR@DF_OUTLOOK_2026_2035(1.1),I,VNM,A,CPC_2225,QP,T,AO_2026_2035,2016,9E-05,A,3,2,_Z
DATAFLOW,OECD.TAD.ATM:DSD_AGR@DF_OUTLOOK_2026_2035(1.1),I,VNM,A,CPC_2225,QP,T,AO_2026_2035,2017,9E-05,A,3,2,_Z
DATAFLOW,OECD.TAD.ATM:DSD_AGR@DF_OUTLOOK_2026_2035(1.1),I,VNM,A,CPC_2225,QP,T,AO_2026_2035,2018,9E-05,A,3,2,_Z
DATAFLOW,OECD.TAD.ATM:DSD_AGR@DF_OUTLOOK_2026_2035(1.1),I,VNM,A,CPC_2225,QP,T,AO_2026_2035,2019,9E-05,A,3,2,_Z
DATAFLOW,OECD.TAD.ATM:DSD_AGR@DF_OUTLOOK_2026_2035(1.1),I,VNM,A,CPC_2225,QP,T,AO_2026_2035,2020,9E-05,A,3,2,_Z
DATAFLOW,OECD.TAD.ATM:DSD_AGR@DF_OUTLOOK_2026_2035(1.1),I,VNM,A,CPC_2225,QP,T,AO_2026_2035,2021,9E-05,A,3,2,_Z
DATAFLOW,OECD.TAD.ATM:DSD_AGR@DF_OUTLOOK_2026_2035(1.1),I,VNM,A,CPC_2225,QP,T,AO_2026_2035,2022,9E-05,A,3,2,_Z
DATAFLOW,OECD.TAD.ATM:DSD_AGR@DF_OUTLOOK_2026_2035(1.1),I,VNM,A,CPC_2225,QP,T,AO_2026_2035,2023,9E-05,A,3,2,_Z
DATAFLOW,OECD.TAD.ATM:DSD_AGR@DF_OUTLOOK_2026_2035(1.1),I,VNM,A,CPC_2225,QP,T,AO_2026_2035,2024,9E-05,A,3,2,_Z
DATAFLOW,OECD.TAD.ATM:DSD_AGR@DF_OUTLOOK_2026_2035(1.1),I,VNM,A,CPC_2225,QP,T,AO_2026_2035,2025,9E-05,A,3,2,_Z
DATAFLOW,OECD.TAD.ATM:DSD_AGR@DF_OUTLOOK_2026_2035(1.1),I,VNM,A,CPC_2224,QP,T,AO_2026_2035,2015,9E-05,A,3,2,_Z
DATAFLOW,OECD.TAD.ATM:DSD_AGR@DF_OUTLOOK_2026_2035(1.1),I,VNM,A,CPC_2224,QP,T,AO_2026_2035,2016,9E-05,A,3,2,_Z
DATAFLOW,OECD.TAD.ATM:DSD_AGR@DF_OUTLOOK_2026_2035(1.1),I,VNM,A,CPC_2224,QP,T,AO_2026_2035,2017,9E-05,A,3,2,_Z
DATAFLOW,OECD.TAD.ATM:DSD_AGR@DF_OUTLOOK_2026_2035(1.1),I,VNM,A,CPC_2224,QP,T,AO_2026_2035,2018,9E-05,A,3,2,_Z
DATAFLOW,OECD.TAD.ATM:DSD_AGR@DF_OUTLOOK_2026_2035(1.1),I,VNM,A,CPC_2224,QP,T,AO_2026_2035,2019,9E-05,A,3,2,_Z
DATAFLOW,OECD.TAD.ATM:DSD_AGR@DF_OUTLOOK_2026_2035(1.1),I,VNM,A,CPC_0111,QP,T,AO_2026_2035,2015,9E-05,A,3,2,_Z
DATAFLOW,OECD.TAD.ATM:DSD_AGR@DF_OUTLOOK_2026_2035(1.1),I,VNM,A,CPC_0111,QP,T,AO_2026_2035,2016,9E-05,A,3,2,_Z
DATAFLOW,OECD.TAD.ATM:DSD_AGR@DF_OUTLOOK_2026_2035(1.1),I,VNM,A,CPC_0111,QP,T,AO_2026_2035,2017,9E-05,A,3,2,_Z
DATAFLOW,OECD.TAD.ATM:DSD_AGR@DF_OUTLOOK_2026_2035(1.1),I,VNM,A,CPC_0111,QP,T,AO_2026_2035,2018,9E-05,A,3,2,_Z
DATAFLOW,OECD.TAD.ATM:DSD_AGR@DF_OUTLOOK_2026_2035(1.1),I,VNM,A,CPC_0111,QP,T,AO_2026_2035,2019,9E-05,A,3,2,_Z
DATAFLOW,OECD.TAD.ATM:DSD_AGR@DF_OUTLOOK_2026_2035(1.1),I,VNM,A,CPC_0111,QP,T,AO_2026_2035,2020,9E-05,A,3,2,_Z
DATAFLOW,OECD.TAD.ATM:DSD_AGR@DF_OUTLOOK_2026_2035(1.1),I,VNM,A,CPC_0111,QP,T,AO_2026_2035,2021,9E-05,A,3,2,_Z
DATAFLOW,OECD.TAD.ATM:DSD_AGR@DF_OUTLOOK_2026_2035(1.1),I,VNM,A,CPC_0111,QP,T,AO_2026_2035,2022,9E-05,A,3,2,_Z
DATAFLOW,OECD.TAD.ATM:DSD_AGR@DF_OUTLOOK_2026_2035(1.1),I,VNM,A,CPC_0111,QP,T,AO_2026_2035,2023,9E-05,A,3,2,_Z
DATAFLOW,OECD.TAD.ATM:DSD_AGR@DF_OUTLOOK_2026_2035(1.1),I,VNM,A,CPC_0111,QP,T,AO_2026_2035,2024,9E-05,A,3,2,_Z
DATAFLOW,OECD.TAD.ATM:DSD_AGR@DF_OUTLOOK_2026_2035(1.1),I,VNM,A,CPC_0111,QP,T,AO_2026_2035,2025,9E-05,A,3,2,_Z
DATAFLOW,OECD.TAD.ATM:DSD_AGR@DF_OUTLOOK_2026_2035(1.1),I,VNM,A,CPC_017,FO,T,AO_2026_2035,2015,210.572864593712,A,3,2,_Z
DATAFLOW,OECD.TAD.ATM:DSD_AGR@DF_OUTLOOK_2026_2035(1.1),I,VNM,A,CPC_017,FO,T,AO_2026_2035,2016,205.212828040417,A,3,2,_Z
DATAFLOW,OECD.TAD.ATM:DSD_AGR@DF_OUTLOOK_2026_2035(1.1),I,VNM,A,CPC_017,FO,T,AO_2026_2035,2017,218.230059669847,A,3,2,_Z
DATAFLOW,OECD.TAD.ATM:DSD_AGR@DF_OUTLOOK_2026_2035(1.1),I,VNM,A,CPC_017,FO,T,AO_2026_2035,2018,238.474147971396,A,3,2,_Z
DATAFLOW,OECD.TAD.ATM:DSD_AGR@DF_OUTLOOK_2026_2035(1.1),I,VNM,A,CPC_017,FO,T,AO_2026_2035,2019,248.084729020114,A,3,2,_Z
DATAFLOW,OECD.TAD.ATM:DSD_AGR@DF_OUTLOOK_2026_2035(1.1),I,VNM,A,CPC_017,FO,T,AO_2026_2035,2020,245.347440227072,A,3,2,_Z
DATAFLOW,OECD.TAD.ATM:DSD_AGR@DF_OUTLOOK_2026_2035(1.1),I,VNM,A,CPC_017,FO,T,AO_2026_2035,2021,282.696171776683,A,3,2,_Z
DATAFLOW,OECD.TAD.ATM:DSD_AGR@DF_OUTLOOK_2026_2035(1.1),I,VNM,A,CPC_017,FO,T,AO_2026_2035,2022,309.350681075853,A,3,2,_Z
DATAFLOW,OECD.TAD.ATM:DSD_AGR@DF_OUTLOOK_2026_2035(1.1),I,VNM,A,CPC_017,FO,T,AO_2026_2035,2023,322.883476835907,A,3,2,_Z
DATAFLOW,OECD.TAD.ATM:DSD_AGR@DF_OUTLOOK_2026_2035(1.1),I,VNM,A,CPC_017,FO,T,AO_2026_2035,2024,331.250258993599,A,3,2,_Z
DATAFLOW,OECD.TAD.ATM:DSD_AGR@DF_OUTLOOK_2026_2035(1.1),I,VNM,A,CPC_017,FO,T,AO_2026_2035,2025,341.187766763407,A,3,2,_Z
DATAFLOW,OECD.TAD.ATM:DSD_AGR@DF_OUTLOOK_2026_2035(1.1),I,VNM,A,CPC_017,FO,T,AO_2026_2035,2026,344.317570889701,A,3,2,_Z
DATAFLOW,OECD.TAD.ATM:DSD_AGR@DF_OUTLOOK_2026_2035(1.1),I,VNM,A,CPC_017,FO,T,AO_2026_2035,2027,346.701129634644,A,3,2,_Z
DATAFLOW,OECD.TAD.ATM:DSD_AGR@DF_OUTLOOK_2026_2035(1.1),I,VNM,A,CPC_017,FO,T,AO_2026_2035,2028,349.725316228788,A,3,2,_Z
DATAFLOW,OECD.TAD.ATM:DSD_AGR@DF_OUTLOOK_2026_2035(1.1),I,VNM,A,CPC_017,FO,T,AO_2026_2035,2029,351.869181204024,A,3,2,_Z
DATAFLOW,OECD.TAD.ATM:DSD_AGR@DF_OUTLOOK_2026_2035(1.1),I,VNM,A,CPC_017,FO,T,AO_2026_2035,2030,353.877618837055,A,3,2,_Z
DATAFLOW,OECD.TAD.ATM:DSD_AGR@DF_OUTLOOK_2026_2035(1.1),I,VNM,A,CPC_017,FO,T,AO_2026_2035,2031,353.920649513242,A,3,2,_Z
DATAFLOW,OECD.TAD.ATM:DSD_AGR@DF_OUTLOOK_2026_2035(1.1),I,VNM,A,CPC_017,FO,T,AO_2026_2035,2032,351.627532999113,A,3,2,_Z
DATAFLOW,OECD.TAD.ATM:DSD_AGR@DF_OUTLOOK_2026_2035(1.1),I,VNM,A,CPC_017,FO,T,AO_2026_2035,2033,352.934997894308,A,3,2,_Z
DATAFLOW,OECD.TAD.ATM:DSD_AGR@DF_OUTLOOK_2026_2035(1.1),I,VNM,A,CPC_017,FO,T,AO_2026_2035,2034,353.682717373526,A,3,2,_Z
DATAFLOW,OECD.TAD.ATM:DSD_AGR@DF_OUTLOOK_2026_2035(1.1),I,VNM,A,CPC_017,FO,T,AO_2026_2035,2035,353.999950051258,A,3,2,_Z
DATAFLOW,OECD.TAD.ATM:DSD_AGR@DF_OUTLOOK_2026_2035(1.1),I,VNM,A,CPC_0111,FO,T,AO_2026_2035,2015,1433.32724267237,A,3,2,_Z
DATAFLOW,OECD.TAD.ATM:DSD_AGR@DF_OUTLOOK_2026_2035(1.1),I,VNM,A,CPC_0111,FO,T,AO_2026_2035,2016,1519.7572635315,A,3,2,_Z
DATAFLOW,OECD.TAD.ATM:DSD_AGR@DF_OUTLOOK_2026_2035(1.1),I,VNM,A,CPC_0111,FO,T,AO_2026_2035,2017,1561.0622467434,A,3,2,_Z
DATAFLOW,OECD.TAD.ATM:DSD_AGR@DF_OUTLOOK_2026_2035(1.1),I,VNM,A,CPC_0111,FO,T,AO_2026_2035,2018,1557.03300443065,A,3,2,_Z
DATAFLOW,OECD.TAD.ATM:DSD_AGR@DF_OUTLOOK_2026_2035(1.1),I,VNM,A,CPC_0111,FO,T,AO_2026_2035,2019,1603.05554697304,A,3,2,_Z
DATAFLOW,OECD.TAD.ATM:DSD_AGR@DF_OUTLOOK_2026_2035(1.1),I,VNM,A,CPC_0111,FO,T,AO_2026_2035,2020,1652.38178214809,A,3,2,_Z
DATAFLOW,OECD.TAD.ATM:DSD_AGR@DF_OUTLOOK_2026_2035(1.1),I,VNM,A,CPC_0111,FO,T,AO_2026_2035,2021,1716.93458765349,A,3,2,_Z
DATAFLOW,OECD.TAD.ATM:DSD_AGR@DF_OUTLOOK_2026_2035(1.1),I,VNM,A,CPC_0111,FO,T,AO_2026_2035,2022,1789.57075360469,A,3,2,_Z
DATAFLOW,OECD.TAD.ATM:DSD_AGR@DF_OUTLOOK_2026_2035(1.1),I,VNM,A,CPC_0111,FO,T,AO_2026_2035,2023,1839.63666022909,A,3,2,_Z
DATAFLOW,OECD.TAD.ATM:DSD_AGR@DF_OUTLOOK_2026_2035(1.1),I,VNM,A,CPC_0111,FO,T,AO_2026_2035,2024,1621.69371309042,A,3,2,_Z
DATAFLOW,OECD.TAD.ATM:DSD_AGR@DF_OUTLOOK_2026_2035(1.1),I,VNM,A,CPC_0111,FO,T,AO_2026_2035,2025,1834.24146036492,A,3,2,_Z
DATAFLOW,OECD.TAD.ATM:DSD_AGR@DF_OUTLOOK_2026_2035(1.1),I,VNM,A,CPC_0111,FO,T,AO_2026_2035,2026,1884.90221364882,A,3,2,_Z
DATAFLOW,OECD.TAD.ATM:DSD_AGR@DF_OUTLOOK_2026_2035(1.1),I,VNM,A,CPC_0111,FO,T,AO_2026_2035,2027,1883.40609282964,A,3,2,_Z
DATAFLOW,OECD.TAD.ATM:DSD_AGR@DF_OUTLOOK_2026_2035(1.1),I,VNM,A,CPC_0111,FO,T,AO_2026_2035,2028,1896.56333010319,A,3,2,_Z
DATAFLOW,OECD.TAD.ATM:DSD_AGR@DF_OUTLOOK_2026_2035(1.1),I,VNM,A,CPC_0111,FO,T,AO_2026_2035,2029,1902.64761251711,A,3,2,_Z
DATAFLOW,OECD.TAD.ATM:DSD_AGR@DF_OUTLOOK_2026_2035(1.1),I,VNM,A,CPC_0111,FO,T,AO_2026_2035,2030,1906.87390854751,A,3,2,_Z
DATAFLOW,OECD.TAD.ATM:DSD_AGR@DF_OUTLOOK_2026_2035(1.1),I,VNM,A,CPC_0111,FO,T,AO_2026_2035,2031,1899.98164355322,A,3,2,_Z
DATAFLOW,OECD.TAD.ATM:DSD_AGR@DF_OUTLOOK_2026_2035(1.1),I,VNM,A,CPC_0111,FO,T,AO_2026_2035,2032,1878.88099788669,A,3,2,_Z
DATAFLOW,OECD.TAD.ATM:DSD_AGR@DF_OUTLOOK_2026_2035(1.1),I,VNM,A,CPC_0111,FO,T,AO_2026_2035,2033,1877.48502578038,A,3,2,_Z
DATAFLOW,OECD.TAD.ATM:DSD_AGR@DF_OUTLOOK_2026_2035(1.1),I,VNM,A,CPC_0111,FO,T,AO_2026_2035,2034,1871.47937766194,A,3,2,_Z
DATAFLOW,OECD.TAD.ATM:DSD_AGR@DF_OUTLOOK_2026_2035(1.1),I,VNM,A,CPC_0111,FO,T,AO_2026_2035,2035,1861.96164493435,A,3,2,_Z
DATAFLOW,OECD.TAD.ATM:DSD_AGR@DF_OUTLOOK_2026_2035(1.1),I,VNM,A,CPC_22211,FO,T,AO_2026_2035,2015,30.3337272121181,A,3,2,_Z
DATAFLOW,OECD.TAD.ATM:DSD_AGR@DF_OUTLOOK_2026_2035(1.1),I,VNM,A,CPC_22211,FO,T,AO_2026_2035,2016,19.5641217598961,A,3,2,_Z
DATAFLOW,OECD.TAD.ATM:DSD_AGR@DF_OUTLOOK_2026_2035(1.1),I,VNM,A,CPC_22211,FO,T,AO_2026_2035,2017,27.5489167214103,A,3,2,_Z
DATAFLOW,OECD.TAD.ATM:DSD_AGR@DF_OUTLOOK_2026_2035(1.1),I,VNM,A,CPC_22211,FO,T,AO_2026_2035,2018,24.1614583177813,A,3,2,_Z
DATAFLOW,OECD.TAD.ATM:DSD_AGR@DF_OUTLOOK_2026_2035(1.1),I,VNM,A,CPC_22211,FO,T,AO_2026_2035,2019,17.6597390004084,A,3,2,_Z
DATAFLOW,OECD.TAD.ATM:DSD_AGR@DF_OUTLOOK_2026_2035(1.1),I,VNM,A,CPC_22211,FO,T,AO_2026_2035,2020,30.7446548160504,A,3,2,_Z
DATAFLOW,OECD.TAD.ATM:DSD_AGR@DF_OUTLOOK_2026_2035(1.1),I,VNM,A,CPC_22211,FO,T,AO_2026_2035,2021,29.5204830403177,A,3,2,_Z
DATAFLOW,OECD.TAD.ATM:DSD_AGR@DF_OUTLOOK_2026_2035(1.1),I,VNM,A,CPC_22211,FO,T,AO_2026_2035,2022,27.3689257192711,A,3,2,_Z
DATAFLOW,OECD.TAD.ATM:DSD_AGR@DF_OUTLOOK_2026_2035(1.1),I,VNM,A,CPC_22211,FO,T,AO_2026_2035,2023,0.5075491026509991,A,3,2,_Z
DATAFLOW,OECD.TAD.ATM:DSD_AGR@DF_OUTLOOK_2026_2035(1.1),I,VNM,A,CPC_22211,FO,T,AO_2026_2035,2024,0.50849911127996,A,3,2,_Z
DATAFLOW,OECD.TAD.ATM:DSD_AGR@DF_OUTLOOK_2026_2035(1.1),I,VNM,A,CPC_22211,FO,T,AO_2026_2035,2025,0.5104628018811871,A,3,2,_Z
DATAFLOW,OECD.TAD.ATM:DSD_AGR@DF_OUTLOOK_2026_2035(1.1),I,VNM,A,CPC_22211,FO,T,AO_2026_2035,2026,0.537551319118472,A,3,2,_Z
DATAFLOW,OECD.TAD.ATM:DSD_AGR@DF_OUTLOOK_2026_2035(1.1),I,VNM,A,CPC_22211,FO,T,AO_2026_2035,2027,0.565952310095127,A,3,2,_Z
DATAFLOW,OECD.TAD.ATM:DSD_AGR@DF_OUTLOOK_2026_2035(1.1),I,VNM,A,CPC_22211,FO,T,AO_2026_2035,2028,0.593561610095388,A,3,2,_Z
DATAFLOW,OECD.TAD.ATM:DSD_AGR@DF_OUTLOOK_2026_2035(1.1),I,VNM,A,CPC_22211,FO,T,AO_2026_2035,2029,0.622953574047128,A,3,2,_Z
DATAFLOW,OECD.TAD.ATM:DSD_AGR@DF_OUTLOOK_2026_2035(1.1),I,VNM,A,CPC_22211,FO,T,AO_2026_2035,2030,0.652333160624924,A,3,2,_Z
DATAFLOW,OECD.TAD.ATM:DSD_AGR@DF_OUTLOOK_2026_2035(1.1),I,VNM,A,CPC_22211,FO,T,AO_2026_2035,2031,0.6793396244812191,A,3,2,_Z
DATAFLOW,OECD.TAD.ATM:DSD_AGR@DF_OUTLOOK_2026_2035(1.1),I,VNM,A,CPC_22211,FO,T,AO_2026_2035,2032,0.704778138855073,A,3,2,_Z
DATAFLOW,OECD.TAD.ATM:DSD_AGR@DF_OUTLOOK_2026_2035(1.1),I,VNM,A,CPC_22211,FO,T,AO_2026_2035,2033,0.728992799637912,A,3,2,_Z
DATAFLOW,OECD.TAD.ATM:DSD_AGR@DF_OUTLOOK_2026_2035(1.1),I,VNM,A,CPC_22211,FO,T,AO_2026_2035,2034,0.753007035219327,A,3,2,_Z
DATAFLOW,OECD.TAD.ATM:DSD_AGR@DF_OUTLOOK_2026_2035(1.1),I,VNM,A,CPC_22211,FO,T,AO_2026_2035,2035,0.776442443581399,A,3,2,_Z
DATAFLOW,OECD.TAD.ATM:DSD_AGR@DF_OUTLOOK_2026_2035(1.1),I,VNM,A,CPC_2225,FO,T,AO_2026_2035,2015,4.31519048992535,A,3,2,_Z
DATAFLOW,OECD.TAD.ATM:DSD_AGR@DF_OUTLOOK_2026_2035(1.1),I,VNM,A,CPC_2225,FO,T,AO_2026_2035,2016,5.44519135668533,A,3,2,_Z
DATAFLOW,OECD.TAD.ATM:DSD_AGR@DF_OUTLOOK_2026_2035(1.1),I,VNM,A,CPC_2225,FO,T,AO_2026_2035,2017,7.98328385142224,A,3,2,_Z
DATAFLOW,OECD.TAD.ATM:DSD_AGR@DF_OUTLOOK_2026_2035(1.1),I,VNM,A,CPC_2225,FO,T,AO_2026_2035,2018,7.744193090648889,A,3,2,_Z
DATAFLOW,OECD.TAD.ATM:DSD_AGR@DF_OUTLOOK_2026_2035(1.1),I,VNM,A,CPC_2225,FO,T,AO_2026_2035,2019,9.26988768278156,A,3,2,_Z
DATAFLOW,OECD.TAD.ATM:DSD_AGR@DF_OUTLOOK_2026_2035(1.1),I,VNM,A,CPC_2225,FO,T,AO_2026_2035,2020,8.47795636329773,A,3,2,_Z
DATAFLOW,OECD.TAD.ATM:DSD_AGR@DF_OUTLOOK_2026_2035(1.1),I,VNM,A,CPC_2225,FO,T,AO_2026_2035,2021,8.0864551429144,A,3,2,_Z
DATAFLOW,OECD.TAD.ATM:DSD_AGR@DF_OUTLOOK_2026_2035(1.1),I,VNM,A,CPC_2225,FO,T,AO_2026_2035,2022,9.936168685261329,A,3,2,_Z
DATAFLOW,OECD.TAD.ATM:DSD_AGR@DF_OUTLOOK_2026_2035(1.1),I,VNM,A,CPC_2225,FO,T,AO_2026_2035,2023,12.4096040623938,A,3,2,_Z
DATAFLOW,OECD.TAD.ATM:DSD_AGR@DF_OUTLOOK_2026_2035(1.1),I,VNM,A,CPC_2225,FO,T,AO_2026_2035,2024,6.36619613136867,A,3,2,_Z
DATAFLOW,OECD.TAD.ATM:DSD_AGR@DF_OUTLOOK_2026_2035(1.1),I,VNM,A,CPC_2225,FO,T,AO_2026_2035,2025,9.90585655511611,A,3,2,_Z
DATAFLOW,OECD.TAD.ATM:DSD_AGR@DF_OUTLOOK_2026_2035(1.1),I,VNM,A,CPC_2225,FO,T,AO_2026_2035,2026,10.4315265256907,A,3,2,_Z
DATAFLOW,OECD.TAD.ATM:DSD_AGR@DF_OUTLOOK_2026_2035(1.1),I,VNM,A,CPC_2225,FO,T,AO_2026_2035,2027,10.9826658870725,A,3,2,_Z
DATAFLOW,OECD.TAD.ATM:DSD_AGR@DF_OUTLOOK_2026_2035(1.1),I,VNM,A,CPC_2225,FO,T,AO_2026_2035,2028,11.5184419796338,A,3,2,_Z
DATAFLOW,OECD.TAD.ATM:DSD_AGR@DF_OUTLOOK_2026_2035(1.1),I,VNM,A,CPC_2225,FO,T,AO_2026_2035,2029,12.0888118042443,A,3,2,_Z
DATAFLOW,OECD.TAD.ATM:DSD_AGR@DF_OUTLOOK_2026_2035(1.1),I,VNM,A,CPC_2225,FO,T,AO_2026_2035,2030,12.6589414380115,A,3,2,_Z
DATAFLOW,OECD.TAD.ATM:DSD_AGR@DF_OUTLOOK_2026_2035(1.1),I,VNM,A,CPC_2225,FO,T,AO_2026_2035,2031,13.1830191103425,A,3,2,_Z
DATAFLOW,OECD.TAD.ATM:DSD_AGR@DF_OUTLOOK_2026_2035(1.1),I,VNM,A,CPC_2225,FO,T,AO_2026_2035,2032,13.6766697219719,A,3,2,_Z
DATAFLOW,OECD.TAD.ATM:DSD_AGR@DF_OUTLOOK_2026_2035(1.1),I,VNM,A,CPC_2225,FO,T,AO_2026_2035,2033,14.1465706733471,A,3,2,_Z
DATAFLOW,OECD.TAD.ATM:DSD_AGR@DF_OUTLOOK_2026_2035(1.1),I,VNM,A,CPC_2225,FO,T,AO_2026_2035,2034,14.6125822457353,A,3,2,_Z
DATAFLOW,OECD.TAD.ATM:DSD_AGR@DF_OUTLOOK_2026_2035(1.1),I,VNM,A,CPC_2225,FO,T,AO_2026_2035,2035,15.0673613064029,A,3,2,_Z
DATAFLOW,OECD.TAD.ATM:DSD_AGR@DF_OUTLOOK_2026_2035(1.1),I,VNM,A,CPC_EX_222121,FO,T,AO_2026_2035,2015,62.0330485083127,A,3,2,_Z
DATAFLOW,OECD.TAD.ATM:DSD_AGR@DF_OUTLOOK_2026_2035(1.1),I,VNM,A,CPC_EX_222121,FO,T,AO_2026_2035,2016,64.0074272139103,A,3,2,_Z
DATAFLOW,OECD.TAD.ATM:DSD_AGR@DF_OUTLOOK_2026_2035(1.1),I,VNM,A,CPC_EX_222121,FO,T,AO_2026_2035,2017,66.2593590388504,A,3,2,_Z
DATAFLOW,OECD.TAD.ATM:DSD_AGR@DF_OUTLOOK_2026_2035(1.1),I,VNM,A,CPC_EX_222121,FO,T,AO_2026_2035,2018,71.4717089892942,A,3,2,_Z
DATAFLOW,OECD.TAD.ATM:DSD_AGR@DF_OUTLOOK_2026_2035(1.1),I,VNM,A,CPC_EX_222121,FO,T,AO_2026_2035,2019,92.7293756532103,A,3,2,_Z
DATAFLOW,OECD.TAD.ATM:DSD_AGR@DF_OUTLOOK_2026_2035(1.1),I,VNM,A,CPC_EX_222121,FO,T,AO_2026_2035,2020,82.7991496050161,A,3,2,_Z
DATAFLOW,OECD.TAD.ATM:DSD_AGR@DF_OUTLOOK_2026_2035(1.1),I,VNM,A,CPC_EX_222121,FO,T,AO_2026_2035,2021,89.6495464408609,A,3,2,_Z
DATAFLOW,OECD.TAD.ATM:DSD_AGR@DF_OUTLOOK_2026_2035(1.1),I,VNM,A,CPC_EX_222121,FO,T,AO_2026_2035,2022,75.463724555108,A,3,2,_Z
DATAFLOW,OECD.TAD.ATM:DSD_AGR@DF_OUTLOOK_2026_2035(1.1),I,VNM,A,CPC_EX_222121,FO,T,AO_2026_2035,2023,89.2319367978761,A,3,2,_Z
DATAFLOW,OECD.TAD.ATM:DSD_AGR@DF_OUTLOOK_2026_2035(1.1),I,VNM,A,CPC_EX_222121,FO,T,AO_2026_2035,2024,73.714296067372,A,3,2,_Z
DATAFLOW,OECD.TAD.ATM:DSD_AGR@DF_OUTLOOK_2026_2035(1.1),I,VNM,A,CPC_EX_222121,FO,T,AO_2026_2035,2025,89.04199903578899,A,3,2,_Z
DATAFLOW,OECD.TAD.ATM:DSD_AGR@DF_OUTLOOK_2026_2035(1.1),I,VNM,A,CPC_EX_222121,FO,T,AO_2026_2035,2026,92.3448247497847,A,3,2,_Z
DATAFLOW,OECD.TAD.ATM:DSD_AGR@DF_OUTLOOK_2026_2035(1.1),I,VNM,A,CPC_EX_222121,FO,T,AO_2026_2035,2027,95.6523689769166,A,3,2,_Z
DATAFLOW,OECD.TAD.ATM:DSD_AGR@DF_OUTLOOK_2026_2035(1.1),I,VNM,A,CPC_EX_222121,FO,T,AO_2026_2035,2028,98.96925797620031,A,3,2,_Z
DATAFLOW,OECD.TAD.ATM:DSD_AGR@DF_OUTLOOK_2026_2035(1.1),I,VNM,A,CPC_EX_222121,FO,T,AO_2026_2035,2029,102.292541453801,A,3,2,_Z
DATAFLOW,OECD.TAD.ATM:DSD_AGR@DF_OUTLOOK_2026_2035(1.1),I,VNM,A,CPC_EX_222121,FO,T,AO_2026_2035,2030,105.631605390533,A,3,2,_Z
DATAFLOW,OECD.TAD.ATM:DSD_AGR@DF_OUTLOOK_2026_2035(1.1),I,VNM,A,CPC_EX_222121,FO,T,AO_2026_2035,2031,108.986513654115,A,3,2,_Z
DATAFLOW,OECD.TAD.ATM:DSD_AGR@DF_OUTLOOK_2026_2035(1.1),I,VNM,A,CPC_EX_222121,FO,T,AO_2026_2035,2032,112.350208976795,A,3,2,_Z
DATAFLOW,OECD.TAD.ATM:DSD_AGR@DF_OUTLOOK_2026_2035(1.1),I,VNM,A,CPC_EX_222121,FO,T,AO_2026_2035,2033,115.723461601124,A,3,2,_Z
DATAFLOW,OECD.TAD.ATM:DSD_AGR@DF_OUTLOOK_2026_2035(1.1),I,VNM,A,CPC_EX_222121,FO,T,AO_2026_2035,2034,119.109429441365,A,3,2,_Z
DATAFLOW,OECD.TAD.ATM:DSD_AGR@DF_OUTLOOK_2026_2035(1.1),I,VNM,A,CPC_EX_222121,FO,T,AO_2026_2035,2035,122.510277387111,A,3,2,_Z
DATAFLOW,OECD.TAD.ATM:DSD_AGR@DF_OUTLOOK_2026_2035(1.1),I,VNM,A,CPC_2224,FO,T,AO_2026_2035,2015,7.38400785253329,A,3,2,_Z
DATAFLOW,OECD.TAD.ATM:DSD_AGR@DF_OUTLOOK_2026_2035(1.1),I,VNM,A,CPC_2224,FO,T,AO_2026_2035,2016,11.1324607907288,A,3,2,_Z
DATAFLOW,OECD.TAD.ATM:DSD_AGR@DF_OUTLOOK_2026_2035(1.1),I,VNM,A,CPC_2224,FO,T,AO_2026_2035,2017,12.4670479433806,A,3,2,_Z
DATAFLOW,OECD.TAD.ATM:DSD_AGR@DF_OUTLOOK_2026_2035(1.1),I,VNM,A,CPC_2224,FO,T,AO_2026_2035,2018,12.3615473094094,A,3,2,_Z
DATAFLOW,OECD.TAD.ATM:DSD_AGR@DF_OUTLOOK_2026_2035(1.1),I,VNM,A,CPC_2224,FO,T,AO_2026_2035,2019,14.5419481935795,A,3,2,_Z
DATAFLOW,OECD.TAD.ATM:DSD_AGR@DF_OUTLOOK_2026_2035(1.1),I,VNM,A,CPC_2224,FO,T,AO_2026_2035,2020,10.7293764759504,A,3,2,_Z
DATAFLOW,OECD.TAD.ATM:DSD_AGR@DF_OUTLOOK_2026_2035(1.1),I,VNM,A,CPC_2224,FO,T,AO_2026_2035,2021,11.2029509777498,A,3,2,_Z
DATAFLOW,OECD.TAD.ATM:DSD_AGR@DF_OUTLOOK_2026_2035(1.1),I,VNM,A,CPC_2224,FO,T,AO_2026_2035,2022,5.726967767658169,A,3,2,_Z
DATAFLOW,OECD.TAD.ATM:DSD_AGR@DF_OUTLOOK_2026_2035(1.1),I,VNM,A,CPC_2224,FO,T,AO_2026_2035,2023,7.741155466747939,A,3,2,_Z
DATAFLOW,OECD.TAD.ATM:DSD_AGR@DF_OUTLOOK_2026_2035(1.1),I,VNM,A,CPC_2224,FO,T,AO_2026_2035,2024,4.31061785187019,A,3,2,_Z
DATAFLOW,OECD.TAD.ATM:DSD_AGR@DF_OUTLOOK_2026_2035(1.1),I,VNM,A,CPC_2224,FO,T,AO_2026_2035,2025,7.744737731201501,A,3,2,_Z
DATAFLOW,OECD.TAD.ATM:DSD_AGR@DF_OUTLOOK_2026_2035(1.1),I,VNM,A,CPC_2224,FO,T,AO_2026_2035,2026,8.00440153724265,A,3,2,_Z
DATAFLOW,OECD.TAD.ATM:DSD_AGR@DF_OUTLOOK_2026_2035(1.1),I,VNM,A,CPC_2224,FO,T,AO_2026_2035,2027,8.26931463028236,A,3,2,_Z
DATAFLOW,OECD.TAD.ATM:DSD_AGR@DF_OUTLOOK_2026_2035(1.1),I,VNM,A,CPC_2224,FO,T,AO_2026_2035,2028,8.52149936302074,A,3,2,_Z
DATAFLOW,OECD.TAD.ATM:DSD_AGR@DF_OUTLOOK_2026_2035(1.1),I,VNM,A,CPC_2224,FO,T,AO_2026_2035,2029,8.78270091222879,A,3,2,_Z
DATAFLOW,OECD.TAD.ATM:DSD_AGR@DF_OUTLOOK_2026_2035(1.1),I,VNM,A,CPC_2224,FO,T,AO_2026_2035,2030,9.038136778987129,A,3,2,_Z
DATAFLOW,OECD.TAD.ATM:DSD_AGR@DF_OUTLOOK_2026_2035(1.1),I,VNM,A,CPC_2224,FO,T,AO_2026_2035,2031,9.269631698898449,A,3,2,_Z
DATAFLOW,OECD.TAD.ATM:DSD_AGR@DF_OUTLOOK_2026_2035(1.1),I,VNM,A,CPC_2224,FO,T,AO_2026_2035,2032,9.48449803631507,A,3,2,_Z
DATAFLOW,OECD.TAD.ATM:DSD_AGR@DF_OUTLOOK_2026_2035(1.1),I,VNM,A,CPC_2224,FO,T,AO_2026_2035,2033,9.68621115264544,A,3,2,_Z
DATAFLOW,OECD.TAD.ATM:DSD_AGR@DF_OUTLOOK_2026_2035(1.1),I,VNM,A,CPC_2224,FO,T,AO_2026_2035,2034,9.88307575924706,A,3,2,_Z
DATAFLOW,OECD.TAD.ATM:DSD_AGR@DF_OUTLOOK_2026_2035(1.1),I,VNM,A,CPC_2224,FO,T,AO_2026_2035,2035,10.072594385509,A,3,2,_Z
DATAFLOW,OECD.TAD.ATM:DSD_AGR@DF_OUTLOOK_2026_2035(1.1),I,VNM,A,CPC_2222T2223,FO,T,AO_2026_2035,2015,631.935411129064,A,3,2,_Z
DATAFLOW,OECD.TAD.ATM:DSD_AGR@DF_OUTLOOK_2026_2035(1.1),I,VNM,A,CPC_2222T2223,FO,T,AO_2026_2035,2016,695.096638413038,A,3,2,_Z
DATAFLOW,OECD.TAD.ATM:DSD_AGR@DF_OUTLOOK_2026_2035(1.1),I,VNM,A,CPC_2222T2223,FO,T,AO_2026_2035,2017,771.8766151075581,A,3,2,_Z
DATAFLOW,OECD.TAD.ATM:DSD_AGR@DF_OUTLOOK_2026_2035(1.1),I,VNM,A,CPC_2222T2223,FO,T,AO_2026_2035,2018,822.120253103117,A,3,2,_Z
DATAFLOW,OECD.TAD.ATM:DSD_AGR@DF_OUTLOOK_2026_2035(1.1),I,VNM,A,CPC_2222T2223,FO,T,AO_2026_2035,2019,873.4911209064,A,3,2,_Z
DATAFLOW,OECD.TAD.ATM:DSD_AGR@DF_OUTLOOK_2026_2035(1.1),I,VNM,A,CPC_2222T2223,FO,T,AO_2026_2035,2020,920.061290565213,A,3,2,_Z
DATAFLOW,OECD.TAD.ATM:DSD_AGR@DF_OUTLOOK_2026_2035(1.1),I,VNM,A,CPC_2222T2223,FO,T,AO_2026_2035,2021,944.8262392632461,A,3,2,_Z
DATAFLOW,OECD.TAD.ATM:DSD_AGR@DF_OUTLOOK_2026_2035(1.1),I,VNM,A,CPC_2222T2223,FO,T,AO_2026_2035,2022,996.662796589812,A,3,2,_Z
DATAFLOW,OECD.TAD.ATM:DSD_AGR@DF_OUTLOOK_2026_2035(1.1),I,VNM,A,CPC_2222T2223,FO,T,AO_2026_2035,2023,1053.49587953153,A,3,2,_Z
DATAFLOW,OECD.TAD.ATM:DSD_AGR@DF_OUTLOOK_2026_2035(1.1),I,VNM,A,CPC_2222T2223,FO,T,AO_2026_2035,2024,1105.91486115501,A,3,2,_Z
DATAFLOW,OECD.TAD.ATM:DSD_AGR@DF_OUTLOOK_2026_2035(1.1),I,VNM,A,CPC_2222T2223,FO,T,AO_2026_2035,2025,1143.77646417742,A,3,2,_Z
DATAFLOW,OECD.TAD.ATM:DSD_AGR@DF_OUTLOOK_2026_2035(1.1),I,VNM,A,CPC_2222T2223,FO,T,AO_2026_2035,2026,1189.7329469857,A,3,2,_Z
DATAFLOW,OECD.TAD.ATM:DSD_AGR@DF_OUTLOOK_2026_2035(1.1),I,VNM,A,CPC_2222T2223,FO,T,AO_2026_2035,2027,1238.59211184323,A,3,2,_Z
DATAFLOW,OECD.TAD.ATM:DSD_AGR@DF_OUTLOOK_2026_2035(1.1),I,VNM,A,CPC_2222T2223,FO,T,AO_2026_2035,2028,1291.28111427423,A,3,2,_Z
DATAFLOW,OECD.TAD.ATM:DSD_AGR@DF_OUTLOOK_2026_2035(1.1),I,VNM,A,CPC_2222T2223,FO,T,AO_2026_2035,2029,1347.13113259558,A,3,2,_Z
DATAFLOW,OECD.TAD.ATM:DSD_AGR@DF_OUTLOOK_2026_2035(1.1),I,VNM,A,CPC_2222T2223,FO,T,AO_2026_2035,2030,1406.17669797666,A,3,2,_Z
DATAFLOW,OECD.TAD.ATM:DSD_AGR@DF_OUTLOOK_2026_2035(1.1),I,VNM,A,CPC_2222T2223,FO,T,AO_2026_2035,2031,1468.28265399242,A,3,2,_Z
DATAFLOW,OECD.TAD.ATM:DSD_AGR@DF_OUTLOOK_2026_2035(1.1),I,VNM,A,CPC_2222T2223,FO,T,AO_2026_2035,2032,1529.28109459645,A,3,2,_Z
DATAFLOW,OECD.TAD.ATM:DSD_AGR@DF_OUTLOOK_2026_2035(1.1),I,VNM,A,CPC_2222T2223,FO,T,AO_2026_2035,2033,1590.82482001349,A,3,2,_Z
DATAFLOW,OECD.TAD.ATM:DSD_AGR@DF_OUTLOOK_2026_2035(1.1),I,VNM,A,CPC_2222T2223,FO,T,AO_2026_2035,2034,1652.31543605614,A,3,2,_Z
DATAFLOW,OECD.TAD.ATM:DSD_AGR@DF_OUTLOOK_2026_2035(1.1),I,VNM,A,CPC_2222T2223,FO,T,AO_2026_2035,2035,1713.71401607754,A,3,2,_Z
DATAFLOW,OECD.TAD.ATM:DSD_AGR@DF_OUTLOOK_2026_2035(1.1),I,VNM,A,CPC_223,FO,T,AO_2026_2035,2015,371.798634384946,A,3,2,_Z
DATAFLOW,OECD.TAD.ATM:DSD_AGR@DF_OUTLOOK_2026_2035(1.1),I,VNM,A,CPC_223,FO,T,AO_2026_2035,2016,396.049108883133,A,3,2,_Z
DATAFLOW,OECD.TAD.ATM:DSD_AGR@DF_OUTLOOK_2026_2035(1.1),I,VNM,A,CPC_223,FO,T,AO_2026_2035,2017,261.483377207303,A,3,2,_Z
DATAFLOW,OECD.TAD.ATM:DSD_AGR@DF_OUTLOOK_2026_2035(1.1),I,VNM,A,CPC_223,FO,T,AO_2026_2035,2018,294.61625012621,A,3,2,_Z
DATAFLOW,OECD.TAD.ATM:DSD_AGR@DF_OUTLOOK_2026_2035(1.1),I,VNM,A,CPC_223,FO,T,AO_2026_2035,2019,344.821060402429,A,3,2,_Z
DATAFLOW,OECD.TAD.ATM:DSD_AGR@DF_OUTLOOK_2026_2035(1.1),I,VNM,A,CPC_223,FO,T,AO_2026_2035,2020,399.16333670935506,A,3,2,_Z
DATAFLOW,OECD.TAD.ATM:DSD_AGR@DF_OUTLOOK_2026_2035(1.1),I,VNM,A,CPC_223,FO,T,AO_2026_2035,2021,376.84389221139907,A,3,2,_Z
DATAFLOW,OECD.TAD.ATM:DSD_AGR@DF_OUTLOOK_2026_2035(1.1),I,VNM,A,CPC_223,FO,T,AO_2026_2035,2022,390.70154978773695,A,3,2,_Z
DATAFLOW,OECD.TAD.ATM:DSD_AGR@DF_OUTLOOK_2026_2035(1.1),I,VNM,A,CPC_223,FO,T,AO_2026_2035,2023,395.42290011961103,A,3,2,_Z
DATAFLOW,OECD.TAD.ATM:DSD_AGR@DF_OUTLOOK_2026_2035(1.1),I,VNM,A,CPC_223,FO,T,AO_2026_2035,2024,393.919990903408,A,3,2,_Z
DATAFLOW,OECD.TAD.ATM:DSD_AGR@DF_OUTLOOK_2026_2035(1.1),I,VNM,A,CPC_223,FO,T,AO_2026_2035,2025,392.10092642514496,A,3,2,_Z
DATAFLOW,OECD.TAD.ATM:DSD_AGR@DF_OUTLOOK_2026_2035(1.1),I,VNM,A,CPC_223,FO,T,AO_2026_2035,2026,405.289747345816,A,3,2,_Z
DATAFLOW,OECD.TAD.ATM:DSD_AGR@DF_OUTLOOK_2026_2035(1.1),I,VNM,A,CPC_223,FO,T,AO_2026_2035,2027,418.6531330365,A,3,2,_Z
DATAFLOW,OECD.TAD.ATM:DSD_AGR@DF_OUTLOOK_2026_2035(1.1),I,VNM,A,CPC_223,FO,T,AO_2026_2035,2028,432.329649475666,A,3,2,_Z
DATAFLOW,OECD.TAD.ATM:DSD_AGR@DF_OUTLOOK_2026_2035(1.1),I,VNM,A,CPC_223,FO,T,AO_2026_2035,2029,446.66795727786,A,3,2,_Z
DATAFLOW,OECD.TAD.ATM:DSD_AGR@DF_OUTLOOK_2026_2035(1.1),I,VNM,A,CPC_223,FO,T,AO_2026_2035,2030,461.16745886953,A,3,2,_Z
DATAFLOW,OECD.TAD.ATM:DSD_AGR@DF_OUTLOOK_2026_2035(1.1),I,VNM,A,CPC_223,FO,T,AO_2026_2035,2031,475.042936431018,A,3,2,_Z
DATAFLOW,OECD.TAD.ATM:DSD_AGR@DF_OUTLOOK_2026_2035(1.1),I,VNM,A,CPC_223,FO,T,AO_2026_2035,2032,488.001313774674,A,3,2,_Z
DATAFLOW,OECD.TAD.ATM:DSD_AGR@DF_OUTLOOK_2026_2035(1.1),I,VNM,A,CPC_223,FO,T,AO_2026_2035,2033,502.609545182811,A,3,2,_Z
DATAFLOW,OECD.TAD.ATM:DSD_AGR@DF_OUTLOOK_2026_2035(1.1),I,VNM,A,CPC_223,FO,T,AO_2026_2035,2034,517.304674128546,A,3,2,_Z
DATAFLOW,OECD.TAD.ATM:DSD_AGR@DF_OUTLOOK_2026_2035(1.1),I,VNM,A,CPC_223,FO,T,AO_2026_2035,2035,532.0595760452151,A,3,2,_Z
DATAFLOW,OECD.TAD.ATM:DSD_AGR@DF_OUTLOOK_2026_2035(1.1),I,VNM,A,CPC_04,FO,T,AO_2026_2035,2015,3320.35773,A,3,2,_Z
DATAFLOW,OECD.TAD.ATM:DSD_AGR@DF_OUTLOOK_2026_2035(1.1),I,VNM,A,CPC_04,FO,T,AO_2026_2035,2016,3167.515221,A,3,2,_Z
DATAFLOW,OECD.TAD.ATM:DSD_AGR@DF_OUTLOOK_2026_2035(1.1),I,VNM,A,CPC_04,FO,T,AO_2026_2035,2017,3457.030604,A,3,2,_Z
DATAFLOW,OECD.TAD.ATM:DSD_AGR@DF_OUTLOOK_2026_2035(1.1),I,VNM,A,CPC_04,FO,T,AO_2026_2035,2018,3695.858255,A,3,2,_Z
DATAFLOW,OECD.TAD.ATM:DSD_AGR@DF_OUTLOOK_2026_2035(1.1),I,VNM,A,CPC_04,FO,T,AO_2026_2035,2019,3945.508729,A,3,2,_Z
DATAFLOW,OECD.TAD.ATM:DSD_AGR@DF_OUTLOOK_2026_2035(1.1),I,VNM,A,CPC_04,FO,T,AO_2026_2035,2020,3990.587885,A,3,2,_Z
DATAFLOW,OECD.TAD.ATM:DSD_AGR@DF_OUTLOOK_2026_2035(1.1),I,VNM,A,CPC_04,FO,T,AO_2026_2035,2021,4069.767748,A,3,2,_Z
DATAFLOW,OECD.TAD.ATM:DSD_AGR@DF_OUTLOOK_2026_2035(1.1),I,VNM,A,CPC_04,FO,T,AO_2026_2035,2022,4045.326257,A,3,2,_Z
DATAFLOW,OECD.TAD.ATM:DSD_AGR@DF_OUTLOOK_2026_2035(1.1),I,VNM,A,CPC_04,FO,T,AO_2026_2035,2023,4338.408238,A,3,2,_Z
DATAFLOW,OECD.TAD.ATM:DSD_AGR@DF_OUTLOOK_2026_2035(1.1),I,VNM,A,CPC_04,FO,T,AO_2026_2035,2024,4334.142179,A,3,2,_Z
DATAFLOW,OECD.TAD.ATM:DSD_AGR@DF_OUTLOOK_2026_2035(1.1),I,VNM,A,CPC_04,FO,T,AO_2026_2035,2025,4307.416596,A,3,2,_Z
DATAFLOW,OECD.TAD.ATM:DSD_AGR@DF_OUTLOOK_2026_2035(1.1),I,VNM,A,CPC_04,FO,T,AO_2026_2035,2026,4722.180164,A,3,2,_Z
DATAFLOW,OECD.TAD.ATM:DSD_AGR@DF_OUTLOOK_2026_2035(1.1),I,VNM,A,CPC_04,FO,T,AO_2026_2035,2027,4613.704044,A,3,2,_Z
DATAFLOW,OECD.TAD.ATM:DSD_AGR@DF_OUTLOOK_2026_2035(1.1),I,VNM,A,CPC_04,FO,T,AO_2026_2035,2028,4686.535615,A,3,2,_Z
DATAFLOW,OECD.TAD.ATM:DSD_AGR@DF_OUTLOOK_2026_2035(1.1),I,VNM,A,CPC_04,FO,T,AO_2026_2035,2029,4772.639888,A,3,2,_Z
DATAFLOW,OECD.TAD.ATM:DSD_AGR@DF_OUTLOOK_2026_2035(1.1),I,VNM,A,CPC_04,FO,T,AO_2026_2035,2030,4838.267893,A,3,2,_Z
DATAFLOW,OECD.TAD.ATM:DSD_AGR@DF_OUTLOOK_2026_2035(1.1),I,VNM,A,CPC_04,FO,T,AO_2026_2035,2031,4816.675508,A,3,2,_Z
DATAFLOW,OECD.TAD.ATM:DSD_AGR@DF_OUTLOOK_2026_2035(1.1),I,VNM,A,CPC_04,FO,T,AO_2026_2035,2032,4884.455141,A,3,2,_Z
DATAFLOW,OECD.TAD.ATM:DSD_AGR@DF_OUTLOOK_2026_2035(1.1),I,VNM,A,CPC_04,FO,T,AO_2026_2035,2033,4944.456228,A,3,2,_Z
DATAFLOW,OECD.TAD.ATM:DSD_AGR@DF_OUTLOOK_2026_2035(1.1),I,VNM,A,CPC_04,FO,T,AO_2026_2035,2034,4968.261653,A,3,2,_Z
DATAFLOW,OECD.TAD.ATM:DSD_AGR@DF_OUTLOOK_2026_2035(1.1),I,VNM,A,CPC_04,FO,T,AO_2026_2035,2035,4984.250344,A,3,2,_Z
DATAFLOW,OECD.TAD.ATM:DSD_AGR@DF_OUTLOOK_2026_2035(1.1),I,VNM,A,CPC_0141,FO,T,AO_2026_2035,2015,59.83047723571791,A,3,2,_Z
DATAFLOW,OECD.TAD.ATM:DSD_AGR@DF_OUTLOOK_2026_2035(1.1),I,VNM,A,CPC_0141,FO,T,AO_2026_2035,2016,51.943703723209694,A,3,2,_Z
DATAFLOW,OECD.TAD.ATM:DSD_AGR@DF_OUTLOOK_2026_2035(1.1),I,VNM,A,CPC_0141,FO,T,AO_2026_2035,2017,55.9758874104711,A,3,2,_Z
DATAFLOW,OECD.TAD.ATM:DSD_AGR@DF_OUTLOOK_2026_2035(1.1),I,VNM,A,CPC_0141,FO,T,AO_2026_2035,2018,23.6957288111883,A,3,2,_Z
DATAFLOW,OECD.TAD.ATM:DSD_AGR@DF_OUTLOOK_2026_2035(1.1),I,VNM,A,CPC_0141,FO,T,AO_2026_2035,2019,41.2555599342852,A,3,2,_Z
DATAFLOW,OECD.TAD.ATM:DSD_AGR@DF_OUTLOOK_2026_2035(1.1),I,VNM,A,CPC_0141,FO,T,AO_2026_2035,2020,28.0388099888502,A,3,2,_Z
DATAFLOW,OECD.TAD.ATM:DSD_AGR@DF_OUTLOOK_2026_2035(1.1),I,VNM,A,CPC_0141,FO,T,AO_2026_2035,2021,22.3826122121474,A,3,2,_Z
DATAFLOW,OECD.TAD.ATM:DSD_AGR@DF_OUTLOOK_2026_2035(1.1),I,VNM,A,CPC_0141,FO,T,AO_2026_2035,2022,10.9773918503296,A,3,2,_Z
DATAFLOW,OECD.TAD.ATM:DSD_AGR@DF_OUTLOOK_2026_2035(1.1),I,VNM,A,CPC_0141,FO,T,AO_2026_2035,2023,69.0920224972678,A,3,2,_Z
DATAFLOW,OECD.TAD.ATM:DSD_AGR@DF_OUTLOOK_2026_2035(1.1),I,VNM,A,CPC_0141,FO,T,AO_2026_2035,2024,7.662936165629E-05,A,3,2,_Z
DATAFLOW,OECD.TAD.ATM:DSD_AGR@DF_OUTLOOK_2026_2035(1.1),I,VNM,A,CPC_0141,FO,T,AO_2026_2035,2025,7.686163458135E-05,A,3,2,_Z
DATAFLOW,OECD.TAD.ATM:DSD_AGR@DF_OUTLOOK_2026_2035(1.1),I,VNM,A,CPC_0141,FO,T,AO_2026_2035,2026,7.923416326597E-05,A,3,2,_Z
DATAFLOW,OECD.TAD.ATM:DSD_AGR@DF_OUTLOOK_2026_2035(1.1),I,VNM,A,CPC_0141,FO,T,AO_2026_2035,2027,8.163981456753E-05,A,3,2,_Z
DATAFLOW,OECD.TAD.ATM:DSD_AGR@DF_OUTLOOK_2026_2035(1.1),I,VNM,A,CPC_0141,FO,T,AO_2026_2035,2028,8.391920588935E-05,A,3,2,_Z
DATAFLOW,OECD.TAD.ATM:DSD_AGR@DF_OUTLOOK_2026_2035(1.1),I,VNM,A,CPC_0141,FO,T,AO_2026_2035,2029,8.626524402736E-05,A,3,2,_Z
DATAFLOW,OECD.TAD.ATM:DSD_AGR@DF_OUTLOOK_2026_2035(1.1),I,VNM,A,CPC_0141,FO,T,AO_2026_2035,2030,8.854816615021E-05,A,3,2,_Z
DATAFLOW,OECD.TAD.ATM:DSD_AGR@DF_OUTLOOK_2026_2035(1.1),I,VNM,A,CPC_0141,FO,T,AO_2026_2035,2031,9.06109340057E-05,A,3,2,_Z
DATAFLOW,OECD.TAD.ATM:DSD_AGR@DF_OUTLOOK_2026_2035(1.1),I,VNM,A,CPC_0141,FO,T,AO_2026_2035,2032,9.251945941928E-05,A,3,2,_Z
DATAFLOW,OECD.TAD.ATM:DSD_AGR@DF_OUTLOOK_2026_2035(1.1),I,VNM,A,CPC_0141,FO,T,AO_2026_2035,2033,9.430581713373E-05,A,3,2,_Z
DATAFLOW,OECD.TAD.ATM:DSD_AGR@DF_OUTLOOK_2026_2035(1.1),I,VNM,A,CPC_0141,FO,T,AO_2026_2035,2034,9.604300519664E-05,A,3,2,_Z
DATAFLOW,OECD.TAD.ATM:DSD_AGR@DF_OUTLOOK_2026_2035(1.1),I,VNM,A,CPC_0141,FO,T,AO_2026_2035,2035,9.771043992792E-05,A,3,2,_Z
DATAFLOW,OECD.TAD.ATM:DSD_AGR@DF_OUTLOOK_2026_2035(1.1),I,VNM,A,CPC_0113,FO,T,AO_2026_2035,2015,13994.8047894747,A,3,2,_Z
DATAFLOW,OECD.TAD.ATM:DSD_AGR@DF_OUTLOOK_2026_2035(1.1),I,VNM,A,CPC_0113,FO,T,AO_2026_2035,2016,14142.7214745008,A,3,2,_Z
DATAFLOW,OECD.TAD.ATM:DSD_AGR@DF_OUTLOOK_2026_2035(1.1),I,VNM,A,CPC_0113,FO,T,AO_2026_2035,2017,14190.5009453508,A,3,2,_Z
DATAFLOW,OECD.TAD.ATM:DSD_AGR@DF_OUTLOOK_2026_2035(1.1),I,VNM,A,CPC_0113,FO,T,AO_2026_2035,2018,14190.2251485614,A,3,2,_Z
DATAFLOW,OECD.TAD.ATM:DSD_AGR@DF_OUTLOOK_2026_2035(1.1),I,VNM,A,CPC_0113,FO,T,AO_2026_2035,2019,14082.2259182316,A,3,2,_Z
DATAFLOW,OECD.TAD.ATM:DSD_AGR@DF_OUTLOOK_2026_2035(1.1),I,VNM,A,CPC_0113,FO,T,AO_2026_2035,2020,13796.910426012,A,3,2,_Z
DATAFLOW,OECD.TAD.ATM:DSD_AGR@DF_OUTLOOK_2026_2035(1.1),I,VNM,A,CPC_0113,FO,T,AO_2026_2035,2021,13931.3290898977,A,3,2,_Z
DATAFLOW,OECD.TAD.ATM:DSD_AGR@DF_OUTLOOK_2026_2035(1.1),I,VNM,A,CPC_0113,FO,T,AO_2026_2035,2022,13424.201977419,A,3,2,_Z
DATAFLOW,OECD.TAD.ATM:DSD_AGR@DF_OUTLOOK_2026_2035(1.1),I,VNM,A,CPC_0113,FO,T,AO_2026_2035,2023,13414.0813254619,A,3,2,_Z
DATAFLOW,OECD.TAD.ATM:DSD_AGR@DF_OUTLOOK_2026_2035(1.1),I,VNM,A,CPC_0113,FO,T,AO_2026_2035,2024,13450.6502094322,A,3,2,_Z
DATAFLOW,OECD.TAD.ATM:DSD_AGR@DF_OUTLOOK_2026_2035(1.1),I,VNM,A,CPC_0113,FO,T,AO_2026_2035,2025,13495.9201211564,A,3,2,_Z
DATAFLOW,OECD.TAD.ATM:DSD_AGR@DF_OUTLOOK_2026_2035(1.1),I,VNM,A,CPC_0113,FO,T,AO_2026_2035,2026,13488.833577784,A,3,2,_Z
DATAFLOW,OECD.TAD.ATM:DSD_AGR@DF_OUTLOOK_2026_2035(1.1),I,VNM,A,CPC_0113,FO,T,AO_2026_2035,2027,13452.1216275857,A,3,2,_Z
DATAFLOW,OECD.TAD.ATM:DSD_AGR@DF_OUTLOOK_2026_2035(1.1),I,VNM,A,CPC_0113,FO,T,AO_2026_2035,2028,13425.336440849,A,3,2,_Z
DATAFLOW,OECD.TAD.ATM:DSD_AGR@DF_OUTLOOK_2026_2035(1.1),I,VNM,A,CPC_0113,FO,T,AO_2026_2035,2029,13388.8352314594,A,3,2,_Z
DATAFLOW,OECD.TAD.ATM:DSD_AGR@DF_OUTLOOK_2026_2035(1.1),I,VNM,A,CPC_0113,FO,T,AO_2026_2035,2030,13349.2721835678,A,3,2,_Z
DATAFLOW,OECD.TAD.ATM:DSD_AGR@DF_OUTLOOK_2026_2035(1.1),I,VNM,A,CPC_0113,FO,T,AO_2026_2035,2031,13306.506914145,A,3,2,_Z
DATAFLOW,OECD.TAD.ATM:DSD_AGR@DF_OUTLOOK_2026_2035(1.1),I,VNM,A,CPC_0113,FO,T,AO_2026_2035,2032,13263.0319340849,A,3,2,_Z
DATAFLOW,OECD.TAD.ATM:DSD_AGR@DF_OUTLOOK_2026_2035(1.1),I,VNM,A,CPC_0113,FO,T,AO_2026_2035,2033,13217.374749722,A,3,2,_Z
DATAFLOW,OECD.TAD.ATM:DSD_AGR@DF_OUTLOOK_2026_2035(1.1),I,VNM,A,CPC_0113,FO,T,AO_2026_2035,2034,13171.381301749,A,3,2,_Z
DATAFLOW,OECD.TAD.ATM:DSD_AGR@DF_OUTLOOK_2026_2035(1.1),I,VNM,A,CPC_0113,FO,T,AO_2026_2035,2035,13126.1343392074,A,3,2,_Z
DATAFLOW,OECD.TAD.ATM:DSD_AGR@DF_OUTLOOK_2026_2035(1.1),I,VNM,A,CPC_017,EX,T,AO_2026_2035,2015,17,A,3,2,_Z
DATAFLOW,OECD.TAD.ATM:DSD_AGR@DF_OUTLOOK_2026_2035(1.1),I,VNM,A,CPC_017,EX,T,AO_2026_2035,2016,11,A,3,2,_Z
DATAFLOW,OECD.TAD.ATM:DSD_AGR@DF_OUTLOOK_2026_2035(1.1),I,VNM,A,CPC_017,EX,T,AO_2026_2035,2017,16,A,3,2,_Z
DATAFLOW,OECD.TAD.ATM:DSD_AGR@DF_OUTLOOK_2026_2035(1.1),I,VNM,A,CPC_017,EX,T,AO_2026_2035,2018,10.2110817941953,A,3,2,_Z
DATAFLOW,OECD.TAD.ATM:DSD_AGR@DF_OUTLOOK_2026_2035(1.1),I,VNM,A,CPC_017,EX,T,AO_2026_2035,2019,3.1972602739726,A,3,2,_Z
DATAFLOW,OECD.TAD.ATM:DSD_AGR@DF_OUTLOOK_2026_2035(1.1),I,VNM,A,CPC_017,EX,T,AO_2026_2035,2020,11.4063324538259,A,3,2,_Z
DATAFLOW,OECD.TAD.ATM:DSD_AGR@DF_OUTLOOK_2026_2035(1.1),I,VNM,A,CPC_017,EX,T,AO_2026_2035,2021,6.20487804878049,A,3,2,_Z
DATAFLOW,OECD.TAD.ATM:DSD_AGR@DF_OUTLOOK_2026_2035(1.1),I,VNM,A,CPC_017,EX,T,AO_2026_2035,2022,64,A,3,2,_Z
DATAFLOW,OECD.TAD.ATM:DSD_AGR@DF_OUTLOOK_2026_2035(1.1),I,VNM,A,CPC_017,EX,T,AO_2026_2035,2023,11.0438247011952,A,3,2,_Z
DATAFLOW,OECD.TAD.ATM:DSD_AGR@DF_OUTLOOK_2026_2035(1.1),I,VNM,A,CPC_017,EX,T,AO_2026_2035,2024,11.33,A,3,2,_Z
DATAFLOW,OECD.TAD.ATM:DSD_AGR@DF_OUTLOOK_2026_2035(1.1),I,VNM,A,CPC_017,EX,T,AO_2026_2035,2025,11.6699,A,3,2,_Z
DATAFLOW,OECD.TAD.ATM:DSD_AGR@DF_OUTLOOK_2026_2035(1.1),I,VNM,A,CPC_017,EX,T,AO_2026_2035,2026,11.0657745010355,A,3,2,_Z
DATAFLOW,OECD.TAD.ATM:DSD_AGR@DF_OUTLOOK_2026_2035(1.1),I,VNM,A,CPC_017,EX,T,AO_2026_2035,2027,10.9642972080524,A,3,2,_Z
DATAFLOW,OECD.TAD.ATM:DSD_AGR@DF_OUTLOOK_2026_2035(1.1),I,VNM,A,CPC_017,EX,T,AO_2026_2035,2028,10.8478038499888,A,3,2,_Z
DATAFLOW,OECD.TAD.ATM:DSD_AGR@DF_OUTLOOK_2026_2035(1.1),I,VNM,A,CPC_017,EX,T,AO_2026_2035,2029,10.7303179555353,A,3,2,_Z
DATAFLOW,OECD.TAD.ATM:DSD_AGR@DF_OUTLOOK_2026_2035(1.1),I,VNM,A,CPC_017,EX,T,AO_2026_2035,2030,10.5879200893893,A,3,2,_Z
DATAFLOW,OECD.TAD.ATM:DSD_AGR@DF_OUTLOOK_2026_2035(1.1),I,VNM,A,CPC_017,EX,T,AO_2026_2035,2031,10.5179793055238,A,3,2,_Z
DATAFLOW,OECD.TAD.ATM:DSD_AGR@DF_OUTLOOK_2026_2035(1.1),I,VNM,A,CPC_017,EX,T,AO_2026_2035,2032,10.5452298346233,A,3,2,_Z
DATAFLOW,OECD.TAD.ATM:DSD_AGR@DF_OUTLOOK_2026_2035(1.1),I,VNM,A,CPC_017,EX,T,AO_2026_2035,2033,10.4160492431301,A,3,2,_Z
DATAFLOW,OECD.TAD.ATM:DSD_AGR@DF_OUTLOOK_2026_2035(1.1),I,VNM,A,CPC_017,EX,T,AO_2026_2035,2034,10.3126291616918,A,3,2,_Z
DATAFLOW,OECD.TAD.ATM:DSD_AGR@DF_OUTLOOK_2026_2035(1.1),I,VNM,A,CPC_017,EX,T,AO_2026_2035,2035,10.2262733831257,A,3,2,_Z
DATAFLOW,OECD.TAD.ATM:DSD_AGR@DF_OUTLOOK_2026_2035(1.1),I,VNM,A,CPC_EX_222121,EX,T,AO_2026_2035,2015,1.87,A,3,2,_Z
DATAFLOW,OECD.TAD.ATM:DSD_AGR@DF_OUTLOOK_2026_2035(1.1),I,VNM,A,CPC_EX_222121,EX,T,AO_2026_2035,2016,0.26,A,3,2,_Z
DATAFLOW,OECD.TAD.ATM:DSD_AGR@DF_OUTLOOK_2026_2035(1.1),I,VNM,A,CPC_EX_222121,EX,T,AO_2026_2035,2017,1.27,A,3,2,_Z
DATAFLOW,OECD.TAD.ATM:DSD_AGR@DF_OUTLOOK_2026_2035(1.1),I,VNM,A,CPC_EX_222121,EX,T,AO_2026_2035,2018,0.6,A,3,2,_Z
DATAFLOW,OECD.TAD.ATM:DSD_AGR@DF_OUTLOOK_2026_2035(1.1),I,VNM,A,CPC_EX_222121,EX,T,AO_2026_2035,2019,2.05,A,3,2,_Z
DATAFLOW,OECD.TAD.ATM:DSD_AGR@DF_OUTLOOK_2026_2035(1.1),I,VNM,A,CPC_EX_222121,EX,T,AO_2026_2035,2020,0.878,A,3,2,_Z
DATAFLOW,OECD.TAD.ATM:DSD_AGR@DF_OUTLOOK_2026_2035(1.1),I,VNM,A,CPC_EX_222121,EX,T,AO_2026_2035,2021,0.235,A,3,2,_Z
DATAFLOW,OECD.TAD.ATM:DSD_AGR@DF_OUTLOOK_2026_2035(1.1),I,VNM,A,CPC_EX_222121,EX,T,AO_2026_2035,2022,1.464,A,3,2,_Z
DATAFLOW,OECD.TAD.ATM:DSD_AGR@DF_OUTLOOK_2026_2035(1.1),I,VNM,A,CPC_EX_222121,EX,T,AO_2026_2035,2023,3.701,A,3,2,_Z
DATAFLOW,OECD.TAD.ATM:DSD_AGR@DF_OUTLOOK_2026_2035(1.1),I,VNM,A,CPC_EX_222121,EX,T,AO_2026_2035,2024,3.8,A,3,2,_Z
DATAFLOW,OECD.TAD.ATM:DSD_AGR@DF_OUTLOOK_2026_2035(1.1),I,VNM,A,CPC_EX_222121,EX,T,AO_2026_2035,2025,3.45,A,3,2,_Z
DATAFLOW,OECD.TAD.ATM:DSD_AGR@DF_OUTLOOK_2026_2035(1.1),I,VNM,A,CPC_EX_222121,EX,T,AO_2026_2035,2026,3.45,A,3,2,_Z
DATAFLOW,OECD.TAD.ATM:DSD_AGR@DF_OUTLOOK_2026_2035(1.1),I,VNM,A,CPC_EX_222121,EX,T,AO_2026_2035,2027,3.45,A,3,2,_Z
DATAFLOW,OECD.TAD.ATM:DSD_AGR@DF_OUTLOOK_2026_2035(1.1),I,VNM,A,CPC_EX_222121,EX,T,AO_2026_2035,2028,3.45,A,3,2,_Z
DATAFLOW,OECD.TAD.ATM:DSD_AGR@DF_OUTLOOK_2026_2035(1.1),I,VNM,A,CPC_EX_222121,EX,T,AO_2026_2035,2029,3.45,A,3,2,_Z
DATAFLOW,OECD.TAD.ATM:DSD_AGR@DF_OUTLOOK_2026_2035(1.1),I,VNM,A,CPC_EX_222121,EX,T,AO_2026_2035,2030,3.45,A,3,2,_Z
DATAFLOW,OECD.TAD.ATM:DSD_AGR@DF_OUTLOOK_2026_2035(1.1),I,VNM,A,CPC_EX_222121,EX,T,AO_2026_2035,2031,3.45,A,3,2,_Z
DATAFLOW,OECD.TAD.ATM:DSD_AGR@DF_OUTLOOK_2026_2035(1.1),I,VNM,A,CPC_EX_222121,EX,T,AO_2026_2035,2032,3.45,A,3,2,_Z
DATAFLOW,OECD.TAD.ATM:DSD_AGR@DF_OUTLOOK_2026_2035(1.1),I,VNM,A,CPC_EX_222121,EX,T,AO_2026_2035,2033,3.45,A,3,2,_Z
DATAFLOW,OECD.TAD.ATM:DSD_AGR@DF_OUTLOOK_2026_2035(1.1),I,VNM,A,CPC_EX_222121,EX,T,AO_2026_2035,2034,3.45,A,3,2,_Z
DATAFLOW,OECD.TAD.ATM:DSD_AGR@DF_OUTLOOK_2026_2035(1.1),I,VNM,A,CPC_EX_222121,EX,T,AO_2026_2035,2035,3.45,A,3,2,_Z
DATAFLOW,OECD.TAD.ATM:DSD_AGR@DF_OUTLOOK_2026_2035(1.1),I,VNM,A,CPC_22211,EX,T,AO_2026_2035,2015,8.49,A,3,2,_Z
DATAFLOW,OECD.TAD.ATM:DSD_AGR@DF_OUTLOOK_2026_2035(1.1),I,VNM,A,CPC_22211,EX,T,AO_2026_2035,2016,14.17,A,3,2,_Z
DATAFLOW,OECD.TAD.ATM:DSD_AGR@DF_OUTLOOK_2026_2035(1.1),I,VNM,A,CPC_22211,EX,T,AO_2026_2035,2017,11.15,A,3,2,_Z
DATAFLOW,OECD.TAD.ATM:DSD_AGR@DF_OUTLOOK_2026_2035(1.1),I,VNM,A,CPC_22211,EX,T,AO_2026_2035,2018,19.45,A,3,2,_Z
DATAFLOW,OECD.TAD.ATM:DSD_AGR@DF_OUTLOOK_2026_2035(1.1),I,VNM,A,CPC_22211,EX,T,AO_2026_2035,2019,16.14,A,3,2,_Z
DATAFLOW,OECD.TAD.ATM:DSD_AGR@DF_OUTLOOK_2026_2035(1.1),I,VNM,A,CPC_22211,EX,T,AO_2026_2035,2020,15.227,A,3,2,_Z
DATAFLOW,OECD.TAD.ATM:DSD_AGR@DF_OUTLOOK_2026_2035(1.1),I,VNM,A,CPC_22211,EX,T,AO_2026_2035,2021,15.773,A,3,2,_Z
DATAFLOW,OECD.TAD.ATM:DSD_AGR@DF_OUTLOOK_2026_2035(1.1),I,VNM,A,CPC_22211,EX,T,AO_2026_2035,2022,12.121,A,3,2,_Z
DATAFLOW,OECD.TAD.ATM:DSD_AGR@DF_OUTLOOK_2026_2035(1.1),I,VNM,A,CPC_22211,EX,T,AO_2026_2035,2023,92.867,A,3,2,_Z
DATAFLOW,OECD.TAD.ATM:DSD_AGR@DF_OUTLOOK_2026_2035(1.1),I,VNM,A,CPC_22211,EX,T,AO_2026_2035,2024,31.657,A,3,2,_Z
DATAFLOW,OECD.TAD.ATM:DSD_AGR@DF_OUTLOOK_2026_2035(1.1),I,VNM,A,CPC_22211,EX,T,AO_2026_2035,2025,27.859,A,3,2,_Z
DATAFLOW,OECD.TAD.ATM:DSD_AGR@DF_OUTLOOK_2026_2035(1.1),I,VNM,A,CPC_22211,EX,T,AO_2026_2035,2026,27.859,A,3,2,_Z
DATAFLOW,OECD.TAD.ATM:DSD_AGR@DF_OUTLOOK_2026_2035(1.1),I,VNM,A,CPC_22211,EX,T,AO_2026_2035,2027,27.859,A,3,2,_Z
DATAFLOW,OECD.TAD.ATM:DSD_AGR@DF_OUTLOOK_2026_2035(1.1),I,VNM,A,CPC_22211,EX,T,AO_2026_2035,2028,27.859,A,3,2,_Z
DATAFLOW,OECD.TAD.ATM:DSD_AGR@DF_OUTLOOK_2026_2035(1.1),I,VNM,A,CPC_22211,EX,T,AO_2026_2035,2029,27.859,A,3,2,_Z
DATAFLOW,OECD.TAD.ATM:DSD_AGR@DF_OUTLOOK_2026_2035(1.1),I,VNM,A,CPC_22211,EX,T,AO_2026_2035,2030,27.859,A,3,2,_Z
DATAFLOW,OECD.TAD.ATM:DSD_AGR@DF_OUTLOOK_2026_2035(1.1),I,VNM,A,CPC_22211,EX,T,AO_2026_2035,2031,27.859,A,3,2,_Z
DATAFLOW,OECD.TAD.ATM:DSD_AGR@DF_OUTLOOK_2026_2035(1.1),I,VNM,A,CPC_22211,EX,T,AO_2026_2035,2032,27.859,A,3,2,_Z
DATAFLOW,OECD.TAD.ATM:DSD_AGR@DF_OUTLOOK_2026_2035(1.1),I,VNM,A,CPC_22211,EX,T,AO_2026_2035,2033,27.859,A,3,2,_Z
DATAFLOW,OECD.TAD.ATM:DSD_AGR@DF_OUTLOOK_2026_2035(1.1),I,VNM,A,CPC_22211,EX,T,AO_2026_2035,2034,27.859,A,3,2,_Z
DATAFLOW,OECD.TAD.ATM:DSD_AGR@DF_OUTLOOK_2026_2035(1.1),I,VNM,A,CPC_22211,EX,T,AO_2026_2035,2035,27.859,A,3,2,_Z
DATAFLOW,OECD.TAD.ATM:DSD_AGR@DF_OUTLOOK_2026_2035(1.1),I,VNM,A,CPC_2224,EX,T,AO_2026_2035,2015,0.006,A,3,2,_Z
DATAFLOW,OECD.TAD.ATM:DSD_AGR@DF_OUTLOOK_2026_2035(1.1),I,VNM,A,CPC_2224,EX,T,AO_2026_2035,2016,0.01,A,3,2,_Z
DATAFLOW,OECD.TAD.ATM:DSD_AGR@DF_OUTLOOK_2026_2035(1.1),I,VNM,A,CPC_2224,EX,T,AO_2026_2035,2017,0.19,A,3,2,_Z
DATAFLOW,OECD.TAD.ATM:DSD_AGR@DF_OUTLOOK_2026_2035(1.1),I,VNM,A,CPC_2224,EX,T,AO_2026_2035,2018,0.16,A,3,2,_Z
DATAFLOW,OECD.TAD.ATM:DSD_AGR@DF_OUTLOOK_2026_2035(1.1),I,VNM,A,CPC_2224,EX,T,AO_2026_2035,2019,0.05,A,3,2,_Z
DATAFLOW,OECD.TAD.ATM:DSD_AGR@DF_OUTLOOK_2026_2035(1.1),I,VNM,A,CPC_2224,EX,T,AO_2026_2035,2020,0.637,A,3,2,_Z
DATAFLOW,OECD.TAD.ATM:DSD_AGR@DF_OUTLOOK_2026_2035(1.1),I,VNM,A,CPC_2224,EX,T,AO_2026_2035,2021,0.798,A,3,2,_Z
DATAFLOW,OECD.TAD.ATM:DSD_AGR@DF_OUTLOOK_2026_2035(1.1),I,VNM,A,CPC_2224,EX,T,AO_2026_2035,2022,1.387,A,3,2,_Z
DATAFLOW,OECD.TAD.ATM:DSD_AGR@DF_OUTLOOK_2026_2035(1.1),I,VNM,A,CPC_2224,EX,T,AO_2026_2035,2023,0.896,A,3,2,_Z
DATAFLOW,OECD.TAD.ATM:DSD_AGR@DF_OUTLOOK_2026_2035(1.1),I,VNM,A,CPC_2224,EX,T,AO_2026_2035,2024,0.858,A,3,2,_Z
DATAFLOW,OECD.TAD.ATM:DSD_AGR@DF_OUTLOOK_2026_2035(1.1),I,VNM,A,CPC_2224,EX,T,AO_2026_2035,2025,0.87,A,3,2,_Z
DATAFLOW,OECD.TAD.ATM:DSD_AGR@DF_OUTLOOK_2026_2035(1.1),I,VNM,A,CPC_2224,EX,T,AO_2026_2035,2026,0.87,A,3,2,_Z
DATAFLOW,OECD.TAD.ATM:DSD_AGR@DF_OUTLOOK_2026_2035(1.1),I,VNM,A,CPC_2224,EX,T,AO_2026_2035,2027,0.87,A,3,2,_Z
DATAFLOW,OECD.TAD.ATM:DSD_AGR@DF_OUTLOOK_2026_2035(1.1),I,VNM,A,CPC_2224,EX,T,AO_2026_2035,2028,0.87,A,3,2,_Z
DATAFLOW,OECD.TAD.ATM:DSD_AGR@DF_OUTLOOK_2026_2035(1.1),I,VNM,A,CPC_2224,EX,T,AO_2026_2035,2029,0.87,A,3,2,_Z
DATAFLOW,OECD.TAD.ATM:DSD_AGR@DF_OUTLOOK_2026_2035(1.1),I,VNM,A,CPC_2224,EX,T,AO_2026_2035,2030,0.87,A,3,2,_Z
DATAFLOW,OECD.TAD.ATM:DSD_AGR@DF_OUTLOOK_2026_2035(1.1),I,VNM,A,CPC_2224,EX,T,AO_2026_2035,2031,0.87,A,3,2,_Z
DATAFLOW,OECD.TAD.ATM:DSD_AGR@DF_OUTLOOK_2026_2035(1.1),I,VNM,A,CPC_2224,EX,T,AO_2026_2035,2032,0.87,A,3,2,_Z
DATAFLOW,OECD.TAD.ATM:DSD_AGR@DF_OUTLOOK_2026_2035(1.1),I,VNM,A,CPC_2224,EX,T,AO_2026_2035,2033,0.87,A,3,2,_Z
DATAFLOW,OECD.TAD.ATM:DSD_AGR@DF_OUTLOOK_2026_2035(1.1),I,VNM,A,CPC_2224,EX,T,AO_2026_2035,2034,0.87,A,3,2,_Z
DATAFLOW,OECD.TAD.ATM:DSD_AGR@DF_OUTLOOK_2026_2035(1.1),I,VNM,A,CPC_2224,EX,T,AO_2026_2035,2035,0.87,A,3,2,_Z
DATAFLOW,OECD.TAD.ATM:DSD_AGR@DF_OUTLOOK_2026_2035(1.1),I,VNM,A,CPC_0141,EX,T,AO_2026_2035,2015,1,A,3,2,_Z
DATAFLOW,OECD.TAD.ATM:DSD_AGR@DF_OUTLOOK_2026_2035(1.1),I,VNM,A,CPC_0141,EX,T,AO_2026_2035,2016,1,A,3,2,_Z
DATAFLOW,OECD.TAD.ATM:DSD_AGR@DF_OUTLOOK_2026_2035(1.1),I,VNM,A,CPC_0141,EX,T,AO_2026_2035,2017,1,A,3,2,_Z
DATAFLOW,OECD.TAD.ATM:DSD_AGR@DF_OUTLOOK_2026_2035(1.1),I,VNM,A,CPC_0141,EX,T,AO_2026_2035,2018,5,A,3,2,_Z
DATAFLOW,OECD.TAD.ATM:DSD_AGR@DF_OUTLOOK_2026_2035(1.1),I,VNM,A,CPC_0141,EX,T,AO_2026_2035,2019,1,A,3,2,_Z
DATAFLOW,OECD.TAD.ATM:DSD_AGR@DF_OUTLOOK_2026_2035(1.1),I,VNM,A,CPC_0141,EX,T,AO_2026_2035,2020,1,A,3,2,_Z
DATAFLOW,OECD.TAD.ATM:DSD_AGR@DF_OUTLOOK_2026_2035(1.1),I,VNM,A,CPC_0141,EX,T,AO_2026_2035,2021,7,A,3,2,_Z
DATAFLOW,OECD.TAD.ATM:DSD_AGR@DF_OUTLOOK_2026_2035(1.1),I,VNM,A,CPC_0141,EX,T,AO_2026_2035,2022,5,A,3,2,_Z
DATAFLOW,OECD.TAD.ATM:DSD_AGR@DF_OUTLOOK_2026_2035(1.1),I,VNM,A,CPC_0141,EX,T,AO_2026_2035,2023,10,A,3,2,_Z
DATAFLOW,OECD.TAD.ATM:DSD_AGR@DF_OUTLOOK_2026_2035(1.1),I,VNM,A,CPC_0141,EX,T,AO_2026_2035,2024,9,A,3,2,_Z
DATAFLOW,OECD.TAD.ATM:DSD_AGR@DF_OUTLOOK_2026_2035(1.1),I,VNM,A,CPC_0141,EX,T,AO_2026_2035,2025,9,A,3,2,_Z
DATAFLOW,OECD.TAD.ATM:DSD_AGR@DF_OUTLOOK_2026_2035(1.1),I,VNM,A,CPC_0141,EX,T,AO_2026_2035,2026,8.668499331707379,A,3,2,_Z
DATAFLOW,OECD.TAD.ATM:DSD_AGR@DF_OUTLOOK_2026_2035(1.1),I,VNM,A,CPC_0141,EX,T,AO_2026_2035,2027,8.44427933960404,A,3,2,_Z
DATAFLOW,OECD.TAD.ATM:DSD_AGR@DF_OUTLOOK_2026_2035(1.1),I,VNM,A,CPC_0141,EX,T,AO_2026_2035,2028,8.25306485284672,A,3,2,_Z
DATAFLOW,OECD.TAD.ATM:DSD_AGR@DF_OUTLOOK_2026_2035(1.1),I,VNM,A,CPC_0141,EX,T,AO_2026_2035,2029,8.12194294891685,A,3,2,_Z
DATAFLOW,OECD.TAD.ATM:DSD_AGR@DF_OUTLOOK_2026_2035(1.1),I,VNM,A,CPC_0141,EX,T,AO_2026_2035,2030,8.04173731076205,A,3,2,_Z
DATAFLOW,OECD.TAD.ATM:DSD_AGR@DF_OUTLOOK_2026_2035(1.1),I,VNM,A,CPC_0141,EX,T,AO_2026_2035,2031,7.932433664137539,A,3,2,_Z
DATAFLOW,OECD.TAD.ATM:DSD_AGR@DF_OUTLOOK_2026_2035(1.1),I,VNM,A,CPC_0141,EX,T,AO_2026_2035,2032,7.82879033406792,A,3,2,_Z
DATAFLOW,OECD.TAD.ATM:DSD_AGR@DF_OUTLOOK_2026_2035(1.1),I,VNM,A,CPC_0141,EX,T,AO_2026_2035,2033,7.72174398110864,A,3,2,_Z
DATAFLOW,OECD.TAD.ATM:DSD_AGR@DF_OUTLOOK_2026_2035(1.1),I,VNM,A,CPC_0141,EX,T,AO_2026_2035,2034,7.61345160589683,A,3,2,_Z
DATAFLOW,OECD.TAD.ATM:DSD_AGR@DF_OUTLOOK_2026_2035(1.1),I,VNM,A,CPC_0141,EX,T,AO_2026_2035,2035,7.51282144443577,A,3,2,_Z
DATAFLOW,OECD.TAD.ATM:DSD_AGR@DF_OUTLOOK_2026_2035(1.1),I,VNM,A,CPC_223,EX,T,AO_2026_2035,2019,3,A,3,2,_Z
DATAFLOW,OECD.TAD.ATM:DSD_AGR@DF_OUTLOOK_2026_2035(1.1),I,VNM,A,CPC_223,EX,T,AO_2026_2035,2020,3,A,3,2,_Z
DATAFLOW,OECD.TAD.ATM:DSD_AGR@DF_OUTLOOK_2026_2035(1.1),I,VNM,A,CPC_223,EX,T,AO_2026_2035,2021,4,A,3,2,_Z
DATAFLOW,OECD.TAD.ATM:DSD_AGR@DF_OUTLOOK_2026_2035(1.1),I,VNM,A,CPC_223,EX,T,AO_2026_2035,2022,4,A,3,2,_Z
DATAFLOW,OECD.TAD.ATM:DSD_AGR@DF_OUTLOOK_2026_2035(1.1),I,VNM,A,CPC_223,EX,T,AO_2026_2035,2023,6,A,3,2,_Z
DATAFLOW,OECD.TAD.ATM:DSD_AGR@DF_OUTLOOK_2026_2035(1.1),I,VNM,A,CPC_223,EX,T,AO_2026_2035,2024,5.97,A,3,2,_Z
DATAFLOW,OECD.TAD.ATM:DSD_AGR@DF_OUTLOOK_2026_2035(1.1),I,VNM,A,CPC_223,EX,T,AO_2026_2035,2025,5.97,A,3,2,_Z
DATAFLOW,OECD.TAD.ATM:DSD_AGR@DF_OUTLOOK_2026_2035(1.1),I,VNM,A,CPC_223,EX,T,AO_2026_2035,2026,5.97,A,3,2,_Z
DATAFLOW,OECD.TAD.ATM:DSD_AGR@DF_OUTLOOK_2026_2035(1.1),I,VNM,A,CPC_223,EX,T,AO_2026_2035,2027,5.97,A,3,2,_Z
DATAFLOW,OECD.TAD.ATM:DSD_AGR@DF_OUTLOOK_2026_2035(1.1),I,VNM,A,CPC_223,EX,T,AO_2026_2035,2028,5.97,A,3,2,_Z
DATAFLOW,OECD.TAD.ATM:DSD_AGR@DF_OUTLOOK_2026_2035(1.1),I,VNM,A,CPC_223,EX,T,AO_2026_2035,2029,5.97,A,3,2,_Z
DATAFLOW,OECD.TAD.ATM:DSD_AGR@DF_OUTLOOK_2026_2035(1.1),I,VNM,A,CPC_223,EX,T,AO_2026_2035,2030,5.97,A,3,2,_Z
DATAFLOW,OECD.TAD.ATM:DSD_AGR@DF_OUTLOOK_2026_2035(1.1),I,VNM,A,CPC_223,EX,T,AO_2026_2035,2031,5.97,A,3,2,_Z
DATAFLOW,OECD.TAD.ATM:DSD_AGR@DF_OUTLOOK_2026_2035(1.1),I,VNM,A,CPC_223,EX,T,AO_2026_2035,2032,5.97,A,3,2,_Z
DATAFLOW,OECD.TAD.ATM:DSD_AGR@DF_OUTLOOK_2026_2035(1.1),I,VNM,A,CPC_223,EX,T,AO_2026_2035,2033,5.97,A,3,2,_Z
DATAFLOW,OECD.TAD.ATM:DSD_AGR@DF_OUTLOOK_2026_2035(1.1),I,VNM,A,CPC_223,EX,T,AO_2026_2035,2034,5.97,A,3,2,_Z
DATAFLOW,OECD.TAD.ATM:DSD_AGR@DF_OUTLOOK_2026_2035(1.1),I,VNM,A,CPC_223,EX,T,AO_2026_2035,2035,5.97,A,3,2,_Z
DATAFLOW,OECD.TAD.ATM:DSD_AGR@DF_OUTLOOK_2026_2035(1.1),I,VNM,A,CPC_223,EX,T,AO_2026_2035,2015,2,A,3,2,_Z
DATAFLOW,OECD.TAD.ATM:DSD_AGR@DF_OUTLOOK_2026_2035(1.1),I,VNM,A,CPC_223,EX,T,AO_2026_2035,2016,2,A,3,2,_Z
DATAFLOW,OECD.TAD.ATM:DSD_AGR@DF_OUTLOOK_2026_2035(1.1),I,VNM,A,CPC_223,EX,T,AO_2026_2035,2017,2,A,3,2,_Z
DATAFLOW,OECD.TAD.ATM:DSD_AGR@DF_OUTLOOK_2026_2035(1.1),I,VNM,A,CPC_223,EX,T,AO_2026_2035,2018,2,A,3,2,_Z
DATAFLOW,OECD.TAD.ATM:DSD_AGR@DF_OUTLOOK_2026_2035(1.1),I,VNM,A,CPC_0113,EX,T,AO_2026_2035,2015,8422.21,A,3,2,_Z
DATAFLOW,OECD.TAD.ATM:DSD_AGR@DF_OUTLOOK_2026_2035(1.1),I,VNM,A,CPC_0113,EX,T,AO_2026_2035,2016,6141.3,A,3,2,_Z
DATAFLOW,OECD.TAD.ATM:DSD_AGR@DF_OUTLOOK_2026_2035(1.1),I,VNM,A,CPC_0113,EX,T,AO_2026_2035,2017,6340.59,A,3,2,_Z
DATAFLOW,OECD.TAD.ATM:DSD_AGR@DF_OUTLOOK_2026_2035(1.1),I,VNM,A,CPC_0113,EX,T,AO_2026_2035,2018,6834,A,3,2,_Z
DATAFLOW,OECD.TAD.ATM:DSD_AGR@DF_OUTLOOK_2026_2035(1.1),I,VNM,A,CPC_0113,EX,T,AO_2026_2035,2019,7199.55,A,3,2,_Z
DATAFLOW,OECD.TAD.ATM:DSD_AGR@DF_OUTLOOK_2026_2035(1.1),I,VNM,A,CPC_0113,EX,T,AO_2026_2035,2020,6632.32,A,3,2,_Z
DATAFLOW,OECD.TAD.ATM:DSD_AGR@DF_OUTLOOK_2026_2035(1.1),I,VNM,A,CPC_0113,EX,T,AO_2026_2035,2021,6412.22,A,3,2,_Z
DATAFLOW,OECD.TAD.ATM:DSD_AGR@DF_OUTLOOK_2026_2035(1.1),I,VNM,A,CPC_0113,EX,T,AO_2026_2035,2022,7140.23,A,3,2,_Z
DATAFLOW,OECD.TAD.ATM:DSD_AGR@DF_OUTLOOK_2026_2035(1.1),I,VNM,A,CPC_0113,EX,T,AO_2026_2035,2023,8199,A,3,2,_Z
DATAFLOW,OECD.TAD.ATM:DSD_AGR@DF_OUTLOOK_2026_2035(1.1),I,VNM,A,CPC_0113,EX,T,AO_2026_2035,2024,9082.829,A,3,2,_Z
DATAFLOW,OECD.TAD.ATM:DSD_AGR@DF_OUTLOOK_2026_2035(1.1),I,VNM,A,CPC_0113,EX,T,AO_2026_2035,2025,8520,A,3,2,_Z
DATAFLOW,OECD.TAD.ATM:DSD_AGR@DF_OUTLOOK_2026_2035(1.1),I,VNM,A,CPC_0113,EX,T,AO_2026_2035,2026,9207.37124138231,A,3,2,_Z
DATAFLOW,OECD.TAD.ATM:DSD_AGR@DF_OUTLOOK_2026_2035(1.1),I,VNM,A,CPC_0113,EX,T,AO_2026_2035,2027,9551.30057764737,A,3,2,_Z
DATAFLOW,OECD.TAD.ATM:DSD_AGR@DF_OUTLOOK_2026_2035(1.1),I,VNM,A,CPC_0113,EX,T,AO_2026_2035,2028,9784.38164044567,A,3,2,_Z
DATAFLOW,OECD.TAD.ATM:DSD_AGR@DF_OUTLOOK_2026_2035(1.1),I,VNM,A,CPC_0113,EX,T,AO_2026_2035,2029,9873.20691262553,A,3,2,_Z
DATAFLOW,OECD.TAD.ATM:DSD_AGR@DF_OUTLOOK_2026_2035(1.1),I,VNM,A,CPC_0113,EX,T,AO_2026_2035,2030,10064.760074134,A,3,2,_Z
DATAFLOW,OECD.TAD.ATM:DSD_AGR@DF_OUTLOOK_2026_2035(1.1),I,VNM,A,CPC_0113,EX,T,AO_2026_2035,2031,10253.7860128098,A,3,2,_Z
DATAFLOW,OECD.TAD.ATM:DSD_AGR@DF_OUTLOOK_2026_2035(1.1),I,VNM,A,CPC_0113,EX,T,AO_2026_2035,2032,10459.2238543384,A,3,2,_Z
DATAFLOW,OECD.TAD.ATM:DSD_AGR@DF_OUTLOOK_2026_2035(1.1),I,VNM,A,CPC_0113,EX,T,AO_2026_2035,2033,10657.9541850345,A,3,2,_Z
DATAFLOW,OECD.TAD.ATM:DSD_AGR@DF_OUTLOOK_2026_2035(1.1),I,VNM,A,CPC_0113,EX,T,AO_2026_2035,2034,10862.304341305,A,3,2,_Z
DATAFLOW,OECD.TAD.ATM:DSD_AGR@DF_OUTLOOK_2026_2035(1.1),I,VNM,A,CPC_0113,EX,T,AO_2026_2035,2035,11071.0675485077,A,3,2,_Z
DATAFLOW,OECD.TAD.ATM:DSD_AGR@DF_OUTLOOK_2026_2035(1.1),I,VNM,A,CPC_04,EX,T,AO_2026_2035,2015,2612.3349,A,3,2,_Z
DATAFLOW,OECD.TAD.ATM:DSD_AGR@DF_OUTLOOK_2026_2035(1.1),I,VNM,A,CPC_04,EX,T,AO_2026_2035,2016,2729.239858,A,3,2,_Z
DATAFLOW,OECD.TAD.ATM:DSD_AGR@DF_OUTLOOK_2026_2035(1.1),I,VNM,A,CPC_04,EX,T,AO_2026_2035,2017,2963.506562,A,3,2,_Z
DATAFLOW,OECD.TAD.ATM:DSD_AGR@DF_OUTLOOK_2026_2035(1.1),I,VNM,A,CPC_04,EX,T,AO_2026_2035,2018,2903.861902,A,3,2,_Z
DATAFLOW,OECD.TAD.ATM:DSD_AGR@DF_OUTLOOK_2026_2035(1.1),I,VNM,A,CPC_04,EX,T,AO_2026_2035,2019,3032.794824,A,3,2,_Z
DATAFLOW,OECD.TAD.ATM:DSD_AGR@DF_OUTLOOK_2026_2035(1.1),I,VNM,A,CPC_04,EX,T,AO_2026_2035,2020,2500.121219,A,3,2,_Z
DATAFLOW,OECD.TAD.ATM:DSD_AGR@DF_OUTLOOK_2026_2035(1.1),I,VNM,A,CPC_04,EX,T,AO_2026_2035,2021,2786.464336,A,3,2,_Z
DATAFLOW,OECD.TAD.ATM:DSD_AGR@DF_OUTLOOK_2026_2035(1.1),I,VNM,A,CPC_04,EX,T,AO_2026_2035,2022,4270.785853,A,3,2,_Z
DATAFLOW,OECD.TAD.ATM:DSD_AGR@DF_OUTLOOK_2026_2035(1.1),I,VNM,A,CPC_04,EX,T,AO_2026_2035,2023,3811.843353,A,3,2,_Z
DATAFLOW,OECD.TAD.ATM:DSD_AGR@DF_OUTLOOK_2026_2035(1.1),I,VNM,A,CPC_04,EX,T,AO_2026_2035,2024,4370.366101,A,3,2,_Z
DATAFLOW,OECD.TAD.ATM:DSD_AGR@DF_OUTLOOK_2026_2035(1.1),I,VNM,A,CPC_04,EX,T,AO_2026_2035,2025,4634.845098,A,3,2,_Z
DATAFLOW,OECD.TAD.ATM:DSD_AGR@DF_OUTLOOK_2026_2035(1.1),I,VNM,A,CPC_04,EX,T,AO_2026_2035,2026,4110.478252,A,3,2,_Z
DATAFLOW,OECD.TAD.ATM:DSD_AGR@DF_OUTLOOK_2026_2035(1.1),I,VNM,A,CPC_04,EX,T,AO_2026_2035,2027,4113.160002,A,3,2,_Z
DATAFLOW,OECD.TAD.ATM:DSD_AGR@DF_OUTLOOK_2026_2035(1.1),I,VNM,A,CPC_04,EX,T,AO_2026_2035,2028,4143.323619,A,3,2,_Z
DATAFLOW,OECD.TAD.ATM:DSD_AGR@DF_OUTLOOK_2026_2035(1.1),I,VNM,A,CPC_04,EX,T,AO_2026_2035,2029,4249.084064,A,3,2,_Z
DATAFLOW,OECD.TAD.ATM:DSD_AGR@DF_OUTLOOK_2026_2035(1.1),I,VNM,A,CPC_04,EX,T,AO_2026_2035,2030,4387.046824,A,3,2,_Z
DATAFLOW,OECD.TAD.ATM:DSD_AGR@DF_OUTLOOK_2026_2035(1.1),I,VNM,A,CPC_04,EX,T,AO_2026_2035,2031,4551.454389,A,3,2,_Z
DATAFLOW,OECD.TAD.ATM:DSD_AGR@DF_OUTLOOK_2026_2035(1.1),I,VNM,A,CPC_04,EX,T,AO_2026_2035,2032,4657.07493,A,3,2,_Z
DATAFLOW,OECD.TAD.ATM:DSD_AGR@DF_OUTLOOK_2026_2035(1.1),I,VNM,A,CPC_04,EX,T,AO_2026_2035,2033,4753.364095,A,3,2,_Z
DATAFLOW,OECD.TAD.ATM:DSD_AGR@DF_OUTLOOK_2026_2035(1.1),I,VNM,A,CPC_04,EX,T,AO_2026_2035,2034,4889.457086,A,3,2,_Z
DATAFLOW,OECD.TAD.ATM:DSD_AGR@DF_OUTLOOK_2026_2035(1.1),I,VNM,A,CPC_04,EX,T,AO_2026_2035,2035,5000.525628,A,3,2,_Z
DATAFLOW,OECD.TAD.ATM:DSD_AGR@DF_OUTLOOK_2026_2035(1.1),I,VNM,A,CPC_0111,EX,T,AO_2026_2035,2015,15.9984250246197,A,3,2,_Z
DATAFLOW,OECD.TAD.ATM:DSD_AGR@DF_OUTLOOK_2026_2035(1.1),I,VNM,A,CPC_0111,EX,T,AO_2026_2035,2016,61.996337421953,A,3,2,_Z
DATAFLOW,OECD.TAD.ATM:DSD_AGR@DF_OUTLOOK_2026_2035(1.1),I,VNM,A,CPC_0111,EX,T,AO_2026_2035,2017,48.9967187880806,A,3,2,_Z
DATAFLOW,OECD.TAD.ATM:DSD_AGR@DF_OUTLOOK_2026_2035(1.1),I,VNM,A,CPC_0111,EX,T,AO_2026_2035,2018,37.994575660876095,A,3,2,_Z
DATAFLOW,OECD.TAD.ATM:DSD_AGR@DF_OUTLOOK_2026_2035(1.1),I,VNM,A,CPC_0111,EX,T,AO_2026_2035,2019,51.9914616937905,A,3,2,_Z
DATAFLOW,OECD.TAD.ATM:DSD_AGR@DF_OUTLOOK_2026_2035(1.1),I,VNM,A,CPC_0111,EX,T,AO_2026_2035,2020,40.994773906137,A,3,2,_Z
DATAFLOW,OECD.TAD.ATM:DSD_AGR@DF_OUTLOOK_2026_2035(1.1),I,VNM,A,CPC_0111,EX,T,AO_2026_2035,2021,35.9956037932363,A,3,2,_Z
DATAFLOW,OECD.TAD.ATM:DSD_AGR@DF_OUTLOOK_2026_2035(1.1),I,VNM,A,CPC_0111,EX,T,AO_2026_2035,2022,50.99322794229649,A,3,2,_Z
DATAFLOW,OECD.TAD.ATM:DSD_AGR@DF_OUTLOOK_2026_2035(1.1),I,VNM,A,CPC_0111,EX,T,AO_2026_2035,2023,93.9888481889976,A,3,2,_Z
DATAFLOW,OECD.TAD.ATM:DSD_AGR@DF_OUTLOOK_2026_2035(1.1),I,VNM,A,CPC_0111,EX,T,AO_2026_2035,2024,479.948642097924,A,3,2,_Z
DATAFLOW,OECD.TAD.ATM:DSD_AGR@DF_OUTLOOK_2026_2035(1.1),I,VNM,A,CPC_0111,EX,T,AO_2026_2035,2025,349.9667563747,A,3,2,_Z
DATAFLOW,OECD.TAD.ATM:DSD_AGR@DF_OUTLOOK_2026_2035(1.1),I,VNM,A,CPC_0111,EX,T,AO_2026_2035,2026,345.579323459942,A,3,2,_Z
DATAFLOW,OECD.TAD.ATM:DSD_AGR@DF_OUTLOOK_2026_2035(1.1),I,VNM,A,CPC_0111,EX,T,AO_2026_2035,2027,338.97779153263,A,3,2,_Z
DATAFLOW,OECD.TAD.ATM:DSD_AGR@DF_OUTLOOK_2026_2035(1.1),I,VNM,A,CPC_0111,EX,T,AO_2026_2035,2028,331.406904544475,A,3,2,_Z
DATAFLOW,OECD.TAD.ATM:DSD_AGR@DF_OUTLOOK_2026_2035(1.1),I,VNM,A,CPC_0111,EX,T,AO_2026_2035,2029,326.734209754557,A,3,2,_Z
DATAFLOW,OECD.TAD.ATM:DSD_AGR@DF_OUTLOOK_2026_2035(1.1),I,VNM,A,CPC_0111,EX,T,AO_2026_2035,2030,321.821039914639,A,3,2,_Z
DATAFLOW,OECD.TAD.ATM:DSD_AGR@DF_OUTLOOK_2026_2035(1.1),I,VNM,A,CPC_0111,EX,T,AO_2026_2035,2031,317.724482907392,A,3,2,_Z
DATAFLOW,OECD.TAD.ATM:DSD_AGR@DF_OUTLOOK_2026_2035(1.1),I,VNM,A,CPC_0111,EX,T,AO_2026_2035,2032,315.084288411673,A,3,2,_Z
DATAFLOW,OECD.TAD.ATM:DSD_AGR@DF_OUTLOOK_2026_2035(1.1),I,VNM,A,CPC_0111,EX,T,AO_2026_2035,2033,310.598992077673,A,3,2,_Z
DATAFLOW,OECD.TAD.ATM:DSD_AGR@DF_OUTLOOK_2026_2035(1.1),I,VNM,A,CPC_0111,EX,T,AO_2026_2035,2034,306.336639089405,A,3,2,_Z
DATAFLOW,OECD.TAD.ATM:DSD_AGR@DF_OUTLOOK_2026_2035(1.1),I,VNM,A,CPC_0111,EX,T,AO_2026_2035,2035,302.287904889242,A,3,2,_Z
DATAFLOW,OECD.TAD.ATM:DSD_AGR@DF_OUTLOOK_2026_2035(1.1),I,VNM,A,CPC_2225,EX,T,AO_2026_2035,2015,0.15,A,3,2,_Z
DATAFLOW,OECD.TAD.ATM:DSD_AGR@DF_OUTLOOK_2026_2035(1.1),I,VNM,A,CPC_2225,EX,T,AO_2026_2035,2016,0.17,A,3,2,_Z
DATAFLOW,OECD.TAD.ATM:DSD_AGR@DF_OUTLOOK_2026_2035(1.1),I,VNM,A,CPC_2225,EX,T,AO_2026_2035,2017,0.16,A,3,2,_Z
DATAFLOW,OECD.TAD.ATM:DSD_AGR@DF_OUTLOOK_2026_2035(1.1),I,VNM,A,CPC_2225,EX,T,AO_2026_2035,2018,0.23,A,3,2,_Z
DATAFLOW,OECD.TAD.ATM:DSD_AGR@DF_OUTLOOK_2026_2035(1.1),I,VNM,A,CPC_2225,EX,T,AO_2026_2035,2019,0.25,A,3,2,_Z
DATAFLOW,OECD.TAD.ATM:DSD_AGR@DF_OUTLOOK_2026_2035(1.1),I,VNM,A,CPC_2225,EX,T,AO_2026_2035,2020,0.155,A,3,2,_Z
DATAFLOW,OECD.TAD.ATM:DSD_AGR@DF_OUTLOOK_2026_2035(1.1),I,VNM,A,CPC_2225,EX,T,AO_2026_2035,2021,0.186,A,3,2,_Z
DATAFLOW,OECD.TAD.ATM:DSD_AGR@DF_OUTLOOK_2026_2035(1.1),I,VNM,A,CPC_2225,EX,T,AO_2026_2035,2022,0.999,A,3,2,_Z
DATAFLOW,OECD.TAD.ATM:DSD_AGR@DF_OUTLOOK_2026_2035(1.1),I,VNM,A,CPC_2225,EX,T,AO_2026_2035,2023,1.1,A,3,2,_Z
DATAFLOW,OECD.TAD.ATM:DSD_AGR@DF_OUTLOOK_2026_2035(1.1),I,VNM,A,CPC_2225,EX,T,AO_2026_2035,2024,7.586,A,3,2,_Z
DATAFLOW,OECD.TAD.ATM:DSD_AGR@DF_OUTLOOK_2026_2035(1.1),I,VNM,A,CPC_2225,EX,T,AO_2026_2035,2025,5.007,A,3,2,_Z
DATAFLOW,OECD.TAD.ATM:DSD_AGR@DF_OUTLOOK_2026_2035(1.1),I,VNM,A,CPC_2225,EX,T,AO_2026_2035,2026,5.007,A,3,2,_Z
DATAFLOW,OECD.TAD.ATM:DSD_AGR@DF_OUTLOOK_2026_2035(1.1),I,VNM,A,CPC_2225,EX,T,AO_2026_2035,2027,5.007,A,3,2,_Z
DATAFLOW,OECD.TAD.ATM:DSD_AGR@DF_OUTLOOK_2026_2035(1.1),I,VNM,A,CPC_2225,EX,T,AO_2026_2035,2028,5.007,A,3,2,_Z
DATAFLOW,OECD.TAD.ATM:DSD_AGR@DF_OUTLOOK_2026_2035(1.1),I,VNM,A,CPC_2225,EX,T,AO_2026_2035,2029,5.007,A,3,2,_Z
DATAFLOW,OECD.TAD.ATM:DSD_AGR@DF_OUTLOOK_2026_2035(1.1),I,VNM,A,CPC_2225,EX,T,AO_2026_2035,2030,5.007,A,3,2,_Z
DATAFLOW,OECD.TAD.ATM:DSD_AGR@DF_OUTLOOK_2026_2035(1.1),I,VNM,A,CPC_2225,EX,T,AO_2026_2035,2031,5.007,A,3,2,_Z
DATAFLOW,OECD.TAD.ATM:DSD_AGR@DF_OUTLOOK_2026_2035(1.1),I,VNM,A,CPC_2225,EX,T,AO_2026_2035,2032,5.007,A,3,2,_Z
DATAFLOW,OECD.TAD.ATM:DSD_AGR@DF_OUTLOOK_2026_2035(1.1),I,VNM,A,CPC_2225,EX,T,AO_2026_2035,2033,5.007,A,3,2,_Z
DATAFLOW,OECD.TAD.ATM:DSD_AGR@DF_OUTLOOK_2026_2035(1.1),I,VNM,A,CPC_2225,EX,T,AO_2026_2035,2034,5.007,A,3,2,_Z
DATAFLOW,OECD.TAD.ATM:DSD_AGR@DF_OUTLOOK_2026_2035(1.1),I,VNM,A,CPC_2225,EX,T,AO_2026_2035,2035,5.007,A,3,2,_Z
DATAFLOW,OECD.TAD.ATM:DSD_AGR@DF_OUTLOOK_2026_2035(1.1),I,VNM,A,CPC_EX_222121,IM,T,AO_2026_2035,2015,78.02,A,3,2,_Z
DATAFLOW,OECD.TAD.ATM:DSD_AGR@DF_OUTLOOK_2026_2035(1.1),I,VNM,A,CPC_EX_222121,IM,T,AO_2026_2035,2016,78.31,A,3,2,_Z
DATAFLOW,OECD.TAD.ATM:DSD_AGR@DF_OUTLOOK_2026_2035(1.1),I,VNM,A,CPC_EX_222121,IM,T,AO_2026_2035,2017,81.77,A,3,2,_Z
DATAFLOW,OECD.TAD.ATM:DSD_AGR@DF_OUTLOOK_2026_2035(1.1),I,VNM,A,CPC_EX_222121,IM,T,AO_2026_2035,2018,86.88,A,3,2,_Z
DATAFLOW,OECD.TAD.ATM:DSD_AGR@DF_OUTLOOK_2026_2035(1.1),I,VNM,A,CPC_EX_222121,IM,T,AO_2026_2035,2019,113.03,A,3,2,_Z
DATAFLOW,OECD.TAD.ATM:DSD_AGR@DF_OUTLOOK_2026_2035(1.1),I,VNM,A,CPC_EX_222121,IM,T,AO_2026_2035,2020,99.947,A,3,2,_Z
DATAFLOW,OECD.TAD.ATM:DSD_AGR@DF_OUTLOOK_2026_2035(1.1),I,VNM,A,CPC_EX_222121,IM,T,AO_2026_2035,2021,106.622,A,3,2,_Z
DATAFLOW,OECD.TAD.ATM:DSD_AGR@DF_OUTLOOK_2026_2035(1.1),I,VNM,A,CPC_EX_222121,IM,T,AO_2026_2035,2022,90.662,A,3,2,_Z
DATAFLOW,OECD.TAD.ATM:DSD_AGR@DF_OUTLOOK_2026_2035(1.1),I,VNM,A,CPC_EX_222121,IM,T,AO_2026_2035,2023,108.877,A,3,2,_Z
DATAFLOW,OECD.TAD.ATM:DSD_AGR@DF_OUTLOOK_2026_2035(1.1),I,VNM,A,CPC_EX_222121,IM,T,AO_2026_2035,2024,90.368,A,3,2,_Z
DATAFLOW,OECD.TAD.ATM:DSD_AGR@DF_OUTLOOK_2026_2035(1.1),I,VNM,A,CPC_EX_222121,IM,T,AO_2026_2035,2025,107.478,A,3,2,_Z
DATAFLOW,OECD.TAD.ATM:DSD_AGR@DF_OUTLOOK_2026_2035(1.1),I,VNM,A,CPC_EX_222121,IM,T,AO_2026_2035,2026,110.780732097246,A,3,2,_Z
DATAFLOW,OECD.TAD.ATM:DSD_AGR@DF_OUTLOOK_2026_2035(1.1),I,VNM,A,CPC_EX_222121,IM,T,AO_2026_2035,2027,114.088272478948,A,3,2,_Z
DATAFLOW,OECD.TAD.ATM:DSD_AGR@DF_OUTLOOK_2026_2035(1.1),I,VNM,A,CPC_EX_222121,IM,T,AO_2026_2035,2028,117.405157331561,A,3,2,_Z
DATAFLOW,OECD.TAD.ATM:DSD_AGR@DF_OUTLOOK_2026_2035(1.1),I,VNM,A,CPC_EX_222121,IM,T,AO_2026_2035,2029,120.728436413663,A,3,2,_Z
DATAFLOW,OECD.TAD.ATM:DSD_AGR@DF_OUTLOOK_2026_2035(1.1),I,VNM,A,CPC_EX_222121,IM,T,AO_2026_2035,2030,124.067495703369,A,3,2,_Z
DATAFLOW,OECD.TAD.ATM:DSD_AGR@DF_OUTLOOK_2026_2035(1.1),I,VNM,A,CPC_EX_222121,IM,T,AO_2026_2035,2031,127.422399079037,A,3,2,_Z
DATAFLOW,OECD.TAD.ATM:DSD_AGR@DF_OUTLOOK_2026_2035(1.1),I,VNM,A,CPC_EX_222121,IM,T,AO_2026_2035,2032,130.786089600891,A,3,2,_Z
DATAFLOW,OECD.TAD.ATM:DSD_AGR@DF_OUTLOOK_2026_2035(1.1),I,VNM,A,CPC_EX_222121,IM,T,AO_2026_2035,2033,134.159337381619,A,3,2,_Z
DATAFLOW,OECD.TAD.ATM:DSD_AGR@DF_OUTLOOK_2026_2035(1.1),I,VNM,A,CPC_EX_222121,IM,T,AO_2026_2035,2034,137.545300382421,A,3,2,_Z
DATAFLOW,OECD.TAD.ATM:DSD_AGR@DF_OUTLOOK_2026_2035(1.1),I,VNM,A,CPC_EX_222121,IM,T,AO_2026_2035,2035,140.946143495983,A,3,2,_Z
DATAFLOW,OECD.TAD.ATM:DSD_AGR@DF_OUTLOOK_2026_2035(1.1),I,VNM,A,CPC_04,IM,T,AO_2026_2035,2015,334.7030193,A,3,2,_Z
DATAFLOW,OECD.TAD.ATM:DSD_AGR@DF_OUTLOOK_2026_2035(1.1),I,VNM,A,CPC_04,IM,T,AO_2026_2035,2016,388.4125493,A,3,2,_Z
DATAFLOW,OECD.TAD.ATM:DSD_AGR@DF_OUTLOOK_2026_2035(1.1),I,VNM,A,CPC_04,IM,T,AO_2026_2035,2017,510.2841363,A,3,2,_Z
DATAFLOW,OECD.TAD.ATM:DSD_AGR@DF_OUTLOOK_2026_2035(1.1),I,VNM,A,CPC_04,IM,T,AO_2026_2035,2018,446.698227,A,3,2,_Z
DATAFLOW,OECD.TAD.ATM:DSD_AGR@DF_OUTLOOK_2026_2035(1.1),I,VNM,A,CPC_04,IM,T,AO_2026_2035,2019,521.9583958,A,3,2,_Z
DATAFLOW,OECD.TAD.ATM:DSD_AGR@DF_OUTLOOK_2026_2035(1.1),I,VNM,A,CPC_04,IM,T,AO_2026_2035,2020,487.1024042,A,3,2,_Z
DATAFLOW,OECD.TAD.ATM:DSD_AGR@DF_OUTLOOK_2026_2035(1.1),I,VNM,A,CPC_04,IM,T,AO_2026_2035,2021,579.8622741,A,3,2,_Z
DATAFLOW,OECD.TAD.ATM:DSD_AGR@DF_OUTLOOK_2026_2035(1.1),I,VNM,A,CPC_04,IM,T,AO_2026_2035,2022,739.1347405,A,3,2,_Z
DATAFLOW,OECD.TAD.ATM:DSD_AGR@DF_OUTLOOK_2026_2035(1.1),I,VNM,A,CPC_04,IM,T,AO_2026_2035,2023,685.7695609,A,3,2,_Z
DATAFLOW,OECD.TAD.ATM:DSD_AGR@DF_OUTLOOK_2026_2035(1.1),I,VNM,A,CPC_04,IM,T,AO_2026_2035,2024,786.7923744,A,3,2,_Z
DATAFLOW,OECD.TAD.ATM:DSD_AGR@DF_OUTLOOK_2026_2035(1.1),I,VNM,A,CPC_04,IM,T,AO_2026_2035,2025,873.5840333,A,3,2,_Z
DATAFLOW,OECD.TAD.ATM:DSD_AGR@DF_OUTLOOK_2026_2035(1.1),I,VNM,A,CPC_04,IM,T,AO_2026_2035,2026,668.5611357,A,3,2,_Z
DATAFLOW,OECD.TAD.ATM:DSD_AGR@DF_OUTLOOK_2026_2035(1.1),I,VNM,A,CPC_04,IM,T,AO_2026_2035,2027,706.0043721,A,3,2,_Z
DATAFLOW,OECD.TAD.ATM:DSD_AGR@DF_OUTLOOK_2026_2035(1.1),I,VNM,A,CPC_04,IM,T,AO_2026_2035,2028,739.3528638,A,3,2,_Z
DATAFLOW,OECD.TAD.ATM:DSD_AGR@DF_OUTLOOK_2026_2035(1.1),I,VNM,A,CPC_04,IM,T,AO_2026_2035,2029,759.3219899,A,3,2,_Z
DATAFLOW,OECD.TAD.ATM:DSD_AGR@DF_OUTLOOK_2026_2035(1.1),I,VNM,A,CPC_04,IM,T,AO_2026_2035,2030,773.3872511,A,3,2,_Z
DATAFLOW,OECD.TAD.ATM:DSD_AGR@DF_OUTLOOK_2026_2035(1.1),I,VNM,A,CPC_04,IM,T,AO_2026_2035,2031,782.7484952,A,3,2,_Z
DATAFLOW,OECD.TAD.ATM:DSD_AGR@DF_OUTLOOK_2026_2035(1.1),I,VNM,A,CPC_04,IM,T,AO_2026_2035,2032,802.1165976,A,3,2,_Z
DATAFLOW,OECD.TAD.ATM:DSD_AGR@DF_OUTLOOK_2026_2035(1.1),I,VNM,A,CPC_04,IM,T,AO_2026_2035,2033,822.8525467,A,3,2,_Z
DATAFLOW,OECD.TAD.ATM:DSD_AGR@DF_OUTLOOK_2026_2035(1.1),I,VNM,A,CPC_04,IM,T,AO_2026_2035,2034,836.4626475,A,3,2,_Z
DATAFLOW,OECD.TAD.ATM:DSD_AGR@DF_OUTLOOK_2026_2035(1.1),I,VNM,A,CPC_04,IM,T,AO_2026_2035,2035,854.0899166,A,3,2,_Z
DATAFLOW,OECD.TAD.ATM:DSD_AGR@DF_OUTLOOK_2026_2035(1.1),I,VNM,A,CPC_2225,IM,T,AO_2026_2035,2015,5.45,A,3,2,_Z
DATAFLOW,OECD.TAD.ATM:DSD_AGR@DF_OUTLOOK_2026_2035(1.1),I,VNM,A,CPC_2225,IM,T,AO_2026_2035,2016,6.83,A,3,2,_Z
DATAFLOW,OECD.TAD.ATM:DSD_AGR@DF_OUTLOOK_2026_2035(1.1),I,VNM,A,CPC_2225,IM,T,AO_2026_2035,2017,9.86,A,3,2,_Z
DATAFLOW,OECD.TAD.ATM:DSD_AGR@DF_OUTLOOK_2026_2035(1.1),I,VNM,A,CPC_2225,IM,T,AO_2026_2035,2018,9.6,A,3,2,_Z
DATAFLOW,OECD.TAD.ATM:DSD_AGR@DF_OUTLOOK_2026_2035(1.1),I,VNM,A,CPC_2225,IM,T,AO_2026_2035,2019,11.35,A,3,2,_Z
DATAFLOW,OECD.TAD.ATM:DSD_AGR@DF_OUTLOOK_2026_2035(1.1),I,VNM,A,CPC_2225,IM,T,AO_2026_2035,2020,10.307,A,3,2,_Z
DATAFLOW,OECD.TAD.ATM:DSD_AGR@DF_OUTLOOK_2026_2035(1.1),I,VNM,A,CPC_2225,IM,T,AO_2026_2035,2021,9.802,A,3,2,_Z
DATAFLOW,OECD.TAD.ATM:DSD_AGR@DF_OUTLOOK_2026_2035(1.1),I,VNM,A,CPC_2225,IM,T,AO_2026_2035,2022,12.838,A,3,2,_Z
DATAFLOW,OECD.TAD.ATM:DSD_AGR@DF_OUTLOOK_2026_2035(1.1),I,VNM,A,CPC_2225,IM,T,AO_2026_2035,2023,15.794,A,3,2,_Z
DATAFLOW,OECD.TAD.ATM:DSD_AGR@DF_OUTLOOK_2026_2035(1.1),I,VNM,A,CPC_2225,IM,T,AO_2026_2035,2024,15.872,A,3,2,_Z
DATAFLOW,OECD.TAD.ATM:DSD_AGR@DF_OUTLOOK_2026_2035(1.1),I,VNM,A,CPC_2225,IM,T,AO_2026_2035,2025,17.083,A,3,2,_Z
DATAFLOW,OECD.TAD.ATM:DSD_AGR@DF_OUTLOOK_2026_2035(1.1),I,VNM,A,CPC_2225,IM,T,AO_2026_2035,2026,17.6085763538246,A,3,2,_Z
DATAFLOW,OECD.TAD.ATM:DSD_AGR@DF_OUTLOOK_2026_2035(1.1),I,VNM,A,CPC_2225,IM,T,AO_2026_2035,2027,18.1597118697772,A,3,2,_Z
DATAFLOW,OECD.TAD.ATM:DSD_AGR@DF_OUTLOOK_2026_2035(1.1),I,VNM,A,CPC_2225,IM,T,AO_2026_2035,2028,18.6954838156672,A,3,2,_Z
DATAFLOW,OECD.TAD.ATM:DSD_AGR@DF_OUTLOOK_2026_2035(1.1),I,VNM,A,CPC_2225,IM,T,AO_2026_2035,2029,19.2658492447786,A,3,2,_Z
DATAFLOW,OECD.TAD.ATM:DSD_AGR@DF_OUTLOOK_2026_2035(1.1),I,VNM,A,CPC_2225,IM,T,AO_2026_2035,2030,19.835974231521,A,3,2,_Z
DATAFLOW,OECD.TAD.ATM:DSD_AGR@DF_OUTLOOK_2026_2035(1.1),I,VNM,A,CPC_2225,IM,T,AO_2026_2035,2031,20.360047015937,A,3,2,_Z
DATAFLOW,OECD.TAD.ATM:DSD_AGR@DF_OUTLOOK_2026_2035(1.1),I,VNM,A,CPC_2225,IM,T,AO_2026_2035,2032,20.8536928267409,A,3,2,_Z
DATAFLOW,OECD.TAD.ATM:DSD_AGR@DF_OUTLOOK_2026_2035(1.1),I,VNM,A,CPC_2225,IM,T,AO_2026_2035,2033,21.3235889345151,A,3,2,_Z
DATAFLOW,OECD.TAD.ATM:DSD_AGR@DF_OUTLOOK_2026_2035(1.1),I,VNM,A,CPC_2225,IM,T,AO_2026_2035,2034,21.7895956674642,A,3,2,_Z
DATAFLOW,OECD.TAD.ATM:DSD_AGR@DF_OUTLOOK_2026_2035(1.1),I,VNM,A,CPC_2225,IM,T,AO_2026_2035,2035,22.244369895948,A,3,2,_Z
DATAFLOW,OECD.TAD.ATM:DSD_AGR@DF_OUTLOOK_2026_2035(1.1),I,VNM,A,CPC_0113,IM,T,AO_2026_2035,2015,490.14,A,3,2,_Z
DATAFLOW,OECD.TAD.ATM:DSD_AGR@DF_OUTLOOK_2026_2035(1.1),I,VNM,A,CPC_0113,IM,T,AO_2026_2035,2016,622.6,A,3,2,_Z
DATAFLOW,OECD.TAD.ATM:DSD_AGR@DF_OUTLOOK_2026_2035(1.1),I,VNM,A,CPC_0113,IM,T,AO_2026_2035,2017,767.82,A,3,2,_Z
DATAFLOW,OECD.TAD.ATM:DSD_AGR@DF_OUTLOOK_2026_2035(1.1),I,VNM,A,CPC_0113,IM,T,AO_2026_2035,2018,548.38,A,3,2,_Z
DATAFLOW,OECD.TAD.ATM:DSD_AGR@DF_OUTLOOK_2026_2035(1.1),I,VNM,A,CPC_0113,IM,T,AO_2026_2035,2019,492.02,A,3,2,_Z
DATAFLOW,OECD.TAD.ATM:DSD_AGR@DF_OUTLOOK_2026_2035(1.1),I,VNM,A,CPC_0113,IM,T,AO_2026_2035,2020,624.77,A,3,2,_Z
DATAFLOW,OECD.TAD.ATM:DSD_AGR@DF_OUTLOOK_2026_2035(1.1),I,VNM,A,CPC_0113,IM,T,AO_2026_2035,2021,2040,A,3,2,_Z
DATAFLOW,OECD.TAD.ATM:DSD_AGR@DF_OUTLOOK_2026_2035(1.1),I,VNM,A,CPC_0113,IM,T,AO_2026_2035,2022,1860,A,3,2,_Z
DATAFLOW,OECD.TAD.ATM:DSD_AGR@DF_OUTLOOK_2026_2035(1.1),I,VNM,A,CPC_0113,IM,T,AO_2026_2035,2023,2280,A,3,2,_Z
DATAFLOW,OECD.TAD.ATM:DSD_AGR@DF_OUTLOOK_2026_2035(1.1),I,VNM,A,CPC_0113,IM,T,AO_2026_2035,2024,3350,A,3,2,_Z
DATAFLOW,OECD.TAD.ATM:DSD_AGR@DF_OUTLOOK_2026_2035(1.1),I,VNM,A,CPC_0113,IM,T,AO_2026_2035,2025,3800,A,3,2,_Z
DATAFLOW,OECD.TAD.ATM:DSD_AGR@DF_OUTLOOK_2026_2035(1.1),I,VNM,A,CPC_0113,IM,T,AO_2026_2035,2026,3516.31308775281,A,3,2,_Z
DATAFLOW,OECD.TAD.ATM:DSD_AGR@DF_OUTLOOK_2026_2035(1.1),I,VNM,A,CPC_0113,IM,T,AO_2026_2035,2027,3389.69543850814,A,3,2,_Z
DATAFLOW,OECD.TAD.ATM:DSD_AGR@DF_OUTLOOK_2026_2035(1.1),I,VNM,A,CPC_0113,IM,T,AO_2026_2035,2028,3308.94697177785,A,3,2,_Z
DATAFLOW,OECD.TAD.ATM:DSD_AGR@DF_OUTLOOK_2026_2035(1.1),I,VNM,A,CPC_0113,IM,T,AO_2026_2035,2029,3279.17770653324,A,3,2,_Z
DATAFLOW,OECD.TAD.ATM:DSD_AGR@DF_OUTLOOK_2026_2035(1.1),I,VNM,A,CPC_0113,IM,T,AO_2026_2035,2030,3216.76818537151,A,3,2,_Z
DATAFLOW,OECD.TAD.ATM:DSD_AGR@DF_OUTLOOK_2026_2035(1.1),I,VNM,A,CPC_0113,IM,T,AO_2026_2035,2031,3157.46788156346,A,3,2,_Z
DATAFLOW,OECD.TAD.ATM:DSD_AGR@DF_OUTLOOK_2026_2035(1.1),I,VNM,A,CPC_0113,IM,T,AO_2026_2035,2032,3095.44957166609,A,3,2,_Z
DATAFLOW,OECD.TAD.ATM:DSD_AGR@DF_OUTLOOK_2026_2035(1.1),I,VNM,A,CPC_0113,IM,T,AO_2026_2035,2033,3037.73120411163,A,3,2,_Z
DATAFLOW,OECD.TAD.ATM:DSD_AGR@DF_OUTLOOK_2026_2035(1.1),I,VNM,A,CPC_0113,IM,T,AO_2026_2035,2034,2980.58303124122,A,3,2,_Z
DATAFLOW,OECD.TAD.ATM:DSD_AGR@DF_OUTLOOK_2026_2035(1.1),I,VNM,A,CPC_0113,IM,T,AO_2026_2035,2035,2924.37923064028,A,3,2,_Z
DATAFLOW,OECD.TAD.ATM:DSD_AGR@DF_OUTLOOK_2026_2035(1.1),I,VNM,A,CPC_2224,IM,T,AO_2026_2035,2015,9.04,A,3,2,_Z
DATAFLOW,OECD.TAD.ATM:DSD_AGR@DF_OUTLOOK_2026_2035(1.1),I,VNM,A,CPC_2224,IM,T,AO_2026_2035,2016,13.58,A,3,2,_Z
DATAFLOW,OECD.TAD.ATM:DSD_AGR@DF_OUTLOOK_2026_2035(1.1),I,VNM,A,CPC_2224,IM,T,AO_2026_2035,2017,15.33,A,3,2,_Z
DATAFLOW,OECD.TAD.ATM:DSD_AGR@DF_OUTLOOK_2026_2035(1.1),I,VNM,A,CPC_2224,IM,T,AO_2026_2035,2018,15.09,A,3,2,_Z
DATAFLOW,OECD.TAD.ATM:DSD_AGR@DF_OUTLOOK_2026_2035(1.1),I,VNM,A,CPC_2224,IM,T,AO_2026_2035,2019,17.42,A,3,2,_Z
DATAFLOW,OECD.TAD.ATM:DSD_AGR@DF_OUTLOOK_2026_2035(1.1),I,VNM,A,CPC_2224,IM,T,AO_2026_2035,2020,13.12609,A,3,2,_Z
DATAFLOW,OECD.TAD.ATM:DSD_AGR@DF_OUTLOOK_2026_2035(1.1),I,VNM,A,CPC_2224,IM,T,AO_2026_2035,2021,13.75109,A,3,2,_Z
DATAFLOW,OECD.TAD.ATM:DSD_AGR@DF_OUTLOOK_2026_2035(1.1),I,VNM,A,CPC_2224,IM,T,AO_2026_2035,2022,7.84909,A,3,2,_Z
DATAFLOW,OECD.TAD.ATM:DSD_AGR@DF_OUTLOOK_2026_2035(1.1),I,VNM,A,CPC_2224,IM,T,AO_2026_2035,2023,9.60609,A,3,2,_Z
DATAFLOW,OECD.TAD.ATM:DSD_AGR@DF_OUTLOOK_2026_2035(1.1),I,VNM,A,CPC_2224,IM,T,AO_2026_2035,2024,5.51109,A,3,2,_Z
DATAFLOW,OECD.TAD.ATM:DSD_AGR@DF_OUTLOOK_2026_2035(1.1),I,VNM,A,CPC_2224,IM,T,AO_2026_2035,2025,9.50009,A,3,2,_Z
DATAFLOW,OECD.TAD.ATM:DSD_AGR@DF_OUTLOOK_2026_2035(1.1),I,VNM,A,CPC_2224,IM,T,AO_2026_2035,2026,9.74036643542073,A,3,2,_Z
DATAFLOW,OECD.TAD.ATM:DSD_AGR@DF_OUTLOOK_2026_2035(1.1),I,VNM,A,CPC_2224,IM,T,AO_2026_2035,2027,9.98476202754298,A,3,2,_Z
DATAFLOW,OECD.TAD.ATM:DSD_AGR@DF_OUTLOOK_2026_2035(1.1),I,VNM,A,CPC_2224,IM,T,AO_2026_2035,2028,10.214821964956,A,3,2,_Z
DATAFLOW,OECD.TAD.ATM:DSD_AGR@DF_OUTLOOK_2026_2035(1.1),I,VNM,A,CPC_2224,IM,T,AO_2026_2035,2029,10.4525710848031,A,3,2,_Z
DATAFLOW,OECD.TAD.ATM:DSD_AGR@DF_OUTLOOK_2026_2035(1.1),I,VNM,A,CPC_2224,IM,T,AO_2026_2035,2030,10.6832124925935,A,3,2,_Z
DATAFLOW,OECD.TAD.ATM:DSD_AGR@DF_OUTLOOK_2026_2035(1.1),I,VNM,A,CPC_2224,IM,T,AO_2026_2035,2031,10.8886276702026,A,3,2,_Z
DATAFLOW,OECD.TAD.ATM:DSD_AGR@DF_OUTLOOK_2026_2035(1.1),I,VNM,A,CPC_2224,IM,T,AO_2026_2035,2032,11.077878936752,A,3,2,_Z
DATAFLOW,OECD.TAD.ATM:DSD_AGR@DF_OUTLOOK_2026_2035(1.1),I,VNM,A,CPC_2224,IM,T,AO_2026_2035,2033,11.2537487503715,A,3,2,_Z
DATAFLOW,OECD.TAD.ATM:DSD_AGR@DF_OUTLOOK_2026_2035(1.1),I,VNM,A,CPC_2224,IM,T,AO_2026_2035,2034,11.4247922611498,A,3,2,_Z
DATAFLOW,OECD.TAD.ATM:DSD_AGR@DF_OUTLOOK_2026_2035(1.1),I,VNM,A,CPC_2224,IM,T,AO_2026_2035,2035,11.5885285019362,A,3,2,_Z
DATAFLOW,OECD.TAD.ATM:DSD_AGR@DF_OUTLOOK_2026_2035(1.1),I,VNM,A,CPC_0111,IM,T,AO_2026_2035,2015,2924.5,A,3,2,_Z
DATAFLOW,OECD.TAD.ATM:DSD_AGR@DF_OUTLOOK_2026_2035(1.1),I,VNM,A,CPC_0111,IM,T,AO_2026_2035,2016,5575.5,A,3,2,_Z
DATAFLOW,OECD.TAD.ATM:DSD_AGR@DF_OUTLOOK_2026_2035(1.1),I,VNM,A,CPC_0111,IM,T,AO_2026_2035,2017,4895.91,A,3,2,_Z
DATAFLOW,OECD.TAD.ATM:DSD_AGR@DF_OUTLOOK_2026_2035(1.1),I,VNM,A,CPC_0111,IM,T,AO_2026_2035,2018,3371,A,3,2,_Z
DATAFLOW,OECD.TAD.ATM:DSD_AGR@DF_OUTLOOK_2026_2035(1.1),I,VNM,A,CPC_0111,IM,T,AO_2026_2035,2019,3318.54,A,3,2,_Z
DATAFLOW,OECD.TAD.ATM:DSD_AGR@DF_OUTLOOK_2026_2035(1.1),I,VNM,A,CPC_0111,IM,T,AO_2026_2035,2020,3759,A,3,2,_Z
DATAFLOW,OECD.TAD.ATM:DSD_AGR@DF_OUTLOOK_2026_2035(1.1),I,VNM,A,CPC_0111,IM,T,AO_2026_2035,2021,4524.61,A,3,2,_Z
DATAFLOW,OECD.TAD.ATM:DSD_AGR@DF_OUTLOOK_2026_2035(1.1),I,VNM,A,CPC_0111,IM,T,AO_2026_2035,2022,4119,A,3,2,_Z
DATAFLOW,OECD.TAD.ATM:DSD_AGR@DF_OUTLOOK_2026_2035(1.1),I,VNM,A,CPC_0111,IM,T,AO_2026_2035,2023,5399,A,3,2,_Z
DATAFLOW,OECD.TAD.ATM:DSD_AGR@DF_OUTLOOK_2026_2035(1.1),I,VNM,A,CPC_0111,IM,T,AO_2026_2035,2024,5500,A,3,2,_Z
DATAFLOW,OECD.TAD.ATM:DSD_AGR@DF_OUTLOOK_2026_2035(1.1),I,VNM,A,CPC_0111,IM,T,AO_2026_2035,2025,5600,A,3,2,_Z
DATAFLOW,OECD.TAD.ATM:DSD_AGR@DF_OUTLOOK_2026_2035(1.1),I,VNM,A,CPC_0111,IM,T,AO_2026_2035,2026,5671.096916530169,A,3,2,_Z
DATAFLOW,OECD.TAD.ATM:DSD_AGR@DF_OUTLOOK_2026_2035(1.1),I,VNM,A,CPC_0111,IM,T,AO_2026_2035,2027,5781.54051576448,A,3,2,_Z
DATAFLOW,OECD.TAD.ATM:DSD_AGR@DF_OUTLOOK_2026_2035(1.1),I,VNM,A,CPC_0111,IM,T,AO_2026_2035,2028,5913.617998949249,A,3,2,_Z
DATAFLOW,OECD.TAD.ATM:DSD_AGR@DF_OUTLOOK_2026_2035(1.1),I,VNM,A,CPC_0111,IM,T,AO_2026_2035,2029,5998.18989619262,A,3,2,_Z
DATAFLOW,OECD.TAD.ATM:DSD_AGR@DF_OUTLOOK_2026_2035(1.1),I,VNM,A,CPC_0111,IM,T,AO_2026_2035,2030,6089.76291982057,A,3,2,_Z
DATAFLOW,OECD.TAD.ATM:DSD_AGR@DF_OUTLOOK_2026_2035(1.1),I,VNM,A,CPC_0111,IM,T,AO_2026_2035,2031,6168.28082543923,A,3,2,_Z
DATAFLOW,OECD.TAD.ATM:DSD_AGR@DF_OUTLOOK_2026_2035(1.1),I,VNM,A,CPC_0111,IM,T,AO_2026_2035,2032,6219.96687162539,A,3,2,_Z
DATAFLOW,OECD.TAD.ATM:DSD_AGR@DF_OUTLOOK_2026_2035(1.1),I,VNM,A,CPC_0111,IM,T,AO_2026_2035,2033,6309.78813736835,A,3,2,_Z
DATAFLOW,OECD.TAD.ATM:DSD_AGR@DF_OUTLOOK_2026_2035(1.1),I,VNM,A,CPC_0111,IM,T,AO_2026_2035,2034,6397.582220383009,A,3,2,_Z
DATAFLOW,OECD.TAD.ATM:DSD_AGR@DF_OUTLOOK_2026_2035(1.1),I,VNM,A,CPC_0111,IM,T,AO_2026_2035,2035,6483.26910866096,A,3,2,_Z
DATAFLOW,OECD.TAD.ATM:DSD_AGR@DF_OUTLOOK_2026_2035(1.1),I,VNM,A,CPC_0141,IM,T,AO_2026_2035,2015,1608,A,3,2,_Z
DATAFLOW,OECD.TAD.ATM:DSD_AGR@DF_OUTLOOK_2026_2035(1.1),I,VNM,A,CPC_0141,IM,T,AO_2026_2035,2016,1705,A,3,2,_Z
DATAFLOW,OECD.TAD.ATM:DSD_AGR@DF_OUTLOOK_2026_2035(1.1),I,VNM,A,CPC_0141,IM,T,AO_2026_2035,2017,1557,A,3,2,_Z
DATAFLOW,OECD.TAD.ATM:DSD_AGR@DF_OUTLOOK_2026_2035(1.1),I,VNM,A,CPC_0141,IM,T,AO_2026_2035,2018,1922,A,3,2,_Z
DATAFLOW,OECD.TAD.ATM:DSD_AGR@DF_OUTLOOK_2026_2035(1.1),I,VNM,A,CPC_0141,IM,T,AO_2026_2035,2019,1765,A,3,2,_Z
DATAFLOW,OECD.TAD.ATM:DSD_AGR@DF_OUTLOOK_2026_2035(1.1),I,VNM,A,CPC_0141,IM,T,AO_2026_2035,2020,1954,A,3,2,_Z
DATAFLOW,OECD.TAD.ATM:DSD_AGR@DF_OUTLOOK_2026_2035(1.1),I,VNM,A,CPC_0141,IM,T,AO_2026_2035,2021,1961,A,3,2,_Z
DATAFLOW,OECD.TAD.ATM:DSD_AGR@DF_OUTLOOK_2026_2035(1.1),I,VNM,A,CPC_0141,IM,T,AO_2026_2035,2022,1925,A,3,2,_Z
DATAFLOW,OECD.TAD.ATM:DSD_AGR@DF_OUTLOOK_2026_2035(1.1),I,VNM,A,CPC_0141,IM,T,AO_2026_2035,2023,1808,A,3,2,_Z
DATAFLOW,OECD.TAD.ATM:DSD_AGR@DF_OUTLOOK_2026_2035(1.1),I,VNM,A,CPC_0141,IM,T,AO_2026_2035,2024,2500.00018,A,3,2,_Z
DATAFLOW,OECD.TAD.ATM:DSD_AGR@DF_OUTLOOK_2026_2035(1.1),I,VNM,A,CPC_0141,IM,T,AO_2026_2035,2025,2600.00018,A,3,2,_Z
DATAFLOW,OECD.TAD.ATM:DSD_AGR@DF_OUTLOOK_2026_2035(1.1),I,VNM,A,CPC_0141,IM,T,AO_2026_2035,2026,2699.42952314272,A,3,2,_Z
DATAFLOW,OECD.TAD.ATM:DSD_AGR@DF_OUTLOOK_2026_2035(1.1),I,VNM,A,CPC_0141,IM,T,AO_2026_2035,2027,2771.1072848427,A,3,2,_Z
DATAFLOW,OECD.TAD.ATM:DSD_AGR@DF_OUTLOOK_2026_2035(1.1),I,VNM,A,CPC_0141,IM,T,AO_2026_2035,2028,2835.3109133835,A,3,2,_Z
DATAFLOW,OECD.TAD.ATM:DSD_AGR@DF_OUTLOOK_2026_2035(1.1),I,VNM,A,CPC_0141,IM,T,AO_2026_2035,2029,2881.08468499269,A,3,2,_Z
DATAFLOW,OECD.TAD.ATM:DSD_AGR@DF_OUTLOOK_2026_2035(1.1),I,VNM,A,CPC_0141,IM,T,AO_2026_2035,2030,2909.81972026741,A,3,2,_Z
DATAFLOW,OECD.TAD.ATM:DSD_AGR@DF_OUTLOOK_2026_2035(1.1),I,VNM,A,CPC_0141,IM,T,AO_2026_2035,2031,2949.91516001766,A,3,2,_Z
DATAFLOW,OECD.TAD.ATM:DSD_AGR@DF_OUTLOOK_2026_2035(1.1),I,VNM,A,CPC_0141,IM,T,AO_2026_2035,2032,2988.96838628974,A,3,2,_Z
DATAFLOW,OECD.TAD.ATM:DSD_AGR@DF_OUTLOOK_2026_2035(1.1),I,VNM,A,CPC_0141,IM,T,AO_2026_2035,2033,3030.40445025742,A,3,2,_Z
DATAFLOW,OECD.TAD.ATM:DSD_AGR@DF_OUTLOOK_2026_2035(1.1),I,VNM,A,CPC_0141,IM,T,AO_2026_2035,2034,3073.50845074098,A,3,2,_Z
DATAFLOW,OECD.TAD.ATM:DSD_AGR@DF_OUTLOOK_2026_2035(1.1),I,VNM,A,CPC_0141,IM,T,AO_2026_2035,2035,3114.67649252206,A,3,2,_Z
DATAFLOW,OECD.TAD.ATM:DSD_AGR@DF_OUTLOOK_2026_2035(1.1),I,VNM,A,CPC_017,IM,T,AO_2026_2035,2015,33.6676300578035,A,3,2,_Z
DATAFLOW,OECD.TAD.ATM:DSD_AGR@DF_OUTLOOK_2026_2035(1.1),I,VNM,A,CPC_017,IM,T,AO_2026_2035,2016,39.349253731343296,A,3,2,_Z
DATAFLOW,OECD.TAD.ATM:DSD_AGR@DF_OUTLOOK_2026_2035(1.1),I,VNM,A,CPC_017,IM,T,AO_2026_2035,2017,42.5898876404494,A,3,2,_Z
DATAFLOW,OECD.TAD.ATM:DSD_AGR@DF_OUTLOOK_2026_2035(1.1),I,VNM,A,CPC_017,IM,T,AO_2026_2035,2018,47,A,3,2,_Z
DATAFLOW,OECD.TAD.ATM:DSD_AGR@DF_OUTLOOK_2026_2035(1.1),I,VNM,A,CPC_017,IM,T,AO_2026_2035,2019,70,A,3,2,_Z
DATAFLOW,OECD.TAD.ATM:DSD_AGR@DF_OUTLOOK_2026_2035(1.1),I,VNM,A,CPC_017,IM,T,AO_2026_2035,2020,86,A,3,2,_Z
DATAFLOW,OECD.TAD.ATM:DSD_AGR@DF_OUTLOOK_2026_2035(1.1),I,VNM,A,CPC_017,IM,T,AO_2026_2035,2021,123,A,3,2,_Z
DATAFLOW,OECD.TAD.ATM:DSD_AGR@DF_OUTLOOK_2026_2035(1.1),I,VNM,A,CPC_017,IM,T,AO_2026_2035,2022,208.663865546218,A,3,2,_Z
DATAFLOW,OECD.TAD.ATM:DSD_AGR@DF_OUTLOOK_2026_2035(1.1),I,VNM,A,CPC_017,IM,T,AO_2026_2035,2023,216,A,3,2,_Z
DATAFLOW,OECD.TAD.ATM:DSD_AGR@DF_OUTLOOK_2026_2035(1.1),I,VNM,A,CPC_017,IM,T,AO_2026_2035,2024,229.903457537908,A,3,2,_Z
DATAFLOW,OECD.TAD.ATM:DSD_AGR@DF_OUTLOOK_2026_2035(1.1),I,VNM,A,CPC_017,IM,T,AO_2026_2035,2025,244.497267618132,A,3,2,_Z
DATAFLOW,OECD.TAD.ATM:DSD_AGR@DF_OUTLOOK_2026_2035(1.1),I,VNM,A,CPC_017,IM,T,AO_2026_2035,2026,261.773269664342,A,3,2,_Z
DATAFLOW,OECD.TAD.ATM:DSD_AGR@DF_OUTLOOK_2026_2035(1.1),I,VNM,A,CPC_017,IM,T,AO_2026_2035,2027,264.889223681476,A,3,2,_Z
DATAFLOW,OECD.TAD.ATM:DSD_AGR@DF_OUTLOOK_2026_2035(1.1),I,VNM,A,CPC_017,IM,T,AO_2026_2035,2028,268.54847609717,A,3,2,_Z
DATAFLOW,OECD.TAD.ATM:DSD_AGR@DF_OUTLOOK_2026_2035(1.1),I,VNM,A,CPC_017,IM,T,AO_2026_2035,2029,272.330963183928,A,3,2,_Z
DATAFLOW,OECD.TAD.ATM:DSD_AGR@DF_OUTLOOK_2026_2035(1.1),I,VNM,A,CPC_017,IM,T,AO_2026_2035,2030,277.044259327486,A,3,2,_Z
DATAFLOW,OECD.TAD.ATM:DSD_AGR@DF_OUTLOOK_2026_2035(1.1),I,VNM,A,CPC_017,IM,T,AO_2026_2035,2031,279.412712864976,A,3,2,_Z
DATAFLOW,OECD.TAD.ATM:DSD_AGR@DF_OUTLOOK_2026_2035(1.1),I,VNM,A,CPC_017,IM,T,AO_2026_2035,2032,278.485641846595,A,3,2,_Z
DATAFLOW,OECD.TAD.ATM:DSD_AGR@DF_OUTLOOK_2026_2035(1.1),I,VNM,A,CPC_017,IM,T,AO_2026_2035,2033,282.929577688848,A,3,2,_Z
DATAFLOW,OECD.TAD.ATM:DSD_AGR@DF_OUTLOOK_2026_2035(1.1),I,VNM,A,CPC_017,IM,T,AO_2026_2035,2034,286.57912474271,A,3,2,_Z
DATAFLOW,OECD.TAD.ATM:DSD_AGR@DF_OUTLOOK_2026_2035(1.1),I,VNM,A,CPC_017,IM,T,AO_2026_2035,2035,289.691173736615,A,3,2,_Z
DATAFLOW,OECD.TAD.ATM:DSD_AGR@DF_OUTLOOK_2026_2035(1.1),I,VNM,A,CPC_223,IM,T,AO_2026_2035,2015,3,A,3,2,_Z
DATAFLOW,OECD.TAD.ATM:DSD_AGR@DF_OUTLOOK_2026_2035(1.1),I,VNM,A,CPC_223,IM,T,AO_2026_2035,2016,3,A,3,2,_Z
DATAFLOW,OECD.TAD.ATM:DSD_AGR@DF_OUTLOOK_2026_2035(1.1),I,VNM,A,CPC_223,IM,T,AO_2026_2035,2017,4,A,3,2,_Z
DATAFLOW,OECD.TAD.ATM:DSD_AGR@DF_OUTLOOK_2026_2035(1.1),I,VNM,A,CPC_223,IM,T,AO_2026_2035,2018,4,A,3,2,_Z
DATAFLOW,OECD.TAD.ATM:DSD_AGR@DF_OUTLOOK_2026_2035(1.1),I,VNM,A,CPC_223,IM,T,AO_2026_2035,2019,4,A,3,2,_Z
DATAFLOW,OECD.TAD.ATM:DSD_AGR@DF_OUTLOOK_2026_2035(1.1),I,VNM,A,CPC_223,IM,T,AO_2026_2035,2020,5,A,3,2,_Z
DATAFLOW,OECD.TAD.ATM:DSD_AGR@DF_OUTLOOK_2026_2035(1.1),I,VNM,A,CPC_223,IM,T,AO_2026_2035,2021,5,A,3,2,_Z
DATAFLOW,OECD.TAD.ATM:DSD_AGR@DF_OUTLOOK_2026_2035(1.1),I,VNM,A,CPC_223,IM,T,AO_2026_2035,2022,6,A,3,2,_Z
DATAFLOW,OECD.TAD.ATM:DSD_AGR@DF_OUTLOOK_2026_2035(1.1),I,VNM,A,CPC_223,IM,T,AO_2026_2035,2023,5,A,3,2,_Z
DATAFLOW,OECD.TAD.ATM:DSD_AGR@DF_OUTLOOK_2026_2035(1.1),I,VNM,A,CPC_223,IM,T,AO_2026_2035,2024,5,A,3,2,_Z
DATAFLOW,OECD.TAD.ATM:DSD_AGR@DF_OUTLOOK_2026_2035(1.1),I,VNM,A,CPC_223,IM,T,AO_2026_2035,2025,5,A,3,2,_Z
DATAFLOW,OECD.TAD.ATM:DSD_AGR@DF_OUTLOOK_2026_2035(1.1),I,VNM,A,CPC_223,IM,T,AO_2026_2035,2026,5,A,3,2,_Z
DATAFLOW,OECD.TAD.ATM:DSD_AGR@DF_OUTLOOK_2026_2035(1.1),I,VNM,A,CPC_223,IM,T,AO_2026_2035,2027,5,A,3,2,_Z
DATAFLOW,OECD.TAD.ATM:DSD_AGR@DF_OUTLOOK_2026_2035(1.1),I,VNM,A,CPC_223,IM,T,AO_2026_2035,2028,5,A,3,2,_Z
DATAFLOW,OECD.TAD.ATM:DSD_AGR@DF_OUTLOOK_2026_2035(1.1),I,VNM,A,CPC_223,IM,T,AO_2026_2035,2029,5,A,3,2,_Z
DATAFLOW,OECD.TAD.ATM:DSD_AGR@DF_OUTLOOK_2026_2035(1.1),I,VNM,A,CPC_223,IM,T,AO_2026_2035,2030,5,A,3,2,_Z
DATAFLOW,OECD.TAD.ATM:DSD_AGR@DF_OUTLOOK_2026_2035(1.1),I,VNM,A,CPC_223,IM,T,AO_2026_2035,2031,5,A,3,2,_Z
DATAFLOW,OECD.TAD.ATM:DSD_AGR@DF_OUTLOOK_2026_2035(1.1),I,VNM,A,CPC_223,IM,T,AO_2026_2035,2032,5,A,3,2,_Z
DATAFLOW,OECD.TAD.ATM:DSD_AGR@DF_OUTLOOK_2026_2035(1.1),I,VNM,A,CPC_223,IM,T,AO_2026_2035,2033,5,A,3,2,_Z
DATAFLOW,OECD.TAD.ATM:DSD_AGR@DF_OUTLOOK_2026_2035(1.1),I,VNM,A,CPC_223,IM,T,AO_2026_2035,2034,5,A,3,2,_Z
DATAFLOW,OECD.TAD.ATM:DSD_AGR@DF_OUTLOOK_2026_2035(1.1),I,VNM,A,CPC_223,IM,T,AO_2026_2035,2035,5,A,3,2,_Z
DATAFLOW,OECD.TAD.ATM:DSD_AGR@DF_OUTLOOK_2026_2035(1.1),I,VNM,A,CPC_22211,IM,T,AO_2026_2035,2015,46.79,A,3,2,_Z
DATAFLOW,OECD.TAD.ATM:DSD_AGR@DF_OUTLOOK_2026_2035(1.1),I,VNM,A,CPC_22211,IM,T,AO_2026_2035,2016,39.95,A,3,2,_Z
DATAFLOW,OECD.TAD.ATM:DSD_AGR@DF_OUTLOOK_2026_2035(1.1),I,VNM,A,CPC_22211,IM,T,AO_2026_2035,2017,46.03,A,3,2,_Z
DATAFLOW,OECD.TAD.ATM:DSD_AGR@DF_OUTLOOK_2026_2035(1.1),I,VNM,A,CPC_22211,IM,T,AO_2026_2035,2018,51.1,A,3,2,_Z
DATAFLOW,OECD.TAD.ATM:DSD_AGR@DF_OUTLOOK_2026_2035(1.1),I,VNM,A,CPC_22211,IM,T,AO_2026_2035,2019,39.25,A,3,2,_Z
DATAFLOW,OECD.TAD.ATM:DSD_AGR@DF_OUTLOOK_2026_2035(1.1),I,VNM,A,CPC_22211,IM,T,AO_2026_2035,2020,53.877,A,3,2,_Z
DATAFLOW,OECD.TAD.ATM:DSD_AGR@DF_OUTLOOK_2026_2035(1.1),I,VNM,A,CPC_22211,IM,T,AO_2026_2035,2021,52.692,A,3,2,_Z
DATAFLOW,OECD.TAD.ATM:DSD_AGR@DF_OUTLOOK_2026_2035(1.1),I,VNM,A,CPC_22211,IM,T,AO_2026_2035,2022,45.829,A,3,2,_Z
DATAFLOW,OECD.TAD.ATM:DSD_AGR@DF_OUTLOOK_2026_2035(1.1),I,VNM,A,CPC_22211,IM,T,AO_2026_2035,2023,93.677,A,3,2,_Z
DATAFLOW,OECD.TAD.ATM:DSD_AGR@DF_OUTLOOK_2026_2035(1.1),I,VNM,A,CPC_22211,IM,T,AO_2026_2035,2024,32.467,A,3,2,_Z
DATAFLOW,OECD.TAD.ATM:DSD_AGR@DF_OUTLOOK_2026_2035(1.1),I,VNM,A,CPC_22211,IM,T,AO_2026_2035,2025,28.671,A,3,2,_Z
DATAFLOW,OECD.TAD.ATM:DSD_AGR@DF_OUTLOOK_2026_2035(1.1),I,VNM,A,CPC_22211,IM,T,AO_2026_2035,2026,28.6979949004873,A,3,2,_Z
DATAFLOW,OECD.TAD.ATM:DSD_AGR@DF_OUTLOOK_2026_2035(1.1),I,VNM,A,CPC_22211,IM,T,AO_2026_2035,2027,28.7263920460348,A,3,2,_Z
DATAFLOW,OECD.TAD.ATM:DSD_AGR@DF_OUTLOOK_2026_2035(1.1),I,VNM,A,CPC_22211,IM,T,AO_2026_2035,2028,28.7539971993637,A,3,2,_Z
DATAFLOW,OECD.TAD.ATM:DSD_AGR@DF_OUTLOOK_2026_2035(1.1),I,VNM,A,CPC_22211,IM,T,AO_2026_2035,2029,28.7833847678164,A,3,2,_Z
DATAFLOW,OECD.TAD.ATM:DSD_AGR@DF_OUTLOOK_2026_2035(1.1),I,VNM,A,CPC_22211,IM,T,AO_2026_2035,2030,28.8127597073694,A,3,2,_Z
DATAFLOW,OECD.TAD.ATM:DSD_AGR@DF_OUTLOOK_2026_2035(1.1),I,VNM,A,CPC_22211,IM,T,AO_2026_2035,2031,28.8397612833106,A,3,2,_Z
DATAFLOW,OECD.TAD.ATM:DSD_AGR@DF_OUTLOOK_2026_2035(1.1),I,VNM,A,CPC_22211,IM,T,AO_2026_2035,2032,28.865194996859,A,3,2,_Z
DATAFLOW,OECD.TAD.ATM:DSD_AGR@DF_OUTLOOK_2026_2035(1.1),I,VNM,A,CPC_22211,IM,T,AO_2026_2035,2033,28.8894048140408,A,3,2,_Z
DATAFLOW,OECD.TAD.ATM:DSD_AGR@DF_OUTLOOK_2026_2035(1.1),I,VNM,A,CPC_22211,IM,T,AO_2026_2035,2034,28.9134142101832,A,3,2,_Z
DATAFLOW,OECD.TAD.ATM:DSD_AGR@DF_OUTLOOK_2026_2035(1.1),I,VNM,A,CPC_22211,IM,T,AO_2026_2035,2035,28.9368447863614,A,3,2,_Z
DATAFLOW,OECD.TAD.ATM:DSD_AGR@DF_OUTLOOK_2026_2035(1.1),I,VNM,A,CPC_017,QC,T,AO_2026_2035,2015,335,A,3,2,_Z
DATAFLOW,OECD.TAD.ATM:DSD_AGR@DF_OUTLOOK_2026_2035(1.1),I,VNM,A,CPC_017,QC,T,AO_2026_2035,2016,326,A,3,2,_Z
DATAFLOW,OECD.TAD.ATM:DSD_AGR@DF_OUTLOOK_2026_2035(1.1),I,VNM,A,CPC_017,QC,T,AO_2026_2035,2017,343,A,3,2,_Z
DATAFLOW,OECD.TAD.ATM:DSD_AGR@DF_OUTLOOK_2026_2035(1.1),I,VNM,A,CPC_017,QC,T,AO_2026_2035,2018,376.788918205805,A,3,2,_Z
DATAFLOW,OECD.TAD.ATM:DSD_AGR@DF_OUTLOOK_2026_2035(1.1),I,VNM,A,CPC_017,QC,T,AO_2026_2035,2019,385.802739726027,A,3,2,_Z
DATAFLOW,OECD.TAD.ATM:DSD_AGR@DF_OUTLOOK_2026_2035(1.1),I,VNM,A,CPC_017,QC,T,AO_2026_2035,2020,381.593667546174,A,3,2,_Z
DATAFLOW,OECD.TAD.ATM:DSD_AGR@DF_OUTLOOK_2026_2035(1.1),I,VNM,A,CPC_017,QC,T,AO_2026_2035,2021,417.79512195122,A,3,2,_Z
DATAFLOW,OECD.TAD.ATM:DSD_AGR@DF_OUTLOOK_2026_2035(1.1),I,VNM,A,CPC_017,QC,T,AO_2026_2035,2022,469,A,3,2,_Z
DATAFLOW,OECD.TAD.ATM:DSD_AGR@DF_OUTLOOK_2026_2035(1.1),I,VNM,A,CPC_017,QC,T,AO_2026_2035,2023,492.95617529880496,A,3,2,_Z
DATAFLOW,OECD.TAD.ATM:DSD_AGR@DF_OUTLOOK_2026_2035(1.1),I,VNM,A,CPC_017,QC,T,AO_2026_2035,2024,505.25,A,3,2,_Z
DATAFLOW,OECD.TAD.ATM:DSD_AGR@DF_OUTLOOK_2026_2035(1.1),I,VNM,A,CPC_017,QC,T,AO_2026_2035,2025,519.9419,A,3,2,_Z
DATAFLOW,OECD.TAD.ATM:DSD_AGR@DF_OUTLOOK_2026_2035(1.1),I,VNM,A,CPC_017,QC,T,AO_2026_2035,2026,524.18662669998,A,3,2,_Z
DATAFLOW,OECD.TAD.ATM:DSD_AGR@DF_OUTLOOK_2026_2035(1.1),I,VNM,A,CPC_017,QC,T,AO_2026_2035,2027,528.630761163546,A,3,2,_Z
DATAFLOW,OECD.TAD.ATM:DSD_AGR@DF_OUTLOOK_2026_2035(1.1),I,VNM,A,CPC_017,QC,T,AO_2026_2035,2028,534.1285560735249,A,3,2,_Z
DATAFLOW,OECD.TAD.ATM:DSD_AGR@DF_OUTLOOK_2026_2035(1.1),I,VNM,A,CPC_017,QC,T,AO_2026_2035,2029,538.6645211069231,A,3,2,_Z
DATAFLOW,OECD.TAD.ATM:DSD_AGR@DF_OUTLOOK_2026_2035(1.1),I,VNM,A,CPC_017,QC,T,AO_2026_2035,2030,543.1270153590431,A,3,2,_Z
DATAFLOW,OECD.TAD.ATM:DSD_AGR@DF_OUTLOOK_2026_2035(1.1),I,VNM,A,CPC_017,QC,T,AO_2026_2035,2031,545.048580929109,A,3,2,_Z
DATAFLOW,OECD.TAD.ATM:DSD_AGR@DF_OUTLOOK_2026_2035(1.1),I,VNM,A,CPC_017,QC,T,AO_2026_2035,2032,543.381935616296,A,3,2,_Z
DATAFLOW,OECD.TAD.ATM:DSD_AGR@DF_OUTLOOK_2026_2035(1.1),I,VNM,A,CPC_017,QC,T,AO_2026_2035,2033,547.14482352678,A,3,2,_Z
DATAFLOW,OECD.TAD.ATM:DSD_AGR@DF_OUTLOOK_2026_2035(1.1),I,VNM,A,CPC_017,QC,T,AO_2026_2035,2034,550.172487531942,A,3,2,_Z
DATAFLOW,OECD.TAD.ATM:DSD_AGR@DF_OUTLOOK_2026_2035(1.1),I,VNM,A,CPC_017,QC,T,AO_2026_2035,2035,552.622937216094,A,3,2,_Z
DATAFLOW,OECD.TAD.ATM:DSD_AGR@DF_OUTLOOK_2026_2035(1.1),I,VNM,A,CPC_0111,QC,T,AO_2026_2035,2015,2908.50166497538,A,3,2,_Z
DATAFLOW,OECD.TAD.ATM:DSD_AGR@DF_OUTLOOK_2026_2035(1.1),I,VNM,A,CPC_0111,QC,T,AO_2026_2035,2016,4780.50375257806,A,3,2,_Z
DATAFLOW,OECD.TAD.ATM:DSD_AGR@DF_OUTLOOK_2026_2035(1.1),I,VNM,A,CPC_0111,QC,T,AO_2026_2035,2017,4693.913371211929,A,3,2,_Z
DATAFLOW,OECD.TAD.ATM:DSD_AGR@DF_OUTLOOK_2026_2035(1.1),I,VNM,A,CPC_0111,QC,T,AO_2026_2035,2018,3617.00551433912,A,3,2,_Z
DATAFLOW,OECD.TAD.ATM:DSD_AGR@DF_OUTLOOK_2026_2035(1.1),I,VNM,A,CPC_0111,QC,T,AO_2026_2035,2019,3328.5486283062,A,3,2,_Z
DATAFLOW,OECD.TAD.ATM:DSD_AGR@DF_OUTLOOK_2026_2035(1.1),I,VNM,A,CPC_0111,QC,T,AO_2026_2035,2020,3478.00531609387,A,3,2,_Z
DATAFLOW,OECD.TAD.ATM:DSD_AGR@DF_OUTLOOK_2026_2035(1.1),I,VNM,A,CPC_0111,QC,T,AO_2026_2035,2021,4228.61448620676,A,3,2,_Z
DATAFLOW,OECD.TAD.ATM:DSD_AGR@DF_OUTLOOK_2026_2035(1.1),I,VNM,A,CPC_0111,QC,T,AO_2026_2035,2022,3928.0068620576894,A,3,2,_Z
DATAFLOW,OECD.TAD.ATM:DSD_AGR@DF_OUTLOOK_2026_2035(1.1),I,VNM,A,CPC_0111,QC,T,AO_2026_2035,2023,5085.011241811009,A,3,2,_Z
DATAFLOW,OECD.TAD.ATM:DSD_AGR@DF_OUTLOOK_2026_2035(1.1),I,VNM,A,CPC_0111,QC,T,AO_2026_2035,2024,4990.05144790208,A,3,2,_Z
DATAFLOW,OECD.TAD.ATM:DSD_AGR@DF_OUTLOOK_2026_2035(1.1),I,VNM,A,CPC_0111,QC,T,AO_2026_2035,2025,5410.03333362529,A,3,2,_Z
DATAFLOW,OECD.TAD.ATM:DSD_AGR@DF_OUTLOOK_2026_2035(1.1),I,VNM,A,CPC_0111,QC,T,AO_2026_2035,2026,5493.55355724084,A,3,2,_Z
DATAFLOW,OECD.TAD.ATM:DSD_AGR@DF_OUTLOOK_2026_2035(1.1),I,VNM,A,CPC_0111,QC,T,AO_2026_2035,2027,5512.848696340009,A,3,2,_Z
DATAFLOW,OECD.TAD.ATM:DSD_AGR@DF_OUTLOOK_2026_2035(1.1),I,VNM,A,CPC_0111,QC,T,AO_2026_2035,2028,5593.67840117286,A,3,2,_Z
DATAFLOW,OECD.TAD.ATM:DSD_AGR@DF_OUTLOOK_2026_2035(1.1),I,VNM,A,CPC_0111,QC,T,AO_2026_2035,2029,5677.6628751421695,A,3,2,_Z
DATAFLOW,OECD.TAD.ATM:DSD_AGR@DF_OUTLOOK_2026_2035(1.1),I,VNM,A,CPC_0111,QC,T,AO_2026_2035,2030,5765.9045072563695,A,3,2,_Z
DATAFLOW,OECD.TAD.ATM:DSD_AGR@DF_OUTLOOK_2026_2035(1.1),I,VNM,A,CPC_0111,QC,T,AO_2026_2035,2031,5850.95339438861,A,3,2,_Z
DATAFLOW,OECD.TAD.ATM:DSD_AGR@DF_OUTLOOK_2026_2035(1.1),I,VNM,A,CPC_0111,QC,T,AO_2026_2035,2032,5907.08176975433,A,3,2,_Z
DATAFLOW,OECD.TAD.ATM:DSD_AGR@DF_OUTLOOK_2026_2035(1.1),I,VNM,A,CPC_0111,QC,T,AO_2026_2035,2033,6002.917726561031,A,3,2,_Z
DATAFLOW,OECD.TAD.ATM:DSD_AGR@DF_OUTLOOK_2026_2035(1.1),I,VNM,A,CPC_0111,QC,T,AO_2026_2035,2034,6095.19560508209,A,3,2,_Z
DATAFLOW,OECD.TAD.ATM:DSD_AGR@DF_OUTLOOK_2026_2035(1.1),I,VNM,A,CPC_0111,QC,T,AO_2026_2035,2035,6184.53798277539,A,3,2,_Z
DATAFLOW,OECD.TAD.ATM:DSD_AGR@DF_OUTLOOK_2026_2035(1.1),I,VNM,A,CPC_2224,QC,T,AO_2026_2035,2015,9.034,A,3,2,_Z
DATAFLOW,OECD.TAD.ATM:DSD_AGR@DF_OUTLOOK_2026_2035(1.1),I,VNM,A,CPC_2224,QC,T,AO_2026_2035,2016,13.57,A,3,2,_Z
DATAFLOW,OECD.TAD.ATM:DSD_AGR@DF_OUTLOOK_2026_2035(1.1),I,VNM,A,CPC_2224,QC,T,AO_2026_2035,2017,15.14,A,3,2,_Z
DATAFLOW,OECD.TAD.ATM:DSD_AGR@DF_OUTLOOK_2026_2035(1.1),I,VNM,A,CPC_2224,QC,T,AO_2026_2035,2018,14.93,A,3,2,_Z
DATAFLOW,OECD.TAD.ATM:DSD_AGR@DF_OUTLOOK_2026_2035(1.1),I,VNM,A,CPC_2224,QC,T,AO_2026_2035,2019,17.37,A,3,2,_Z
DATAFLOW,OECD.TAD.ATM:DSD_AGR@DF_OUTLOOK_2026_2035(1.1),I,VNM,A,CPC_2224,QC,T,AO_2026_2035,2020,12.90313,A,3,2,_Z
DATAFLOW,OECD.TAD.ATM:DSD_AGR@DF_OUTLOOK_2026_2035(1.1),I,VNM,A,CPC_2224,QC,T,AO_2026_2035,2021,13.38694,A,3,2,_Z
DATAFLOW,OECD.TAD.ATM:DSD_AGR@DF_OUTLOOK_2026_2035(1.1),I,VNM,A,CPC_2224,QC,T,AO_2026_2035,2022,6.91876,A,3,2,_Z
DATAFLOW,OECD.TAD.ATM:DSD_AGR@DF_OUTLOOK_2026_2035(1.1),I,VNM,A,CPC_2224,QC,T,AO_2026_2035,2023,9.1902,A,3,2,_Z
DATAFLOW,OECD.TAD.ATM:DSD_AGR@DF_OUTLOOK_2026_2035(1.1),I,VNM,A,CPC_2224,QC,T,AO_2026_2035,2024,5.1332,A,3,2,_Z
DATAFLOW,OECD.TAD.ATM:DSD_AGR@DF_OUTLOOK_2026_2035(1.1),I,VNM,A,CPC_2224,QC,T,AO_2026_2035,2025,9.1102,A,3,2,_Z
DATAFLOW,OECD.TAD.ATM:DSD_AGR@DF_OUTLOOK_2026_2035(1.1),I,VNM,A,CPC_2224,QC,T,AO_2026_2035,2026,9.36986380604115,A,3,2,_Z
DATAFLOW,OECD.TAD.ATM:DSD_AGR@DF_OUTLOOK_2026_2035(1.1),I,VNM,A,CPC_2224,QC,T,AO_2026_2035,2027,9.63477689908086,A,3,2,_Z
DATAFLOW,OECD.TAD.ATM:DSD_AGR@DF_OUTLOOK_2026_2035(1.1),I,VNM,A,CPC_2224,QC,T,AO_2026_2035,2028,9.886961631819249,A,3,2,_Z
DATAFLOW,OECD.TAD.ATM:DSD_AGR@DF_OUTLOOK_2026_2035(1.1),I,VNM,A,CPC_2224,QC,T,AO_2026_2035,2029,10.1481631810273,A,3,2,_Z
DATAFLOW,OECD.TAD.ATM:DSD_AGR@DF_OUTLOOK_2026_2035(1.1),I,VNM,A,CPC_2224,QC,T,AO_2026_2035,2030,10.4035990477856,A,3,2,_Z
DATAFLOW,OECD.TAD.ATM:DSD_AGR@DF_OUTLOOK_2026_2035(1.1),I,VNM,A,CPC_2224,QC,T,AO_2026_2035,2031,10.6350939676969,A,3,2,_Z
DATAFLOW,OECD.TAD.ATM:DSD_AGR@DF_OUTLOOK_2026_2035(1.1),I,VNM,A,CPC_2224,QC,T,AO_2026_2035,2032,10.8499603051136,A,3,2,_Z
DATAFLOW,OECD.TAD.ATM:DSD_AGR@DF_OUTLOOK_2026_2035(1.1),I,VNM,A,CPC_2224,QC,T,AO_2026_2035,2033,11.0516734214439,A,3,2,_Z
DATAFLOW,OECD.TAD.ATM:DSD_AGR@DF_OUTLOOK_2026_2035(1.1),I,VNM,A,CPC_2224,QC,T,AO_2026_2035,2034,11.2485380280456,A,3,2,_Z
DATAFLOW,OECD.TAD.ATM:DSD_AGR@DF_OUTLOOK_2026_2035(1.1),I,VNM,A,CPC_2224,QC,T,AO_2026_2035,2035,11.4380566543075,A,3,2,_Z
DATAFLOW,OECD.TAD.ATM:DSD_AGR@DF_OUTLOOK_2026_2035(1.1),I,VNM,A,CPC_0113,QC,T,AO_2026_2035,2015,21817.08,A,3,2,_Z
DATAFLOW,OECD.TAD.ATM:DSD_AGR@DF_OUTLOOK_2026_2035(1.1),I,VNM,A,CPC_0113,QC,T,AO_2026_2035,2016,22198.6100000001,A,3,2,_Z
DATAFLOW,OECD.TAD.ATM:DSD_AGR@DF_OUTLOOK_2026_2035(1.1),I,VNM,A,CPC_0113,QC,T,AO_2026_2035,2017,22507.51,A,3,2,_Z
DATAFLOW,OECD.TAD.ATM:DSD_AGR@DF_OUTLOOK_2026_2035(1.1),I,VNM,A,CPC_0113,QC,T,AO_2026_2035,2018,22644.28,A,3,2,_Z
DATAFLOW,OECD.TAD.ATM:DSD_AGR@DF_OUTLOOK_2026_2035(1.1),I,VNM,A,CPC_0113,QC,T,AO_2026_2035,2019,22064.48,A,3,2,_Z
DATAFLOW,OECD.TAD.ATM:DSD_AGR@DF_OUTLOOK_2026_2035(1.1),I,VNM,A,CPC_0113,QC,T,AO_2026_2035,2020,21339.56,A,3,2,_Z
DATAFLOW,OECD.TAD.ATM:DSD_AGR@DF_OUTLOOK_2026_2035(1.1),I,VNM,A,CPC_0113,QC,T,AO_2026_2035,2021,23101.97,A,3,2,_Z
DATAFLOW,OECD.TAD.ATM:DSD_AGR@DF_OUTLOOK_2026_2035(1.1),I,VNM,A,CPC_0113,QC,T,AO_2026_2035,2022,22614.22,A,3,2,_Z
DATAFLOW,OECD.TAD.ATM:DSD_AGR@DF_OUTLOOK_2026_2035(1.1),I,VNM,A,CPC_0113,QC,T,AO_2026_2035,2023,22534.7,A,3,2,_Z
DATAFLOW,OECD.TAD.ATM:DSD_AGR@DF_OUTLOOK_2026_2035(1.1),I,VNM,A,CPC_0113,QC,T,AO_2026_2035,2024,22345.711,A,3,2,_Z
DATAFLOW,OECD.TAD.ATM:DSD_AGR@DF_OUTLOOK_2026_2035(1.1),I,VNM,A,CPC_0113,QC,T,AO_2026_2035,2025,22990,A,3,2,_Z
DATAFLOW,OECD.TAD.ATM:DSD_AGR@DF_OUTLOOK_2026_2035(1.1),I,VNM,A,CPC_0113,QC,T,AO_2026_2035,2026,23149.3872445969,A,3,2,_Z
DATAFLOW,OECD.TAD.ATM:DSD_AGR@DF_OUTLOOK_2026_2035(1.1),I,VNM,A,CPC_0113,QC,T,AO_2026_2035,2027,23223.8989965277,A,3,2,_Z
DATAFLOW,OECD.TAD.ATM:DSD_AGR@DF_OUTLOOK_2026_2035(1.1),I,VNM,A,CPC_0113,QC,T,AO_2026_2035,2028,23319.7158739894,A,3,2,_Z
DATAFLOW,OECD.TAD.ATM:DSD_AGR@DF_OUTLOOK_2026_2035(1.1),I,VNM,A,CPC_0113,QC,T,AO_2026_2035,2029,23410.7338582673,A,3,2,_Z
DATAFLOW,OECD.TAD.ATM:DSD_AGR@DF_OUTLOOK_2026_2035(1.1),I,VNM,A,CPC_0113,QC,T,AO_2026_2035,2030,23516.2219604944,A,3,2,_Z
DATAFLOW,OECD.TAD.ATM:DSD_AGR@DF_OUTLOOK_2026_2035(1.1),I,VNM,A,CPC_0113,QC,T,AO_2026_2035,2031,23632.2045448137,A,3,2,_Z
DATAFLOW,OECD.TAD.ATM:DSD_AGR@DF_OUTLOOK_2026_2035(1.1),I,VNM,A,CPC_0113,QC,T,AO_2026_2035,2032,23736.237100671,A,3,2,_Z
DATAFLOW,OECD.TAD.ATM:DSD_AGR@DF_OUTLOOK_2026_2035(1.1),I,VNM,A,CPC_0113,QC,T,AO_2026_2035,2033,23856.377277263,A,3,2,_Z
DATAFLOW,OECD.TAD.ATM:DSD_AGR@DF_OUTLOOK_2026_2035(1.1),I,VNM,A,CPC_0113,QC,T,AO_2026_2035,2034,23978.9115420985,A,3,2,_Z
DATAFLOW,OECD.TAD.ATM:DSD_AGR@DF_OUTLOOK_2026_2035(1.1),I,VNM,A,CPC_0113,QC,T,AO_2026_2035,2035,24104.2791859806,A,3,2,_Z
DATAFLOW,OECD.TAD.ATM:DSD_AGR@DF_OUTLOOK_2026_2035(1.1),I,VNM,A,CPC_2225,QC,T,AO_2026_2035,2015,5.3,A,3,2,_Z
DATAFLOW,OECD.TAD.ATM:DSD_AGR@DF_OUTLOOK_2026_2035(1.1),I,VNM,A,CPC_2225,QC,T,AO_2026_2035,2016,6.66,A,3,2,_Z
DATAFLOW,OECD.TAD.ATM:DSD_AGR@DF_OUTLOOK_2026_2035(1.1),I,VNM,A,CPC_2225,QC,T,AO_2026_2035,2017,9.7,A,3,2,_Z
DATAFLOW,OECD.TAD.ATM:DSD_AGR@DF_OUTLOOK_2026_2035(1.1),I,VNM,A,CPC_2225,QC,T,AO_2026_2035,2018,9.37,A,3,2,_Z
DATAFLOW,OECD.TAD.ATM:DSD_AGR@DF_OUTLOOK_2026_2035(1.1),I,VNM,A,CPC_2225,QC,T,AO_2026_2035,2019,11.1,A,3,2,_Z
DATAFLOW,OECD.TAD.ATM:DSD_AGR@DF_OUTLOOK_2026_2035(1.1),I,VNM,A,CPC_2225,QC,T,AO_2026_2035,2020,10.152,A,3,2,_Z
DATAFLOW,OECD.TAD.ATM:DSD_AGR@DF_OUTLOOK_2026_2035(1.1),I,VNM,A,CPC_2225,QC,T,AO_2026_2035,2021,9.616,A,3,2,_Z
DATAFLOW,OECD.TAD.ATM:DSD_AGR@DF_OUTLOOK_2026_2035(1.1),I,VNM,A,CPC_2225,QC,T,AO_2026_2035,2022,11.839,A,3,2,_Z
DATAFLOW,OECD.TAD.ATM:DSD_AGR@DF_OUTLOOK_2026_2035(1.1),I,VNM,A,CPC_2225,QC,T,AO_2026_2035,2023,14.694,A,3,2,_Z
DATAFLOW,OECD.TAD.ATM:DSD_AGR@DF_OUTLOOK_2026_2035(1.1),I,VNM,A,CPC_2225,QC,T,AO_2026_2035,2024,8.286,A,3,2,_Z
DATAFLOW,OECD.TAD.ATM:DSD_AGR@DF_OUTLOOK_2026_2035(1.1),I,VNM,A,CPC_2225,QC,T,AO_2026_2035,2025,12.076,A,3,2,_Z
DATAFLOW,OECD.TAD.ATM:DSD_AGR@DF_OUTLOOK_2026_2035(1.1),I,VNM,A,CPC_2225,QC,T,AO_2026_2035,2026,12.6016699705746,A,3,2,_Z
DATAFLOW,OECD.TAD.ATM:DSD_AGR@DF_OUTLOOK_2026_2035(1.1),I,VNM,A,CPC_2225,QC,T,AO_2026_2035,2027,13.1528093319564,A,3,2,_Z
DATAFLOW,OECD.TAD.ATM:DSD_AGR@DF_OUTLOOK_2026_2035(1.1),I,VNM,A,CPC_2225,QC,T,AO_2026_2035,2028,13.6885854245177,A,3,2,_Z
DATAFLOW,OECD.TAD.ATM:DSD_AGR@DF_OUTLOOK_2026_2035(1.1),I,VNM,A,CPC_2225,QC,T,AO_2026_2035,2029,14.2589552491282,A,3,2,_Z
DATAFLOW,OECD.TAD.ATM:DSD_AGR@DF_OUTLOOK_2026_2035(1.1),I,VNM,A,CPC_2225,QC,T,AO_2026_2035,2030,14.8290848828954,A,3,2,_Z
DATAFLOW,OECD.TAD.ATM:DSD_AGR@DF_OUTLOOK_2026_2035(1.1),I,VNM,A,CPC_2225,QC,T,AO_2026_2035,2031,15.3531625552264,A,3,2,_Z
DATAFLOW,OECD.TAD.ATM:DSD_AGR@DF_OUTLOOK_2026_2035(1.1),I,VNM,A,CPC_2225,QC,T,AO_2026_2035,2032,15.8468131668558,A,3,2,_Z
DATAFLOW,OECD.TAD.ATM:DSD_AGR@DF_OUTLOOK_2026_2035(1.1),I,VNM,A,CPC_2225,QC,T,AO_2026_2035,2033,16.316714118231,A,3,2,_Z
DATAFLOW,OECD.TAD.ATM:DSD_AGR@DF_OUTLOOK_2026_2035(1.1),I,VNM,A,CPC_2225,QC,T,AO_2026_2035,2034,16.7827256906192,A,3,2,_Z
DATAFLOW,OECD.TAD.ATM:DSD_AGR@DF_OUTLOOK_2026_2035(1.1),I,VNM,A,CPC_2225,QC,T,AO_2026_2035,2035,17.2375047512868,A,3,2,_Z
DATAFLOW,OECD.TAD.ATM:DSD_AGR@DF_OUTLOOK_2026_2035(1.1),I,VNM,A,CPC_2222T2223,QC,T,AO_2026_2035,2015,773.07236,A,3,2,_Z
DATAFLOW,OECD.TAD.ATM:DSD_AGR@DF_OUTLOOK_2026_2035(1.1),I,VNM,A,CPC_2222T2223,QC,T,AO_2026_2035,2016,847.20823,A,3,2,_Z
DATAFLOW,OECD.TAD.ATM:DSD_AGR@DF_OUTLOOK_2026_2035(1.1),I,VNM,A,CPC_2222T2223,QC,T,AO_2026_2035,2017,935.80626,A,3,2,_Z
DATAFLOW,OECD.TAD.ATM:DSD_AGR@DF_OUTLOOK_2026_2035(1.1),I,VNM,A,CPC_2222T2223,QC,T,AO_2026_2035,2018,991.56595,A,3,2,_Z
DATAFLOW,OECD.TAD.ATM:DSD_AGR@DF_OUTLOOK_2026_2035(1.1),I,VNM,A,CPC_2222T2223,QC,T,AO_2026_2035,2019,1042.98716,A,3,2,_Z
DATAFLOW,OECD.TAD.ATM:DSD_AGR@DF_OUTLOOK_2026_2035(1.1),I,VNM,A,CPC_2222T2223,QC,T,AO_2026_2035,2020,1099.63080865176,A,3,2,_Z
DATAFLOW,OECD.TAD.ATM:DSD_AGR@DF_OUTLOOK_2026_2035(1.1),I,VNM,A,CPC_2222T2223,QC,T,AO_2026_2035,2021,1120.92629554364,A,3,2,_Z
DATAFLOW,OECD.TAD.ATM:DSD_AGR@DF_OUTLOOK_2026_2035(1.1),I,VNM,A,CPC_2222T2223,QC,T,AO_2026_2035,2022,1175.78834233934,A,3,2,_Z
DATAFLOW,OECD.TAD.ATM:DSD_AGR@DF_OUTLOOK_2026_2035(1.1),I,VNM,A,CPC_2222T2223,QC,T,AO_2026_2035,2023,1236.7313401684,A,3,2,_Z
DATAFLOW,OECD.TAD.ATM:DSD_AGR@DF_OUTLOOK_2026_2035(1.1),I,VNM,A,CPC_2222T2223,QC,T,AO_2026_2035,2024,1292.39501588448,A,3,2,_Z
DATAFLOW,OECD.TAD.ATM:DSD_AGR@DF_OUTLOOK_2026_2035(1.1),I,VNM,A,CPC_2222T2223,QC,T,AO_2026_2035,2025,1331.45579048448,A,3,2,_Z
DATAFLOW,OECD.TAD.ATM:DSD_AGR@DF_OUTLOOK_2026_2035(1.1),I,VNM,A,CPC_2222T2223,QC,T,AO_2026_2035,2026,1384.95824621032,A,3,2,_Z
DATAFLOW,OECD.TAD.ATM:DSD_AGR@DF_OUTLOOK_2026_2035(1.1),I,VNM,A,CPC_2222T2223,QC,T,AO_2026_2035,2027,1441.84729118208,A,3,2,_Z
DATAFLOW,OECD.TAD.ATM:DSD_AGR@DF_OUTLOOK_2026_2035(1.1),I,VNM,A,CPC_2222T2223,QC,T,AO_2026_2035,2028,1503.19289468983,A,3,2,_Z
DATAFLOW,OECD.TAD.ATM:DSD_AGR@DF_OUTLOOK_2026_2035(1.1),I,VNM,A,CPC_2222T2223,QC,T,AO_2026_2035,2029,1568.2196401001,A,3,2,_Z
DATAFLOW,OECD.TAD.ATM:DSD_AGR@DF_OUTLOOK_2026_2035(1.1),I,VNM,A,CPC_2222T2223,QC,T,AO_2026_2035,2030,1636.96744213258,A,3,2,_Z
DATAFLOW,OECD.TAD.ATM:DSD_AGR@DF_OUTLOOK_2026_2035(1.1),I,VNM,A,CPC_2222T2223,QC,T,AO_2026_2035,2031,1709.27895992674,A,3,2,_Z
DATAFLOW,OECD.TAD.ATM:DSD_AGR@DF_OUTLOOK_2026_2035(1.1),I,VNM,A,CPC_2222T2223,QC,T,AO_2026_2035,2032,1780.3020793786,A,3,2,_Z
DATAFLOW,OECD.TAD.ATM:DSD_AGR@DF_OUTLOOK_2026_2035(1.1),I,VNM,A,CPC_2222T2223,QC,T,AO_2026_2035,2033,1851.95801915677,A,3,2,_Z
DATAFLOW,OECD.TAD.ATM:DSD_AGR@DF_OUTLOOK_2026_2035(1.1),I,VNM,A,CPC_2222T2223,QC,T,AO_2026_2035,2034,1923.5523857134,A,3,2,_Z
DATAFLOW,OECD.TAD.ATM:DSD_AGR@DF_OUTLOOK_2026_2035(1.1),I,VNM,A,CPC_2222T2223,QC,T,AO_2026_2035,2035,1995.03941976752,A,3,2,_Z
DATAFLOW,OECD.TAD.ATM:DSD_AGR@DF_OUTLOOK_2026_2035(1.1),I,VNM,A,CPC_0141,QC,T,AO_2026_2035,2015,1732,A,3,2,_Z
DATAFLOW,OECD.TAD.ATM:DSD_AGR@DF_OUTLOOK_2026_2035(1.1),I,VNM,A,CPC_0141,QC,T,AO_2026_2035,2016,1811,A,3,2,_Z
DATAFLOW,OECD.TAD.ATM:DSD_AGR@DF_OUTLOOK_2026_2035(1.1),I,VNM,A,CPC_0141,QC,T,AO_2026_2035,2017,1672,A,3,2,_Z
DATAFLOW,OECD.TAD.ATM:DSD_AGR@DF_OUTLOOK_2026_2035(1.1),I,VNM,A,CPC_0141,QC,T,AO_2026_2035,2018,1970,A,3,2,_Z
DATAFLOW,OECD.TAD.ATM:DSD_AGR@DF_OUTLOOK_2026_2035(1.1),I,VNM,A,CPC_0141,QC,T,AO_2026_2035,2019,1848,A,3,2,_Z
DATAFLOW,OECD.TAD.ATM:DSD_AGR@DF_OUTLOOK_2026_2035(1.1),I,VNM,A,CPC_0141,QC,T,AO_2026_2035,2020,2010,A,3,2,_Z
DATAFLOW,OECD.TAD.ATM:DSD_AGR@DF_OUTLOOK_2026_2035(1.1),I,VNM,A,CPC_0141,QC,T,AO_2026_2035,2021,2006,A,3,2,_Z
DATAFLOW,OECD.TAD.ATM:DSD_AGR@DF_OUTLOOK_2026_2035(1.1),I,VNM,A,CPC_0141,QC,T,AO_2026_2035,2022,1947,A,3,2,_Z
DATAFLOW,OECD.TAD.ATM:DSD_AGR@DF_OUTLOOK_2026_2035(1.1),I,VNM,A,CPC_0141,QC,T,AO_2026_2035,2023,1946,A,3,2,_Z
DATAFLOW,OECD.TAD.ATM:DSD_AGR@DF_OUTLOOK_2026_2035(1.1),I,VNM,A,CPC_0141,QC,T,AO_2026_2035,2024,2339.00018,A,3,2,_Z
DATAFLOW,OECD.TAD.ATM:DSD_AGR@DF_OUTLOOK_2026_2035(1.1),I,VNM,A,CPC_0141,QC,T,AO_2026_2035,2025,2591.00018,A,3,2,_Z
DATAFLOW,OECD.TAD.ATM:DSD_AGR@DF_OUTLOOK_2026_2035(1.1),I,VNM,A,CPC_0141,QC,T,AO_2026_2035,2026,2738.3776254054,A,3,2,_Z
DATAFLOW,OECD.TAD.ATM:DSD_AGR@DF_OUTLOOK_2026_2035(1.1),I,VNM,A,CPC_0141,QC,T,AO_2026_2035,2027,2800.8844935206,A,3,2,_Z
DATAFLOW,OECD.TAD.ATM:DSD_AGR@DF_OUTLOOK_2026_2035(1.1),I,VNM,A,CPC_0141,QC,T,AO_2026_2035,2028,2852.46648192945,A,3,2,_Z
DATAFLOW,OECD.TAD.ATM:DSD_AGR@DF_OUTLOOK_2026_2035(1.1),I,VNM,A,CPC_0141,QC,T,AO_2026_2035,2029,2902.09067158525,A,3,2,_Z
DATAFLOW,OECD.TAD.ATM:DSD_AGR@DF_OUTLOOK_2026_2035(1.1),I,VNM,A,CPC_0141,QC,T,AO_2026_2035,2030,2940.73009952403,A,3,2,_Z
DATAFLOW,OECD.TAD.ATM:DSD_AGR@DF_OUTLOOK_2026_2035(1.1),I,VNM,A,CPC_0141,QC,T,AO_2026_2035,2031,2981.04024217245,A,3,2,_Z
DATAFLOW,OECD.TAD.ATM:DSD_AGR@DF_OUTLOOK_2026_2035(1.1),I,VNM,A,CPC_0141,QC,T,AO_2026_2035,2032,3018.54098357065,A,3,2,_Z
DATAFLOW,OECD.TAD.ATM:DSD_AGR@DF_OUTLOOK_2026_2035(1.1),I,VNM,A,CPC_0141,QC,T,AO_2026_2035,2033,3059.25617050828,A,3,2,_Z
DATAFLOW,OECD.TAD.ATM:DSD_AGR@DF_OUTLOOK_2026_2035(1.1),I,VNM,A,CPC_0141,QC,T,AO_2026_2035,2034,3101.85411685833,A,3,2,_Z
DATAFLOW,OECD.TAD.ATM:DSD_AGR@DF_OUTLOOK_2026_2035(1.1),I,VNM,A,CPC_0141,QC,T,AO_2026_2035,2035,3143.79219632335,A,3,2,_Z
DATAFLOW,OECD.TAD.ATM:DSD_AGR@DF_OUTLOOK_2026_2035(1.1),I,VNM,A,CPC_22211,QC,T,AO_2026_2035,2015,38.3,A,3,2,_Z
DATAFLOW,OECD.TAD.ATM:DSD_AGR@DF_OUTLOOK_2026_2035(1.1),I,VNM,A,CPC_22211,QC,T,AO_2026_2035,2016,25.78,A,3,2,_Z
DATAFLOW,OECD.TAD.ATM:DSD_AGR@DF_OUTLOOK_2026_2035(1.1),I,VNM,A,CPC_22211,QC,T,AO_2026_2035,2017,34.88,A,3,2,_Z
DATAFLOW,OECD.TAD.ATM:DSD_AGR@DF_OUTLOOK_2026_2035(1.1),I,VNM,A,CPC_22211,QC,T,AO_2026_2035,2018,31.65,A,3,2,_Z
DATAFLOW,OECD.TAD.ATM:DSD_AGR@DF_OUTLOOK_2026_2035(1.1),I,VNM,A,CPC_22211,QC,T,AO_2026_2035,2019,23.11,A,3,2,_Z
DATAFLOW,OECD.TAD.ATM:DSD_AGR@DF_OUTLOOK_2026_2035(1.1),I,VNM,A,CPC_22211,QC,T,AO_2026_2035,2020,38.65,A,3,2,_Z
DATAFLOW,OECD.TAD.ATM:DSD_AGR@DF_OUTLOOK_2026_2035(1.1),I,VNM,A,CPC_22211,QC,T,AO_2026_2035,2021,36.919,A,3,2,_Z
DATAFLOW,OECD.TAD.ATM:DSD_AGR@DF_OUTLOOK_2026_2035(1.1),I,VNM,A,CPC_22211,QC,T,AO_2026_2035,2022,33.708,A,3,2,_Z
DATAFLOW,OECD.TAD.ATM:DSD_AGR@DF_OUTLOOK_2026_2035(1.1),I,VNM,A,CPC_22211,QC,T,AO_2026_2035,2023,0.809999999999999,A,3,2,_Z
DATAFLOW,OECD.TAD.ATM:DSD_AGR@DF_OUTLOOK_2026_2035(1.1),I,VNM,A,CPC_22211,QC,T,AO_2026_2035,2024,0.809999999999999,A,3,2,_Z
DATAFLOW,OECD.TAD.ATM:DSD_AGR@DF_OUTLOOK_2026_2035(1.1),I,VNM,A,CPC_22211,QC,T,AO_2026_2035,2025,0.8119999999999981,A,3,2,_Z
DATAFLOW,OECD.TAD.ATM:DSD_AGR@DF_OUTLOOK_2026_2035(1.1),I,VNM,A,CPC_22211,QC,T,AO_2026_2035,2026,0.839088517237282,A,3,2,_Z
DATAFLOW,OECD.TAD.ATM:DSD_AGR@DF_OUTLOOK_2026_2035(1.1),I,VNM,A,CPC_22211,QC,T,AO_2026_2035,2027,0.8674895082139379,A,3,2,_Z
DATAFLOW,OECD.TAD.ATM:DSD_AGR@DF_OUTLOOK_2026_2035(1.1),I,VNM,A,CPC_22211,QC,T,AO_2026_2035,2028,0.8950988082141991,A,3,2,_Z
DATAFLOW,OECD.TAD.ATM:DSD_AGR@DF_OUTLOOK_2026_2035(1.1),I,VNM,A,CPC_22211,QC,T,AO_2026_2035,2029,0.924490772165939,A,3,2,_Z
DATAFLOW,OECD.TAD.ATM:DSD_AGR@DF_OUTLOOK_2026_2035(1.1),I,VNM,A,CPC_22211,QC,T,AO_2026_2035,2030,0.953870358743735,A,3,2,_Z
DATAFLOW,OECD.TAD.ATM:DSD_AGR@DF_OUTLOOK_2026_2035(1.1),I,VNM,A,CPC_22211,QC,T,AO_2026_2035,2031,0.9808768226000301,A,3,2,_Z
DATAFLOW,OECD.TAD.ATM:DSD_AGR@DF_OUTLOOK_2026_2035(1.1),I,VNM,A,CPC_22211,QC,T,AO_2026_2035,2032,1.00631533697388,A,3,2,_Z
DATAFLOW,OECD.TAD.ATM:DSD_AGR@DF_OUTLOOK_2026_2035(1.1),I,VNM,A,CPC_22211,QC,T,AO_2026_2035,2033,1.03052999775672,A,3,2,_Z
DATAFLOW,OECD.TAD.ATM:DSD_AGR@DF_OUTLOOK_2026_2035(1.1),I,VNM,A,CPC_22211,QC,T,AO_2026_2035,2034,1.05454423333814,A,3,2,_Z
DATAFLOW,OECD.TAD.ATM:DSD_AGR@DF_OUTLOOK_2026_2035(1.1),I,VNM,A,CPC_22211,QC,T,AO_2026_2035,2035,1.07797964170021,A,3,2,_Z
DATAFLOW,OECD.TAD.ATM:DSD_AGR@DF_OUTLOOK_2026_2035(1.1),I,VNM,A,CPC_EX_222121,QC,T,AO_2026_2035,2015,76.15,A,3,2,_Z
DATAFLOW,OECD.TAD.ATM:DSD_AGR@DF_OUTLOOK_2026_2035(1.1),I,VNM,A,CPC_EX_222121,QC,T,AO_2026_2035,2016,78.05,A,3,2,_Z
DATAFLOW,OECD.TAD.ATM:DSD_AGR@DF_OUTLOOK_2026_2035(1.1),I,VNM,A,CPC_EX_222121,QC,T,AO_2026_2035,2017,80.5,A,3,2,_Z
DATAFLOW,OECD.TAD.ATM:DSD_AGR@DF_OUTLOOK_2026_2035(1.1),I,VNM,A,CPC_EX_222121,QC,T,AO_2026_2035,2018,86.28,A,3,2,_Z
DATAFLOW,OECD.TAD.ATM:DSD_AGR@DF_OUTLOOK_2026_2035(1.1),I,VNM,A,CPC_EX_222121,QC,T,AO_2026_2035,2019,110.98,A,3,2,_Z
DATAFLOW,OECD.TAD.ATM:DSD_AGR@DF_OUTLOOK_2026_2035(1.1),I,VNM,A,CPC_EX_222121,QC,T,AO_2026_2035,2020,99.069,A,3,2,_Z
DATAFLOW,OECD.TAD.ATM:DSD_AGR@DF_OUTLOOK_2026_2035(1.1),I,VNM,A,CPC_EX_222121,QC,T,AO_2026_2035,2021,106.387,A,3,2,_Z
DATAFLOW,OECD.TAD.ATM:DSD_AGR@DF_OUTLOOK_2026_2035(1.1),I,VNM,A,CPC_EX_222121,QC,T,AO_2026_2035,2022,89.198,A,3,2,_Z
DATAFLOW,OECD.TAD.ATM:DSD_AGR@DF_OUTLOOK_2026_2035(1.1),I,VNM,A,CPC_EX_222121,QC,T,AO_2026_2035,2023,105.176,A,3,2,_Z
DATAFLOW,OECD.TAD.ATM:DSD_AGR@DF_OUTLOOK_2026_2035(1.1),I,VNM,A,CPC_EX_222121,QC,T,AO_2026_2035,2024,86.568,A,3,2,_Z
DATAFLOW,OECD.TAD.ATM:DSD_AGR@DF_OUTLOOK_2026_2035(1.1),I,VNM,A,CPC_EX_222121,QC,T,AO_2026_2035,2025,104.028,A,3,2,_Z
DATAFLOW,OECD.TAD.ATM:DSD_AGR@DF_OUTLOOK_2026_2035(1.1),I,VNM,A,CPC_EX_222121,QC,T,AO_2026_2035,2026,107.330825713996,A,3,2,_Z
DATAFLOW,OECD.TAD.ATM:DSD_AGR@DF_OUTLOOK_2026_2035(1.1),I,VNM,A,CPC_EX_222121,QC,T,AO_2026_2035,2027,110.638369941128,A,3,2,_Z
DATAFLOW,OECD.TAD.ATM:DSD_AGR@DF_OUTLOOK_2026_2035(1.1),I,VNM,A,CPC_EX_222121,QC,T,AO_2026_2035,2028,113.955258940411,A,3,2,_Z
DATAFLOW,OECD.TAD.ATM:DSD_AGR@DF_OUTLOOK_2026_2035(1.1),I,VNM,A,CPC_EX_222121,QC,T,AO_2026_2035,2029,117.278542418012,A,3,2,_Z
DATAFLOW,OECD.TAD.ATM:DSD_AGR@DF_OUTLOOK_2026_2035(1.1),I,VNM,A,CPC_EX_222121,QC,T,AO_2026_2035,2030,120.617606354744,A,3,2,_Z
DATAFLOW,OECD.TAD.ATM:DSD_AGR@DF_OUTLOOK_2026_2035(1.1),I,VNM,A,CPC_EX_222121,QC,T,AO_2026_2035,2031,123.972514618326,A,3,2,_Z
DATAFLOW,OECD.TAD.ATM:DSD_AGR@DF_OUTLOOK_2026_2035(1.1),I,VNM,A,CPC_EX_222121,QC,T,AO_2026_2035,2032,127.336209941006,A,3,2,_Z
DATAFLOW,OECD.TAD.ATM:DSD_AGR@DF_OUTLOOK_2026_2035(1.1),I,VNM,A,CPC_EX_222121,QC,T,AO_2026_2035,2033,130.709462565335,A,3,2,_Z
DATAFLOW,OECD.TAD.ATM:DSD_AGR@DF_OUTLOOK_2026_2035(1.1),I,VNM,A,CPC_EX_222121,QC,T,AO_2026_2035,2034,134.095430405576,A,3,2,_Z
DATAFLOW,OECD.TAD.ATM:DSD_AGR@DF_OUTLOOK_2026_2035(1.1),I,VNM,A,CPC_EX_222121,QC,T,AO_2026_2035,2035,137.496278351322,A,3,2,_Z
DATAFLOW,OECD.TAD.ATM:DSD_AGR@DF_OUTLOOK_2026_2035(1.1),I,VNM,A,CPC_223,QC,T,AO_2026_2035,2015,444.715,A,3,2,_Z
DATAFLOW,OECD.TAD.ATM:DSD_AGR@DF_OUTLOOK_2026_2035(1.1),I,VNM,A,CPC_223,QC,T,AO_2026_2035,2016,473.31,A,3,2,_Z
DATAFLOW,OECD.TAD.ATM:DSD_AGR@DF_OUTLOOK_2026_2035(1.1),I,VNM,A,CPC_223,QC,T,AO_2026_2035,2017,312.46237,A,3,2,_Z
DATAFLOW,OECD.TAD.ATM:DSD_AGR@DF_OUTLOOK_2026_2035(1.1),I,VNM,A,CPC_223,QC,T,AO_2026_2035,2018,351.44283,A,3,2,_Z
DATAFLOW,OECD.TAD.ATM:DSD_AGR@DF_OUTLOOK_2026_2035(1.1),I,VNM,A,CPC_223,QC,T,AO_2026_2035,2019,410.99361,A,3,2,_Z
DATAFLOW,OECD.TAD.ATM:DSD_AGR@DF_OUTLOOK_2026_2035(1.1),I,VNM,A,CPC_223,QC,T,AO_2026_2035,2020,475.66025,A,3,2,_Z
DATAFLOW,OECD.TAD.ATM:DSD_AGR@DF_OUTLOOK_2026_2035(1.1),I,VNM,A,CPC_223,QC,T,AO_2026_2035,2021,449.07049,A,3,2,_Z
DATAFLOW,OECD.TAD.ATM:DSD_AGR@DF_OUTLOOK_2026_2035(1.1),I,VNM,A,CPC_223,QC,T,AO_2026_2035,2022,465.06435,A,3,2,_Z
DATAFLOW,OECD.TAD.ATM:DSD_AGR@DF_OUTLOOK_2026_2035(1.1),I,VNM,A,CPC_223,QC,T,AO_2026_2035,2023,470.62209,A,3,2,_Z
DATAFLOW,OECD.TAD.ATM:DSD_AGR@DF_OUTLOOK_2026_2035(1.1),I,VNM,A,CPC_223,QC,T,AO_2026_2035,2024,469.42068481555503,A,3,2,_Z
DATAFLOW,OECD.TAD.ATM:DSD_AGR@DF_OUTLOOK_2026_2035(1.1),I,VNM,A,CPC_223,QC,T,AO_2026_2035,2025,468.19249482980496,A,3,2,_Z
DATAFLOW,OECD.TAD.ATM:DSD_AGR@DF_OUTLOOK_2026_2035(1.1),I,VNM,A,CPC_223,QC,T,AO_2026_2035,2026,483.202675880994,A,3,2,_Z
DATAFLOW,OECD.TAD.ATM:DSD_AGR@DF_OUTLOOK_2026_2035(1.1),I,VNM,A,CPC_223,QC,T,AO_2026_2035,2027,498.41431699041107,A,3,2,_Z
DATAFLOW,OECD.TAD.ATM:DSD_AGR@DF_OUTLOOK_2026_2035(1.1),I,VNM,A,CPC_223,QC,T,AO_2026_2035,2028,513.9808062322929,A,3,2,_Z
DATAFLOW,OECD.TAD.ATM:DSD_AGR@DF_OUTLOOK_2026_2035(1.1),I,VNM,A,CPC_223,QC,T,AO_2026_2035,2029,530.3007235129311,A,3,2,_Z
DATAFLOW,OECD.TAD.ATM:DSD_AGR@DF_OUTLOOK_2026_2035(1.1),I,VNM,A,CPC_223,QC,T,AO_2026_2035,2030,546.804006276162,A,3,2,_Z
DATAFLOW,OECD.TAD.ATM:DSD_AGR@DF_OUTLOOK_2026_2035(1.1),I,VNM,A,CPC_223,QC,T,AO_2026_2035,2031,562.596936450847,A,3,2,_Z
DATAFLOW,OECD.TAD.ATM:DSD_AGR@DF_OUTLOOK_2026_2035(1.1),I,VNM,A,CPC_223,QC,T,AO_2026_2035,2032,577.346469810833,A,3,2,_Z
DATAFLOW,OECD.TAD.ATM:DSD_AGR@DF_OUTLOOK_2026_2035(1.1),I,VNM,A,CPC_223,QC,T,AO_2026_2035,2033,593.973091739071,A,3,2,_Z
DATAFLOW,OECD.TAD.ATM:DSD_AGR@DF_OUTLOOK_2026_2035(1.1),I,VNM,A,CPC_223,QC,T,AO_2026_2035,2034,610.698784573102,A,3,2,_Z
DATAFLOW,OECD.TAD.ATM:DSD_AGR@DF_OUTLOOK_2026_2035(1.1),I,VNM,A,CPC_223,QC,T,AO_2026_2035,2035,627.492501765268,A,3,2,_Z
DATAFLOW,OECD.TAD.ATM:DSD_AGR@DF_OUTLOOK_2026_2035(1.1),I,VNM,A,CPC_04,QC,T,AO_2026_2035,2015,4045.35773,A,3,2,_Z
DATAFLOW,OECD.TAD.ATM:DSD_AGR@DF_OUTLOOK_2026_2035(1.1),I,VNM,A,CPC_04,QC,T,AO_2026_2035,2016,4307.515221,A,3,2,_Z
DATAFLOW,OECD.TAD.ATM:DSD_AGR@DF_OUTLOOK_2026_2035(1.1),I,VNM,A,CPC_04,QC,T,AO_2026_2035,2017,4682.030604,A,3,2,_Z
DATAFLOW,OECD.TAD.ATM:DSD_AGR@DF_OUTLOOK_2026_2035(1.1),I,VNM,A,CPC_04,QC,T,AO_2026_2035,2018,5035.858255,A,3,2,_Z
DATAFLOW,OECD.TAD.ATM:DSD_AGR@DF_OUTLOOK_2026_2035(1.1),I,VNM,A,CPC_04,QC,T,AO_2026_2035,2019,5315.508729,A,3,2,_Z
DATAFLOW,OECD.TAD.ATM:DSD_AGR@DF_OUTLOOK_2026_2035(1.1),I,VNM,A,CPC_04,QC,T,AO_2026_2035,2020,6100.587885,A,3,2,_Z
DATAFLOW,OECD.TAD.ATM:DSD_AGR@DF_OUTLOOK_2026_2035(1.1),I,VNM,A,CPC_04,QC,T,AO_2026_2035,2021,6069.767748,A,3,2,_Z
DATAFLOW,OECD.TAD.ATM:DSD_AGR@DF_OUTLOOK_2026_2035(1.1),I,VNM,A,CPC_04,QC,T,AO_2026_2035,2022,5065.626257,A,3,2,_Z
DATAFLOW,OECD.TAD.ATM:DSD_AGR@DF_OUTLOOK_2026_2035(1.1),I,VNM,A,CPC_04,QC,T,AO_2026_2035,2023,5698.408238,A,3,2,_Z
DATAFLOW,OECD.TAD.ATM:DSD_AGR@DF_OUTLOOK_2026_2035(1.1),I,VNM,A,CPC_04,QC,T,AO_2026_2035,2024,5508.081573,A,3,2,_Z
DATAFLOW,OECD.TAD.ATM:DSD_AGR@DF_OUTLOOK_2026_2035(1.1),I,VNM,A,CPC_04,QC,T,AO_2026_2035,2025,5381.416596,A,3,2,_Z
DATAFLOW,OECD.TAD.ATM:DSD_AGR@DF_OUTLOOK_2026_2035(1.1),I,VNM,A,CPC_04,QC,T,AO_2026_2035,2026,5874.091328,A,3,2,_Z
DATAFLOW,OECD.TAD.ATM:DSD_AGR@DF_OUTLOOK_2026_2035(1.1),I,VNM,A,CPC_04,QC,T,AO_2026_2035,2027,5791.96557,A,3,2,_Z
DATAFLOW,OECD.TAD.ATM:DSD_AGR@DF_OUTLOOK_2026_2035(1.1),I,VNM,A,CPC_04,QC,T,AO_2026_2035,2028,5841.872924,A,3,2,_Z
DATAFLOW,OECD.TAD.ATM:DSD_AGR@DF_OUTLOOK_2026_2035(1.1),I,VNM,A,CPC_04,QC,T,AO_2026_2035,2029,5939.782102,A,3,2,_Z
DATAFLOW,OECD.TAD.ATM:DSD_AGR@DF_OUTLOOK_2026_2035(1.1),I,VNM,A,CPC_04,QC,T,AO_2026_2035,2030,6010.814889,A,3,2,_Z
DATAFLOW,OECD.TAD.ATM:DSD_AGR@DF_OUTLOOK_2026_2035(1.1),I,VNM,A,CPC_04,QC,T,AO_2026_2035,2031,6010.935242,A,3,2,_Z
DATAFLOW,OECD.TAD.ATM:DSD_AGR@DF_OUTLOOK_2026_2035(1.1),I,VNM,A,CPC_04,QC,T,AO_2026_2035,2032,6064.415718,A,3,2,_Z
DATAFLOW,OECD.TAD.ATM:DSD_AGR@DF_OUTLOOK_2026_2035(1.1),I,VNM,A,CPC_04,QC,T,AO_2026_2035,2033,6130.727196,A,3,2,_Z
DATAFLOW,OECD.TAD.ATM:DSD_AGR@DF_OUTLOOK_2026_2035(1.1),I,VNM,A,CPC_04,QC,T,AO_2026_2035,2034,6158.866578,A,3,2,_Z
DATAFLOW,OECD.TAD.ATM:DSD_AGR@DF_OUTLOOK_2026_2035(1.1),I,VNM,A,CPC_04,QC,T,AO_2026_2035,2035,6177.835321,A,3,2,_Z
DATAFLOW,OECD.TAD.ATM:DSD_AGR@DF_OUTLOOK_2026_2035(1.1),I,VNM,A,CPC_04,QP,T,AO_2026_2035,2015,6322.98961,A,3,2,_Z
DATAFLOW,OECD.TAD.ATM:DSD_AGR@DF_OUTLOOK_2026_2035(1.1),I,VNM,A,CPC_04,QP,T,AO_2026_2035,2016,6648.34253,A,3,2,_Z
DATAFLOW,OECD.TAD.ATM:DSD_AGR@DF_OUTLOOK_2026_2035(1.1),I,VNM,A,CPC_04,QP,T,AO_2026_2035,2017,7135.25303,A,3,2,_Z
DATAFLOW,OECD.TAD.ATM:DSD_AGR@DF_OUTLOOK_2026_2035(1.1),I,VNM,A,CPC_04,QP,T,AO_2026_2035,2018,7519.679,A,3,2,_Z
DATAFLOW,OECD.TAD.ATM:DSD_AGR@DF_OUTLOOK_2026_2035(1.1),I,VNM,A,CPC_04,QP,T,AO_2026_2035,2019,7799.68631,A,3,2,_Z
DATAFLOW,OECD.TAD.ATM:DSD_AGR@DF_OUTLOOK_2026_2035(1.1),I,VNM,A,CPC_04,QP,T,AO_2026_2035,2020,8173.6087,A,3,2,_Z
DATAFLOW,OECD.TAD.ATM:DSD_AGR@DF_OUTLOOK_2026_2035(1.1),I,VNM,A,CPC_04,QP,T,AO_2026_2035,2021,8276.36981,A,3,2,_Z
DATAFLOW,OECD.TAD.ATM:DSD_AGR@DF_OUTLOOK_2026_2035(1.1),I,VNM,A,CPC_04,QP,T,AO_2026_2035,2022,8559.77737,A,3,2,_Z
DATAFLOW,OECD.TAD.ATM:DSD_AGR@DF_OUTLOOK_2026_2035(1.1),I,VNM,A,CPC_04,QP,T,AO_2026_2035,2023,8824.48203,A,3,2,_Z
DATAFLOW,OECD.TAD.ATM:DSD_AGR@DF_OUTLOOK_2026_2035(1.1),I,VNM,A,CPC_04,QP,T,AO_2026_2035,2024,9069.1553,A,3,2,_Z
DATAFLOW,OECD.TAD.ATM:DSD_AGR@DF_OUTLOOK_2026_2035(1.1),I,VNM,A,CPC_04,QP,T,AO_2026_2035,2025,9142.67766,A,3,2,_Z
DATAFLOW,OECD.TAD.ATM:DSD_AGR@DF_OUTLOOK_2026_2035(1.1),I,VNM,A,CPC_04,QP,T,AO_2026_2035,2026,9316.008444,A,3,2,_Z
DATAFLOW,OECD.TAD.ATM:DSD_AGR@DF_OUTLOOK_2026_2035(1.1),I,VNM,A,CPC_04,QP,T,AO_2026_2035,2027,9199.1212,A,3,2,_Z
DATAFLOW,OECD.TAD.ATM:DSD_AGR@DF_OUTLOOK_2026_2035(1.1),I,VNM,A,CPC_04,QP,T,AO_2026_2035,2028,9245.843679,A,3,2,_Z
DATAFLOW,OECD.TAD.ATM:DSD_AGR@DF_OUTLOOK_2026_2035(1.1),I,VNM,A,CPC_04,QP,T,AO_2026_2035,2029,9429.544177,A,3,2,_Z
DATAFLOW,OECD.TAD.ATM:DSD_AGR@DF_OUTLOOK_2026_2035(1.1),I,VNM,A,CPC_04,QP,T,AO_2026_2035,2030,9624.474462,A,3,2,_Z
DATAFLOW,OECD.TAD.ATM:DSD_AGR@DF_OUTLOOK_2026_2035(1.1),I,VNM,A,CPC_04,QP,T,AO_2026_2035,2031,9779.641136,A,3,2,_Z
DATAFLOW,OECD.TAD.ATM:DSD_AGR@DF_OUTLOOK_2026_2035(1.1),I,VNM,A,CPC_04,QP,T,AO_2026_2035,2032,9919.374051,A,3,2,_Z
DATAFLOW,OECD.TAD.ATM:DSD_AGR@DF_OUTLOOK_2026_2035(1.1),I,VNM,A,CPC_04,QP,T,AO_2026_2035,2033,10061.23874,A,3,2,_Z
DATAFLOW,OECD.TAD.ATM:DSD_AGR@DF_OUTLOOK_2026_2035(1.1),I,VNM,A,CPC_04,QP,T,AO_2026_2035,2034,10211.86102,A,3,2,_Z
DATAFLOW,OECD.TAD.ATM:DSD_AGR@DF_OUTLOOK_2026_2035(1.1),I,VNM,A,CPC_04,QP,T,AO_2026_2035,2035,10324.27103,A,3,2,_Z
DATAFLOW,OECD.TAD.ATM:DSD_AGR@DF_OUTLOOK_2026_2035(1.1),I,VNM,A,CPC_223,QP,T,AO_2026_2035,2015,443.715,A,3,2,_Z
DATAFLOW,OECD.TAD.ATM:DSD_AGR@DF_OUTLOOK_2026_2035(1.1),I,VNM,A,CPC_223,QP,T,AO_2026_2035,2016,472.31,A,3,2,_Z
DATAFLOW,OECD.TAD.ATM:DSD_AGR@DF_OUTLOOK_2026_2035(1.1),I,VNM,A,CPC_223,QP,T,AO_2026_2035,2017,310.46237,A,3,2,_Z
DATAFLOW,OECD.TAD.ATM:DSD_AGR@DF_OUTLOOK_2026_2035(1.1),I,VNM,A,CPC_223,QP,T,AO_2026_2035,2018,349.44283,A,3,2,_Z
DATAFLOW,OECD.TAD.ATM:DSD_AGR@DF_OUTLOOK_2026_2035(1.1),I,VNM,A,CPC_223,QP,T,AO_2026_2035,2019,409.99361,A,3,2,_Z
DATAFLOW,OECD.TAD.ATM:DSD_AGR@DF_OUTLOOK_2026_2035(1.1),I,VNM,A,CPC_223,QP,T,AO_2026_2035,2020,473.66025,A,3,2,_Z
DATAFLOW,OECD.TAD.ATM:DSD_AGR@DF_OUTLOOK_2026_2035(1.1),I,VNM,A,CPC_223,QP,T,AO_2026_2035,2021,448.07049,A,3,2,_Z
DATAFLOW,OECD.TAD.ATM:DSD_AGR@DF_OUTLOOK_2026_2035(1.1),I,VNM,A,CPC_223,QP,T,AO_2026_2035,2022,463.06435,A,3,2,_Z
DATAFLOW,OECD.TAD.ATM:DSD_AGR@DF_OUTLOOK_2026_2035(1.1),I,VNM,A,CPC_223,QP,T,AO_2026_2035,2023,471.62209,A,3,2,_Z
DATAFLOW,OECD.TAD.ATM:DSD_AGR@DF_OUTLOOK_2026_2035(1.1),I,VNM,A,CPC_223,QP,T,AO_2026_2035,2024,470.39068481555506,A,3,2,_Z
DATAFLOW,OECD.TAD.ATM:DSD_AGR@DF_OUTLOOK_2026_2035(1.1),I,VNM,A,CPC_223,QP,T,AO_2026_2035,2025,469.162494829805,A,3,2,_Z
DATAFLOW,OECD.TAD.ATM:DSD_AGR@DF_OUTLOOK_2026_2035(1.1),I,VNM,A,CPC_223,QP,T,AO_2026_2035,2026,484.172675880994,A,3,2,_Z
DATAFLOW,OECD.TAD.ATM:DSD_AGR@DF_OUTLOOK_2026_2035(1.1),I,VNM,A,CPC_223,QP,T,AO_2026_2035,2027,499.38431699041104,A,3,2,_Z
DATAFLOW,OECD.TAD.ATM:DSD_AGR@DF_OUTLOOK_2026_2035(1.1),I,VNM,A,CPC_223,QP,T,AO_2026_2035,2028,514.950806232293,A,3,2,_Z
DATAFLOW,OECD.TAD.ATM:DSD_AGR@DF_OUTLOOK_2026_2035(1.1),I,VNM,A,CPC_223,QP,T,AO_2026_2035,2029,531.270723512931,A,3,2,_Z
DATAFLOW,OECD.TAD.ATM:DSD_AGR@DF_OUTLOOK_2026_2035(1.1),I,VNM,A,CPC_223,QP,T,AO_2026_2035,2030,547.774006276161,A,3,2,_Z
DATAFLOW,OECD.TAD.ATM:DSD_AGR@DF_OUTLOOK_2026_2035(1.1),I,VNM,A,CPC_223,QP,T,AO_2026_2035,2031,563.566936450847,A,3,2,_Z
DATAFLOW,OECD.TAD.ATM:DSD_AGR@DF_OUTLOOK_2026_2035(1.1),I,VNM,A,CPC_223,QP,T,AO_2026_2035,2032,578.3164698108329,A,3,2,_Z
DATAFLOW,OECD.TAD.ATM:DSD_AGR@DF_OUTLOOK_2026_2035(1.1),I,VNM,A,CPC_223,QP,T,AO_2026_2035,2033,594.9430917390711,A,3,2,_Z
DATAFLOW,OECD.TAD.ATM:DSD_AGR@DF_OUTLOOK_2026_2035(1.1),I,VNM,A,CPC_223,QP,T,AO_2026_2035,2034,611.668784573102,A,3,2,_Z
DATAFLOW,OECD.TAD.ATM:DSD_AGR@DF_OUTLOOK_2026_2035(1.1),I,VNM,A,CPC_223,QP,T,AO_2026_2035,2035,628.462501765268,A,3,2,_Z
DATAFLOW,OECD.TAD.ATM:DSD_AGR@DF_OUTLOOK_2026_2035(1.1),I,VNM,A,CPC_2225,QP,T,AO_2026_2035,2026,9.361675001215E-05,A,3,2,_Z
DATAFLOW,OECD.TAD.ATM:DSD_AGR@DF_OUTLOOK_2026_2035(1.1),I,VNM,A,CPC_2225,QP,T,AO_2026_2035,2027,9.746217917203E-05,A,3,2,_Z
DATAFLOW,OECD.TAD.ATM:DSD_AGR@DF_OUTLOOK_2026_2035(1.1),I,VNM,A,CPC_2225,QP,T,AO_2026_2035,2028,0.0001016088505158,A,3,2,_Z
DATAFLOW,OECD.TAD.ATM:DSD_AGR@DF_OUTLOOK_2026_2035(1.1),I,VNM,A,CPC_2225,QP,T,AO_2026_2035,2029,0.00010600434956305,A,3,2,_Z
DATAFLOW,OECD.TAD.ATM:DSD_AGR@DF_OUTLOOK_2026_2035(1.1),I,VNM,A,CPC_2225,QP,T,AO_2026_2035,2030,0.0001106513743592,A,3,2,_Z
DATAFLOW,OECD.TAD.ATM:DSD_AGR@DF_OUTLOOK_2026_2035(1.1),I,VNM,A,CPC_2225,QP,T,AO_2026_2035,2031,0.00011553928940961,A,3,2,_Z
DATAFLOW,OECD.TAD.ATM:DSD_AGR@DF_OUTLOOK_2026_2035(1.1),I,VNM,A,CPC_2225,QP,T,AO_2026_2035,2032,0.00012034011485326,A,3,2,_Z
DATAFLOW,OECD.TAD.ATM:DSD_AGR@DF_OUTLOOK_2026_2035(1.1),I,VNM,A,CPC_2225,QP,T,AO_2026_2035,2033,0.00012518371594444,A,3,2,_Z
DATAFLOW,OECD.TAD.ATM:DSD_AGR@DF_OUTLOOK_2026_2035(1.1),I,VNM,A,CPC_2225,QP,T,AO_2026_2035,2034,0.00013002315497837,A,3,2,_Z
DATAFLOW,OECD.TAD.ATM:DSD_AGR@DF_OUTLOOK_2026_2035(1.1),I,VNM,A,CPC_2225,QP,T,AO_2026_2035,2035,0.00013485533884508,A,3,2,_Z
DATAFLOW,OECD.TAD.ATM:DSD_AGR@DF_OUTLOOK_2026_2035(1.1),I,VNM,A,CPC_0141,QP,T,AO_2026_2035,2015,146,A,3,2,_Z
DATAFLOW,OECD.TAD.ATM:DSD_AGR@DF_OUTLOOK_2026_2035(1.1),I,VNM,A,CPC_0141,QP,T,AO_2026_2035,2016,148,A,3,2,_Z
DATAFLOW,OECD.TAD.ATM:DSD_AGR@DF_OUTLOOK_2026_2035(1.1),I,VNM,A,CPC_0141,QP,T,AO_2026_2035,2017,102,A,3,2,_Z
DATAFLOW,OECD.TAD.ATM:DSD_AGR@DF_OUTLOOK_2026_2035(1.1),I,VNM,A,CPC_0141,QP,T,AO_2026_2035,2018,81,A,3,2,_Z
DATAFLOW,OECD.TAD.ATM:DSD_AGR@DF_OUTLOOK_2026_2035(1.1),I,VNM,A,CPC_0141,QP,T,AO_2026_2035,2019,76,A,3,2,_Z
DATAFLOW,OECD.TAD.ATM:DSD_AGR@DF_OUTLOOK_2026_2035(1.1),I,VNM,A,CPC_0141,QP,T,AO_2026_2035,2020,65,A,3,2,_Z
DATAFLOW,OECD.TAD.ATM:DSD_AGR@DF_OUTLOOK_2026_2035(1.1),I,VNM,A,CPC_0141,QP,T,AO_2026_2035,2021,59,A,3,2,_Z
DATAFLOW,OECD.TAD.ATM:DSD_AGR@DF_OUTLOOK_2026_2035(1.1),I,VNM,A,CPC_0141,QP,T,AO_2026_2035,2022,52,A,3,2,_Z
DATAFLOW,OECD.TAD.ATM:DSD_AGR@DF_OUTLOOK_2026_2035(1.1),I,VNM,A,CPC_0141,QP,T,AO_2026_2035,2023,48,A,3,2,_Z
DATAFLOW,OECD.TAD.ATM:DSD_AGR@DF_OUTLOOK_2026_2035(1.1),I,VNM,A,CPC_0141,QP,T,AO_2026_2035,2024,48,A,3,2,_Z
DATAFLOW,OECD.TAD.ATM:DSD_AGR@DF_OUTLOOK_2026_2035(1.1),I,VNM,A,CPC_0141,QP,T,AO_2026_2035,2025,50,A,3,2,_Z
DATAFLOW,OECD.TAD.ATM:DSD_AGR@DF_OUTLOOK_2026_2035(1.1),I,VNM,A,CPC_0141,QP,T,AO_2026_2035,2026,46.89903059894969,A,3,2,_Z
DATAFLOW,OECD.TAD.ATM:DSD_AGR@DF_OUTLOOK_2026_2035(1.1),I,VNM,A,CPC_0141,QP,T,AO_2026_2035,2027,47.2483469363356,A,3,2,_Z
DATAFLOW,OECD.TAD.ATM:DSD_AGR@DF_OUTLOOK_2026_2035(1.1),I,VNM,A,CPC_0141,QP,T,AO_2026_2035,2028,47.235523519747105,A,3,2,_Z
DATAFLOW,OECD.TAD.ATM:DSD_AGR@DF_OUTLOOK_2026_2035(1.1),I,VNM,A,CPC_0141,QP,T,AO_2026_2035,2029,47.0591844885046,A,3,2,_Z
DATAFLOW,OECD.TAD.ATM:DSD_AGR@DF_OUTLOOK_2026_2035(1.1),I,VNM,A,CPC_0141,QP,T,AO_2026_2035,2030,46.6788748962789,A,3,2,_Z
DATAFLOW,OECD.TAD.ATM:DSD_AGR@DF_OUTLOOK_2026_2035(1.1),I,VNM,A,CPC_0141,QP,T,AO_2026_2035,2031,46.36034019334969,A,3,2,_Z
DATAFLOW,OECD.TAD.ATM:DSD_AGR@DF_OUTLOOK_2026_2035(1.1),I,VNM,A,CPC_0141,QP,T,AO_2026_2035,2032,46.0182444038569,A,3,2,_Z
DATAFLOW,OECD.TAD.ATM:DSD_AGR@DF_OUTLOOK_2026_2035(1.1),I,VNM,A,CPC_0141,QP,T,AO_2026_2035,2033,45.6427480499239,A,3,2,_Z
DATAFLOW,OECD.TAD.ATM:DSD_AGR@DF_OUTLOOK_2026_2035(1.1),I,VNM,A,CPC_0141,QP,T,AO_2026_2035,2034,45.2810789995224,A,3,2,_Z
DATAFLOW,OECD.TAD.ATM:DSD_AGR@DF_OUTLOOK_2026_2035(1.1),I,VNM,A,CPC_0141,QP,T,AO_2026_2035,2035,44.9211954804384,A,3,2,_Z
DATAFLOW,OECD.TAD.ATM:DSD_AGR@DF_OUTLOOK_2026_2035(1.1),I,VNM,A,CPC_0221,QP,T,AO_2026_2035,2015,773.07236,A,3,2,_Z
DATAFLOW,OECD.TAD.ATM:DSD_AGR@DF_OUTLOOK_2026_2035(1.1),I,VNM,A,CPC_0221,QP,T,AO_2026_2035,2016,847.20823,A,3,2,_Z
DATAFLOW,OECD.TAD.ATM:DSD_AGR@DF_OUTLOOK_2026_2035(1.1),I,VNM,A,CPC_0221,QP,T,AO_2026_2035,2017,935.80626,A,3,2,_Z
DATAFLOW,OECD.TAD.ATM:DSD_AGR@DF_OUTLOOK_2026_2035(1.1),I,VNM,A,CPC_0221,QP,T,AO_2026_2035,2018,991.56595,A,3,2,_Z
DATAFLOW,OECD.TAD.ATM:DSD_AGR@DF_OUTLOOK_2026_2035(1.1),I,VNM,A,CPC_0221,QP,T,AO_2026_2035,2019,1042.98716,A,3,2,_Z
DATAFLOW,OECD.TAD.ATM:DSD_AGR@DF_OUTLOOK_2026_2035(1.1),I,VNM,A,CPC_0221,QP,T,AO_2026_2035,2020,1107.8875,A,3,2,_Z
DATAFLOW,OECD.TAD.ATM:DSD_AGR@DF_OUTLOOK_2026_2035(1.1),I,VNM,A,CPC_0221,QP,T,AO_2026_2035,2021,1129.58649,A,3,2,_Z
DATAFLOW,OECD.TAD.ATM:DSD_AGR@DF_OUTLOOK_2026_2035(1.1),I,VNM,A,CPC_0221,QP,T,AO_2026_2035,2022,1184.91718,A,3,2,_Z
DATAFLOW,OECD.TAD.ATM:DSD_AGR@DF_OUTLOOK_2026_2035(1.1),I,VNM,A,CPC_0221,QP,T,AO_2026_2035,2023,1246.34636,A,3,2,_Z
DATAFLOW,OECD.TAD.ATM:DSD_AGR@DF_OUTLOOK_2026_2035(1.1),I,VNM,A,CPC_0221,QP,T,AO_2026_2035,2024,1302.02582,A,3,2,_Z
DATAFLOW,OECD.TAD.ATM:DSD_AGR@DF_OUTLOOK_2026_2035(1.1),I,VNM,A,CPC_0221,QP,T,AO_2026_2035,2025,1341.0865946,A,3,2,_Z
DATAFLOW,OECD.TAD.ATM:DSD_AGR@DF_OUTLOOK_2026_2035(1.1),I,VNM,A,CPC_0221,QP,T,AO_2026_2035,2026,1394.97955606805,A,3,2,_Z
DATAFLOW,OECD.TAD.ATM:DSD_AGR@DF_OUTLOOK_2026_2035(1.1),I,VNM,A,CPC_0221,QP,T,AO_2026_2035,2027,1452.28014663159,A,3,2,_Z
DATAFLOW,OECD.TAD.ATM:DSD_AGR@DF_OUTLOOK_2026_2035(1.1),I,VNM,A,CPC_0221,QP,T,AO_2026_2035,2028,1514.06953527778,A,3,2,_Z
DATAFLOW,OECD.TAD.ATM:DSD_AGR@DF_OUTLOOK_2026_2035(1.1),I,VNM,A,CPC_0221,QP,T,AO_2026_2035,2029,1579.56669586964,A,3,2,_Z
DATAFLOW,OECD.TAD.ATM:DSD_AGR@DF_OUTLOOK_2026_2035(1.1),I,VNM,A,CPC_0221,QP,T,AO_2026_2035,2030,1648.81183187714,A,3,2,_Z
DATAFLOW,OECD.TAD.ATM:DSD_AGR@DF_OUTLOOK_2026_2035(1.1),I,VNM,A,CPC_0221,QP,T,AO_2026_2035,2031,1721.64646420763,A,3,2,_Z
DATAFLOW,OECD.TAD.ATM:DSD_AGR@DF_OUTLOOK_2026_2035(1.1),I,VNM,A,CPC_0221,QP,T,AO_2026_2035,2032,1793.18337769029,A,3,2,_Z
DATAFLOW,OECD.TAD.ATM:DSD_AGR@DF_OUTLOOK_2026_2035(1.1),I,VNM,A,CPC_0221,QP,T,AO_2026_2035,2033,1865.35768943541,A,3,2,_Z
DATAFLOW,OECD.TAD.ATM:DSD_AGR@DF_OUTLOOK_2026_2035(1.1),I,VNM,A,CPC_0221,QP,T,AO_2026_2035,2034,1937.46998252723,A,3,2,_Z
DATAFLOW,OECD.TAD.ATM:DSD_AGR@DF_OUTLOOK_2026_2035(1.1),I,VNM,A,CPC_0221,QP,T,AO_2026_2035,2035,2009.47416665389,A,3,2,_Z
DATAFLOW,OECD.TAD.ATM:DSD_AGR@DF_OUTLOOK_2026_2035(1.1),I,VNM,A,CPC_0111,QP,T,AO_2026_2035,2026,8.824776094949E-05,A,3,2,_Z
DATAFLOW,OECD.TAD.ATM:DSD_AGR@DF_OUTLOOK_2026_2035(1.1),I,VNM,A,CPC_0111,QP,T,AO_2026_2035,2027,8.977674142494E-05,A,3,2,_Z
DATAFLOW,OECD.TAD.ATM:DSD_AGR@DF_OUTLOOK_2026_2035(1.1),I,VNM,A,CPC_0111,QP,T,AO_2026_2035,2028,9.242089735788E-05,A,3,2,_Z
DATAFLOW,OECD.TAD.ATM:DSD_AGR@DF_OUTLOOK_2026_2035(1.1),I,VNM,A,CPC_0111,QP,T,AO_2026_2035,2029,9.369952590446E-05,A,3,2,_Z
DATAFLOW,OECD.TAD.ATM:DSD_AGR@DF_OUTLOOK_2026_2035(1.1),I,VNM,A,CPC_0111,QP,T,AO_2026_2035,2030,9.449022283113E-05,A,3,2,_Z
DATAFLOW,OECD.TAD.ATM:DSD_AGR@DF_OUTLOOK_2026_2035(1.1),I,VNM,A,CPC_0111,QP,T,AO_2026_2035,2031,9.487553723883E-05,A,3,2,_Z
DATAFLOW,OECD.TAD.ATM:DSD_AGR@DF_OUTLOOK_2026_2035(1.1),I,VNM,A,CPC_0111,QP,T,AO_2026_2035,2032,9.495529561126E-05,A,3,2,_Z
DATAFLOW,OECD.TAD.ATM:DSD_AGR@DF_OUTLOOK_2026_2035(1.1),I,VNM,A,CPC_0111,QP,T,AO_2026_2035,2033,9.49859872773E-05,A,3,2,_Z
DATAFLOW,OECD.TAD.ATM:DSD_AGR@DF_OUTLOOK_2026_2035(1.1),I,VNM,A,CPC_0111,QP,T,AO_2026_2035,2034,9.503010268428E-05,A,3,2,_Z
DATAFLOW,OECD.TAD.ATM:DSD_AGR@DF_OUTLOOK_2026_2035(1.1),I,VNM,A,CPC_0111,QP,T,AO_2026_2035,2035,9.503963960938E-05,A,3,2,_Z
DATAFLOW,OECD.TAD.ATM:DSD_AGR@DF_OUTLOOK_2026_2035(1.1),I,VNM,A,CPC_2224,QP,T,AO_2026_2035,2020,0.41413,A,3,2,_Z
DATAFLOW,OECD.TAD.ATM:DSD_AGR@DF_OUTLOOK_2026_2035(1.1),I,VNM,A,CPC_2224,QP,T,AO_2026_2035,2021,0.43394,A,3,2,_Z
DATAFLOW,OECD.TAD.ATM:DSD_AGR@DF_OUTLOOK_2026_2035(1.1),I,VNM,A,CPC_2224,QP,T,AO_2026_2035,2022,0.45676,A,3,2,_Z
DATAFLOW,OECD.TAD.ATM:DSD_AGR@DF_OUTLOOK_2026_2035(1.1),I,VNM,A,CPC_2224,QP,T,AO_2026_2035,2023,0.4802,A,3,2,_Z
DATAFLOW,OECD.TAD.ATM:DSD_AGR@DF_OUTLOOK_2026_2035(1.1),I,VNM,A,CPC_2224,QP,T,AO_2026_2035,2024,0.4802,A,3,2,_Z
DATAFLOW,OECD.TAD.ATM:DSD_AGR@DF_OUTLOOK_2026_2035(1.1),I,VNM,A,CPC_2224,QP,T,AO_2026_2035,2025,0.4802,A,3,2,_Z
DATAFLOW,OECD.TAD.ATM:DSD_AGR@DF_OUTLOOK_2026_2035(1.1),I,VNM,A,CPC_2224,QP,T,AO_2026_2035,2026,0.49949737062041105,A,3,2,_Z
DATAFLOW,OECD.TAD.ATM:DSD_AGR@DF_OUTLOOK_2026_2035(1.1),I,VNM,A,CPC_2224,QP,T,AO_2026_2035,2027,0.5200148715378871,A,3,2,_Z
DATAFLOW,OECD.TAD.ATM:DSD_AGR@DF_OUTLOOK_2026_2035(1.1),I,VNM,A,CPC_2224,QP,T,AO_2026_2035,2028,0.542139666863207,A,3,2,_Z
DATAFLOW,OECD.TAD.ATM:DSD_AGR@DF_OUTLOOK_2026_2035(1.1),I,VNM,A,CPC_2224,QP,T,AO_2026_2035,2029,0.565592096224216,A,3,2,_Z
DATAFLOW,OECD.TAD.ATM:DSD_AGR@DF_OUTLOOK_2026_2035(1.1),I,VNM,A,CPC_2224,QP,T,AO_2026_2035,2030,0.590386555192124,A,3,2,_Z
DATAFLOW,OECD.TAD.ATM:DSD_AGR@DF_OUTLOOK_2026_2035(1.1),I,VNM,A,CPC_2224,QP,T,AO_2026_2035,2031,0.61646629749439,A,3,2,_Z
DATAFLOW,OECD.TAD.ATM:DSD_AGR@DF_OUTLOOK_2026_2035(1.1),I,VNM,A,CPC_2224,QP,T,AO_2026_2035,2032,0.642081368361526,A,3,2,_Z
DATAFLOW,OECD.TAD.ATM:DSD_AGR@DF_OUTLOOK_2026_2035(1.1),I,VNM,A,CPC_2224,QP,T,AO_2026_2035,2033,0.667924671072455,A,3,2,_Z
DATAFLOW,OECD.TAD.ATM:DSD_AGR@DF_OUTLOOK_2026_2035(1.1),I,VNM,A,CPC_2224,QP,T,AO_2026_2035,2034,0.693745766895752,A,3,2,_Z
DATAFLOW,OECD.TAD.ATM:DSD_AGR@DF_OUTLOOK_2026_2035(1.1),I,VNM,A,CPC_2224,QP,T,AO_2026_2035,2035,0.7195281523712129,A,3,2,_Z
DATAFLOW,OECD.TAD.ATM:DSD_AGR@DF_OUTLOOK_2026_2035(1.1),I,VNM,A,CPC_0113,QP,T,AO_2026_2035,2015,29309.15,A,3,2,_Z
DATAFLOW,OECD.TAD.ATM:DSD_AGR@DF_OUTLOOK_2026_2035(1.1),I,VNM,A,CPC_0113,QP,T,AO_2026_2035,2016,28057.31,A,3,2,_Z
DATAFLOW,OECD.TAD.ATM:DSD_AGR@DF_OUTLOOK_2026_2035(1.1),I,VNM,A,CPC_0113,QP,T,AO_2026_2035,2017,27780.28,A,3,2,_Z
DATAFLOW,OECD.TAD.ATM:DSD_AGR@DF_OUTLOOK_2026_2035(1.1),I,VNM,A,CPC_0113,QP,T,AO_2026_2035,2018,28629.9,A,3,2,_Z
DATAFLOW,OECD.TAD.ATM:DSD_AGR@DF_OUTLOOK_2026_2035(1.1),I,VNM,A,CPC_0113,QP,T,AO_2026_2035,2019,28272.01,A,3,2,_Z
DATAFLOW,OECD.TAD.ATM:DSD_AGR@DF_OUTLOOK_2026_2035(1.1),I,VNM,A,CPC_0113,QP,T,AO_2026_2035,2020,27797.11,A,3,2,_Z
DATAFLOW,OECD.TAD.ATM:DSD_AGR@DF_OUTLOOK_2026_2035(1.1),I,VNM,A,CPC_0113,QP,T,AO_2026_2035,2021,28504.19,A,3,2,_Z
DATAFLOW,OECD.TAD.ATM:DSD_AGR@DF_OUTLOOK_2026_2035(1.1),I,VNM,A,CPC_0113,QP,T,AO_2026_2035,2022,27729.45,A,3,2,_Z
DATAFLOW,OECD.TAD.ATM:DSD_AGR@DF_OUTLOOK_2026_2035(1.1),I,VNM,A,CPC_0113,QP,T,AO_2026_2035,2023,28273.7,A,3,2,_Z
DATAFLOW,OECD.TAD.ATM:DSD_AGR@DF_OUTLOOK_2026_2035(1.1),I,VNM,A,CPC_0113,QP,T,AO_2026_2035,2024,28243.54,A,3,2,_Z
DATAFLOW,OECD.TAD.ATM:DSD_AGR@DF_OUTLOOK_2026_2035(1.1),I,VNM,A,CPC_0113,QP,T,AO_2026_2035,2025,28210,A,3,2,_Z
DATAFLOW,OECD.TAD.ATM:DSD_AGR@DF_OUTLOOK_2026_2035(1.1),I,VNM,A,CPC_0113,QP,T,AO_2026_2035,2026,28791.5765064801,A,3,2,_Z
DATAFLOW,OECD.TAD.ATM:DSD_AGR@DF_OUTLOOK_2026_2035(1.1),I,VNM,A,CPC_0113,QP,T,AO_2026_2035,2027,29267.7299056371,A,3,2,_Z
DATAFLOW,OECD.TAD.ATM:DSD_AGR@DF_OUTLOOK_2026_2035(1.1),I,VNM,A,CPC_0113,QP,T,AO_2026_2035,2028,29690.9884204023,A,3,2,_Z
DATAFLOW,OECD.TAD.ATM:DSD_AGR@DF_OUTLOOK_2026_2035(1.1),I,VNM,A,CPC_0113,QP,T,AO_2026_2035,2029,30049.0438654015,A,3,2,_Z
DATAFLOW,OECD.TAD.ATM:DSD_AGR@DF_OUTLOOK_2026_2035(1.1),I,VNM,A,CPC_0113,QP,T,AO_2026_2035,2030,30394.7757643855,A,3,2,_Z
DATAFLOW,OECD.TAD.ATM:DSD_AGR@DF_OUTLOOK_2026_2035(1.1),I,VNM,A,CPC_0113,QP,T,AO_2026_2035,2031,30757.0612000928,A,3,2,_Z
DATAFLOW,OECD.TAD.ATM:DSD_AGR@DF_OUTLOOK_2026_2035(1.1),I,VNM,A,CPC_0113,QP,T,AO_2026_2035,2032,31124.9418598409,A,3,2,_Z
DATAFLOW,OECD.TAD.ATM:DSD_AGR@DF_OUTLOOK_2026_2035(1.1),I,VNM,A,CPC_0113,QP,T,AO_2026_2035,2033,31501.690820559,A,3,2,_Z
DATAFLOW,OECD.TAD.ATM:DSD_AGR@DF_OUTLOOK_2026_2035(1.1),I,VNM,A,CPC_0113,QP,T,AO_2026_2035,2034,31884.3725456821,A,3,2,_Z
DATAFLOW,OECD.TAD.ATM:DSD_AGR@DF_OUTLOOK_2026_2035(1.1),I,VNM,A,CPC_0113,QP,T,AO_2026_2035,2035,32274.8523089061,A,3,2,_Z
DATAFLOW,OECD.TAD.ATM:DSD_AGR@DF_OUTLOOK_2026_2035(1.1),I,VNM,A,CPC_22211,QP,T,AO_2026_2035,2026,9.361675001215E-05,A,3,2,_Z
DATAFLOW,OECD.TAD.ATM:DSD_AGR@DF_OUTLOOK_2026_2035(1.1),I,VNM,A,CPC_22211,QP,T,AO_2026_2035,2027,9.746217917203E-05,A,3,2,_Z
DATAFLOW,OECD.TAD.ATM:DSD_AGR@DF_OUTLOOK_2026_2035(1.1),I,VNM,A,CPC_22211,QP,T,AO_2026_2035,2028,0.0001016088505158,A,3,2,_Z
DATAFLOW,OECD.TAD.ATM:DSD_AGR@DF_OUTLOOK_2026_2035(1.1),I,VNM,A,CPC_22211,QP,T,AO_2026_2035,2029,0.00010600434956305,A,3,2,_Z
DATAFLOW,OECD.TAD.ATM:DSD_AGR@DF_OUTLOOK_2026_2035(1.1),I,VNM,A,CPC_22211,QP,T,AO_2026_2035,2030,0.0001106513743592,A,3,2,_Z
DATAFLOW,OECD.TAD.ATM:DSD_AGR@DF_OUTLOOK_2026_2035(1.1),I,VNM,A,CPC_22211,QP,T,AO_2026_2035,2031,0.00011553928940961,A,3,2,_Z
DATAFLOW,OECD.TAD.ATM:DSD_AGR@DF_OUTLOOK_2026_2035(1.1),I,VNM,A,CPC_22211,QP,T,AO_2026_2035,2032,0.00012034011485326,A,3,2,_Z
DATAFLOW,OECD.TAD.ATM:DSD_AGR@DF_OUTLOOK_2026_2035(1.1),I,VNM,A,CPC_22211,QP,T,AO_2026_2035,2033,0.00012518371594444,A,3,2,_Z
DATAFLOW,OECD.TAD.ATM:DSD_AGR@DF_OUTLOOK_2026_2035(1.1),I,VNM,A,CPC_22211,QP,T,AO_2026_2035,2034,0.00013002315497837,A,3,2,_Z
DATAFLOW,OECD.TAD.ATM:DSD_AGR@DF_OUTLOOK_2026_2035(1.1),I,VNM,A,CPC_22211,QP,T,AO_2026_2035,2035,0.00013485533884508,A,3,2,_Z
DATAFLOW,OECD.TAD.ATM:DSD_AGR@DF_OUTLOOK_2026_2035(1.1),I,VNM,A,CPC_EX_222121,QP,T,AO_2026_2035,2026,9.361675001215E-05,A,3,2,_Z
DATAFLOW,OECD.TAD.ATM:DSD_AGR@DF_OUTLOOK_2026_2035(1.1),I,VNM,A,CPC_EX_222121,QP,T,AO_2026_2035,2027,9.746217917203E-05,A,3,2,_Z
DATAFLOW,OECD.TAD.ATM:DSD_AGR@DF_OUTLOOK_2026_2035(1.1),I,VNM,A,CPC_EX_222121,QP,T,AO_2026_2035,2028,0.0001016088505158,A,3,2,_Z
DATAFLOW,OECD.TAD.ATM:DSD_AGR@DF_OUTLOOK_2026_2035(1.1),I,VNM,A,CPC_EX_222121,QP,T,AO_2026_2035,2029,0.00010600434956305,A,3,2,_Z
DATAFLOW,OECD.TAD.ATM:DSD_AGR@DF_OUTLOOK_2026_2035(1.1),I,VNM,A,CPC_EX_222121,QP,T,AO_2026_2035,2030,0.0001106513743592,A,3,2,_Z
DATAFLOW,OECD.TAD.ATM:DSD_AGR@DF_OUTLOOK_2026_2035(1.1),I,VNM,A,CPC_EX_222121,QP,T,AO_2026_2035,2031,0.00011553928940961,A,3,2,_Z
DATAFLOW,OECD.TAD.ATM:DSD_AGR@DF_OUTLOOK_2026_2035(1.1),I,VNM,A,CPC_EX_222121,QP,T,AO_2026_2035,2032,0.00012034011485326,A,3,2,_Z
DATAFLOW,OECD.TAD.ATM:DSD_AGR@DF_OUTLOOK_2026_2035(1.1),I,VNM,A,CPC_EX_222121,QP,T,AO_2026_2035,2033,0.00012518371594444,A,3,2,_Z
DATAFLOW,OECD.TAD.ATM:DSD_AGR@DF_OUTLOOK_2026_2035(1.1),I,VNM,A,CPC_EX_222121,QP,T,AO_2026_2035,2034,0.00013002315497837,A,3,2,_Z
DATAFLOW,OECD.TAD.ATM:DSD_AGR@DF_OUTLOOK_2026_2035(1.1),I,VNM,A,CPC_EX_222121,QP,T,AO_2026_2035,2035,0.00013485533884508,A,3,2,_Z
DATAFLOW,OECD.TAD.ATM:DSD_AGR@DF_OUTLOOK_2026_2035(1.1),I,VNM,A,CPC_2222T2223,QP,T,AO_2026_2035,2015,773.07236,A,3,2,_Z
DATAFLOW,OECD.TAD.ATM:DSD_AGR@DF_OUTLOOK_2026_2035(1.1),I,VNM,A,CPC_2222T2223,QP,T,AO_2026_2035,2016,847.20823,A,3,2,_Z
DATAFLOW,OECD.TAD.ATM:DSD_AGR@DF_OUTLOOK_2026_2035(1.1),I,VNM,A,CPC_2222T2223,QP,T,AO_2026_2035,2017,935.80626,A,3,2,_Z
DATAFLOW,OECD.TAD.ATM:DSD_AGR@DF_OUTLOOK_2026_2035(1.1),I,VNM,A,CPC_2222T2223,QP,T,AO_2026_2035,2018,991.56595,A,3,2,_Z
DATAFLOW,OECD.TAD.ATM:DSD_AGR@DF_OUTLOOK_2026_2035(1.1),I,VNM,A,CPC_2222T2223,QP,T,AO_2026_2035,2019,1042.98716,A,3,2,_Z
DATAFLOW,OECD.TAD.ATM:DSD_AGR@DF_OUTLOOK_2026_2035(1.1),I,VNM,A,CPC_2222T2223,QP,T,AO_2026_2035,2020,1099.63080865176,A,3,2,_Z
DATAFLOW,OECD.TAD.ATM:DSD_AGR@DF_OUTLOOK_2026_2035(1.1),I,VNM,A,CPC_2222T2223,QP,T,AO_2026_2035,2021,1120.92629554364,A,3,2,_Z
DATAFLOW,OECD.TAD.ATM:DSD_AGR@DF_OUTLOOK_2026_2035(1.1),I,VNM,A,CPC_2222T2223,QP,T,AO_2026_2035,2022,1175.78834233934,A,3,2,_Z
DATAFLOW,OECD.TAD.ATM:DSD_AGR@DF_OUTLOOK_2026_2035(1.1),I,VNM,A,CPC_2222T2223,QP,T,AO_2026_2035,2023,1236.7313401684,A,3,2,_Z
DATAFLOW,OECD.TAD.ATM:DSD_AGR@DF_OUTLOOK_2026_2035(1.1),I,VNM,A,CPC_2222T2223,QP,T,AO_2026_2035,2024,1292.39501588448,A,3,2,_Z
DATAFLOW,OECD.TAD.ATM:DSD_AGR@DF_OUTLOOK_2026_2035(1.1),I,VNM,A,CPC_2222T2223,QP,T,AO_2026_2035,2025,1331.45579048448,A,3,2,_Z
DATAFLOW,OECD.TAD.ATM:DSD_AGR@DF_OUTLOOK_2026_2035(1.1),I,VNM,A,CPC_2222T2223,QP,T,AO_2026_2035,2026,1384.95824621032,A,3,2,_Z
DATAFLOW,OECD.TAD.ATM:DSD_AGR@DF_OUTLOOK_2026_2035(1.1),I,VNM,A,CPC_2222T2223,QP,T,AO_2026_2035,2027,1441.84729118208,A,3,2,_Z
DATAFLOW,OECD.TAD.ATM:DSD_AGR@DF_OUTLOOK_2026_2035(1.1),I,VNM,A,CPC_2222T2223,QP,T,AO_2026_2035,2028,1503.19289468983,A,3,2,_Z
DATAFLOW,OECD.TAD.ATM:DSD_AGR@DF_OUTLOOK_2026_2035(1.1),I,VNM,A,CPC_2222T2223,QP,T,AO_2026_2035,2029,1568.2196401001,A,3,2,_Z
DATAFLOW,OECD.TAD.ATM:DSD_AGR@DF_OUTLOOK_2026_2035(1.1),I,VNM,A,CPC_2222T2223,QP,T,AO_2026_2035,2030,1636.96744213258,A,3,2,_Z
DATAFLOW,OECD.TAD.ATM:DSD_AGR@DF_OUTLOOK_2026_2035(1.1),I,VNM,A,CPC_2222T2223,QP,T,AO_2026_2035,2031,1709.27895992674,A,3,2,_Z
DATAFLOW,OECD.TAD.ATM:DSD_AGR@DF_OUTLOOK_2026_2035(1.1),I,VNM,A,CPC_2222T2223,QP,T,AO_2026_2035,2032,1780.3020793786,A,3,2,_Z
DATAFLOW,OECD.TAD.ATM:DSD_AGR@DF_OUTLOOK_2026_2035(1.1),I,VNM,A,CPC_2222T2223,QP,T,AO_2026_2035,2033,1851.95801915677,A,3,2,_Z
DATAFLOW,OECD.TAD.ATM:DSD_AGR@DF_OUTLOOK_2026_2035(1.1),I,VNM,A,CPC_2222T2223,QP,T,AO_2026_2035,2034,1923.5523857134,A,3,2,_Z
DATAFLOW,OECD.TAD.ATM:DSD_AGR@DF_OUTLOOK_2026_2035(1.1),I,VNM,A,CPC_2222T2223,QP,T,AO_2026_2035,2035,1995.03941976752,A,3,2,_Z
DATAFLOW,OECD.TAD.ATM:DSD_AGR@DF_OUTLOOK_2026_2035(1.1),I,VNM,A,CPC_017,QP,T,AO_2026_2035,2015,319.332369942197,A,3,2,_Z
DATAFLOW,OECD.TAD.ATM:DSD_AGR@DF_OUTLOOK_2026_2035(1.1),I,VNM,A,CPC_017,QP,T,AO_2026_2035,2016,298.650746268657,A,3,2,_Z
DATAFLOW,OECD.TAD.ATM:DSD_AGR@DF_OUTLOOK_2026_2035(1.1),I,VNM,A,CPC_017,QP,T,AO_2026_2035,2017,318.410112359551,A,3,2,_Z
DATAFLOW,OECD.TAD.ATM:DSD_AGR@DF_OUTLOOK_2026_2035(1.1),I,VNM,A,CPC_017,QP,T,AO_2026_2035,2018,335,A,3,2,_Z
DATAFLOW,OECD.TAD.ATM:DSD_AGR@DF_OUTLOOK_2026_2035(1.1),I,VNM,A,CPC_017,QP,T,AO_2026_2035,2019,307,A,3,2,_Z
DATAFLOW,OECD.TAD.ATM:DSD_AGR@DF_OUTLOOK_2026_2035(1.1),I,VNM,A,CPC_017,QP,T,AO_2026_2035,2020,299,A,3,2,_Z
DATAFLOW,OECD.TAD.ATM:DSD_AGR@DF_OUTLOOK_2026_2035(1.1),I,VNM,A,CPC_017,QP,T,AO_2026_2035,2021,295,A,3,2,_Z
DATAFLOW,OECD.TAD.ATM:DSD_AGR@DF_OUTLOOK_2026_2035(1.1),I,VNM,A,CPC_017,QP,T,AO_2026_2035,2022,325.336134453781,A,3,2,_Z
DATAFLOW,OECD.TAD.ATM:DSD_AGR@DF_OUTLOOK_2026_2035(1.1),I,VNM,A,CPC_017,QP,T,AO_2026_2035,2023,286,A,3,2,_Z
DATAFLOW,OECD.TAD.ATM:DSD_AGR@DF_OUTLOOK_2026_2035(1.1),I,VNM,A,CPC_017,QP,T,AO_2026_2035,2024,286.676632462092,A,3,2,_Z
DATAFLOW,OECD.TAD.ATM:DSD_AGR@DF_OUTLOOK_2026_2035(1.1),I,VNM,A,CPC_017,QP,T,AO_2026_2035,2025,287.114622381868,A,3,2,_Z
DATAFLOW,OECD.TAD.ATM:DSD_AGR@DF_OUTLOOK_2026_2035(1.1),I,VNM,A,CPC_017,QP,T,AO_2026_2035,2026,273.347414142421,A,3,2,_Z
DATAFLOW,OECD.TAD.ATM:DSD_AGR@DF_OUTLOOK_2026_2035(1.1),I,VNM,A,CPC_017,QP,T,AO_2026_2035,2027,274.66112425029,A,3,2,_Z
DATAFLOW,OECD.TAD.ATM:DSD_AGR@DF_OUTLOOK_2026_2035(1.1),I,VNM,A,CPC_017,QP,T,AO_2026_2035,2028,276.411034958879,A,3,2,_Z
DATAFLOW,OECD.TAD.ATM:DSD_AGR@DF_OUTLOOK_2026_2035(1.1),I,VNM,A,CPC_017,QP,T,AO_2026_2035,2029,277.093306826432,A,3,2,_Z
DATAFLOW,OECD.TAD.ATM:DSD_AGR@DF_OUTLOOK_2026_2035(1.1),I,VNM,A,CPC_017,QP,T,AO_2026_2035,2030,276.681556420415,A,3,2,_Z
DATAFLOW,OECD.TAD.ATM:DSD_AGR@DF_OUTLOOK_2026_2035(1.1),I,VNM,A,CPC_017,QP,T,AO_2026_2035,2031,276.160858509389,A,3,2,_Z
DATAFLOW,OECD.TAD.ATM:DSD_AGR@DF_OUTLOOK_2026_2035(1.1),I,VNM,A,CPC_017,QP,T,AO_2026_2035,2032,275.442588408362,A,3,2,_Z
DATAFLOW,OECD.TAD.ATM:DSD_AGR@DF_OUTLOOK_2026_2035(1.1),I,VNM,A,CPC_017,QP,T,AO_2026_2035,2033,274.638278728246,A,3,2,_Z
DATAFLOW,OECD.TAD.ATM:DSD_AGR@DF_OUTLOOK_2026_2035(1.1),I,VNM,A,CPC_017,QP,T,AO_2026_2035,2034,273.911387354585,A,3,2,_Z
DATAFLOW,OECD.TAD.ATM:DSD_AGR@DF_OUTLOOK_2026_2035(1.1),I,VNM,A,CPC_017,QP,T,AO_2026_2035,2035,273.162501399666,A,3,2,_Z
DATAFLOW,OECD.TAD.ATM:DSD_AGR@DF_OUTLOOK_2026_2035(1.1),I,VNM,A,CPC_0141,FO_PC,KG_PS,AO_2026_2035,2015,0.644563454279656,A,0,2,_Z
DATAFLOW,OECD.TAD.ATM:DSD_AGR@DF_OUTLOOK_2026_2035(1.1),I,VNM,A,CPC_0141,FO_PC,KG_PS,AO_2026_2035,2016,0.5525919049995409,A,0,2,_Z
DATAFLOW,OECD.TAD.ATM:DSD_AGR@DF_OUTLOOK_2026_2035(1.1),I,VNM,A,CPC_0141,FO_PC,KG_PS,AO_2026_2035,2017,0.588124241542901,A,0,2,_Z
DATAFLOW,OECD.TAD.ATM:DSD_AGR@DF_OUTLOOK_2026_2035(1.1),I,VNM,A,CPC_0141,FO_PC,KG_PS,AO_2026_2035,2018,0.246221830132116,A,0,2,_Z
DATAFLOW,OECD.TAD.ATM:DSD_AGR@DF_OUTLOOK_2026_2035(1.1),I,VNM,A,CPC_0141,FO_PC,KG_PS,AO_2026_2035,2019,0.424554459366539,A,0,2,_Z
DATAFLOW,OECD.TAD.ATM:DSD_AGR@DF_OUTLOOK_2026_2035(1.1),I,VNM,A,CPC_0141,FO_PC,KG_PS,AO_2026_2035,2020,0.28587929511827,A,0,2,_Z
DATAFLOW,OECD.TAD.ATM:DSD_AGR@DF_OUTLOOK_2026_2035(1.1),I,VNM,A,CPC_0141,FO_PC,KG_PS,AO_2026_2035,2021,0.226235306424292,A,0,2,_Z
DATAFLOW,OECD.TAD.ATM:DSD_AGR@DF_OUTLOOK_2026_2035(1.1),I,VNM,A,CPC_0141,FO_PC,KG_PS,AO_2026_2035,2022,0.110125599097735,A,0,2,_Z
DATAFLOW,OECD.TAD.ATM:DSD_AGR@DF_OUTLOOK_2026_2035(1.1),I,VNM,A,CPC_0141,FO_PC,KG_PS,AO_2026_2035,2023,0.68849539925613,A,0,2,_Z
DATAFLOW,OECD.TAD.ATM:DSD_AGR@DF_OUTLOOK_2026_2035(1.1),I,VNM,A,CPC_0141,FO_PC,KG_PS,AO_2026_2035,2024,7.5879906443E-07,A,0,2,_Z
DATAFLOW,OECD.TAD.ATM:DSD_AGR@DF_OUTLOOK_2026_2035(1.1),I,VNM,A,CPC_0141,FO_PC,KG_PS,AO_2026_2035,2025,7.5652311948E-07,A,0,2,_Z
DATAFLOW,OECD.TAD.ATM:DSD_AGR@DF_OUTLOOK_2026_2035(1.1),I,VNM,A,CPC_0141,FO_PC,KG_PS,AO_2026_2035,2026,7.7545660025E-07,A,0,2,_Z
DATAFLOW,OECD.TAD.ATM:DSD_AGR@DF_OUTLOOK_2026_2035(1.1),I,VNM,A,CPC_0141,FO_PC,KG_PS,AO_2026_2035,2027,7.9472291269E-07,A,0,2,_Z
DATAFLOW,OECD.TAD.ATM:DSD_AGR@DF_OUTLOOK_2026_2035(1.1),I,VNM,A,CPC_0141,FO_PC,KG_PS,AO_2026_2035,2028,8.1273159863E-07,A,0,2,_Z
DATAFLOW,OECD.TAD.ATM:DSD_AGR@DF_OUTLOOK_2026_2035(1.1),I,VNM,A,CPC_0141,FO_PC,KG_PS,AO_2026_2035,2029,8.3138283489E-07,A,0,2,_Z
DATAFLOW,OECD.TAD.ATM:DSD_AGR@DF_OUTLOOK_2026_2035(1.1),I,VNM,A,CPC_0141,FO_PC,KG_PS,AO_2026_2035,2030,8.4934295128E-07,A,0,2,_Z
DATAFLOW,OECD.TAD.ATM:DSD_AGR@DF_OUTLOOK_2026_2035(1.1),I,VNM,A,CPC_0141,FO_PC,KG_PS,AO_2026_2035,2031,8.6512069164E-07,A,0,2,_Z
DATAFLOW,OECD.TAD.ATM:DSD_AGR@DF_OUTLOOK_2026_2035(1.1),I,VNM,A,CPC_0141,FO_PC,KG_PS,AO_2026_2035,2032,8.7942575994E-07,A,0,2,_Z
DATAFLOW,OECD.TAD.ATM:DSD_AGR@DF_OUTLOOK_2026_2035(1.1),I,VNM,A,CPC_0141,FO_PC,KG_PS,AO_2026_2035,2033,8.9257155709E-07,A,0,2,_Z
DATAFLOW,OECD.TAD.ATM:DSD_AGR@DF_OUTLOOK_2026_2035(1.1),I,VNM,A,CPC_0141,FO_PC,KG_PS,AO_2026_2035,2034,9.0523327215E-07,A,0,2,_Z
DATAFLOW,OECD.TAD.ATM:DSD_AGR@DF_OUTLOOK_2026_2035(1.1),I,VNM,A,CPC_0141,FO_PC,KG_PS,AO_2026_2035,2035,9.1720473009E-07,A,0,2,_Z
DATAFLOW,OECD.TAD.ATM:DSD_AGR@DF_OUTLOOK_2026_2035(1.1),I,VNM,A,CPC_04,FO_PC,KG_PS,AO_2026_2035,2015,35.7707534148716,A,0,2,_Z
DATAFLOW,OECD.TAD.ATM:DSD_AGR@DF_OUTLOOK_2026_2035(1.1),I,VNM,A,CPC_04,FO_PC,KG_PS,AO_2026_2035,2016,33.6969284942485,A,0,2,_Z
DATAFLOW,OECD.TAD.ATM:DSD_AGR@DF_OUTLOOK_2026_2035(1.1),I,VNM,A,CPC_04,FO_PC,KG_PS,AO_2026_2035,2017,36.3221307606775,A,0,2,_Z
DATAFLOW,OECD.TAD.ATM:DSD_AGR@DF_OUTLOOK_2026_2035(1.1),I,VNM,A,CPC_04,FO_PC,KG_PS,AO_2026_2035,2018,38.4035870222029,A,0,2,_Z
DATAFLOW,OECD.TAD.ATM:DSD_AGR@DF_OUTLOOK_2026_2035(1.1),I,VNM,A,CPC_04,FO_PC,KG_PS,AO_2026_2035,2019,40.6026079402327,A,0,2,_Z
DATAFLOW,OECD.TAD.ATM:DSD_AGR@DF_OUTLOOK_2026_2035(1.1),I,VNM,A,CPC_04,FO_PC,KG_PS,AO_2026_2035,2020,40.687406210355,A,0,2,_Z
DATAFLOW,OECD.TAD.ATM:DSD_AGR@DF_OUTLOOK_2026_2035(1.1),I,VNM,A,CPC_04,FO_PC,KG_PS,AO_2026_2035,2021,41.135732720454705,A,0,2,_Z
DATAFLOW,OECD.TAD.ATM:DSD_AGR@DF_OUTLOOK_2026_2035(1.1),I,VNM,A,CPC_04,FO_PC,KG_PS,AO_2026_2035,2022,40.5828619103676,A,0,2,_Z
DATAFLOW,OECD.TAD.ATM:DSD_AGR@DF_OUTLOOK_2026_2035(1.1),I,VNM,A,CPC_04,FO_PC,KG_PS,AO_2026_2035,2023,43.2318233566836,A,0,2,_Z
DATAFLOW,OECD.TAD.ATM:DSD_AGR@DF_OUTLOOK_2026_2035(1.1),I,VNM,A,CPC_04,FO_PC,KG_PS,AO_2026_2035,2024,42.9175313413954,A,0,2,_Z
DATAFLOW,OECD.TAD.ATM:DSD_AGR@DF_OUTLOOK_2026_2035(1.1),I,VNM,A,CPC_04,FO_PC,KG_PS,AO_2026_2035,2025,42.3964473028235,A,0,2,_Z
DATAFLOW,OECD.TAD.ATM:DSD_AGR@DF_OUTLOOK_2026_2035(1.1),I,VNM,A,CPC_04,FO_PC,KG_PS,AO_2026_2035,2026,46.21549120764249,A,0,2,_Z
DATAFLOW,OECD.TAD.ATM:DSD_AGR@DF_OUTLOOK_2026_2035(1.1),I,VNM,A,CPC_04,FO_PC,KG_PS,AO_2026_2035,2027,44.91210980284271,A,0,2,_Z
DATAFLOW,OECD.TAD.ATM:DSD_AGR@DF_OUTLOOK_2026_2035(1.1),I,VNM,A,CPC_04,FO_PC,KG_PS,AO_2026_2035,2028,45.3876504439307,A,0,2,_Z
DATAFLOW,OECD.TAD.ATM:DSD_AGR@DF_OUTLOOK_2026_2035(1.1),I,VNM,A,CPC_04,FO_PC,KG_PS,AO_2026_2035,2029,45.9964024302119,A,0,2,_Z
DATAFLOW,OECD.TAD.ATM:DSD_AGR@DF_OUTLOOK_2026_2035(1.1),I,VNM,A,CPC_04,FO_PC,KG_PS,AO_2026_2035,2030,46.408061397439106,A,0,2,_Z
DATAFLOW,OECD.TAD.ATM:DSD_AGR@DF_OUTLOOK_2026_2035(1.1),I,VNM,A,CPC_04,FO_PC,KG_PS,AO_2026_2035,2031,45.987889790927696,A,0,2,_Z
DATAFLOW,OECD.TAD.ATM:DSD_AGR@DF_OUTLOOK_2026_2035(1.1),I,VNM,A,CPC_04,FO_PC,KG_PS,AO_2026_2035,2032,46.4282400831144,A,0,2,_Z
DATAFLOW,OECD.TAD.ATM:DSD_AGR@DF_OUTLOOK_2026_2035(1.1),I,VNM,A,CPC_04,FO_PC,KG_PS,AO_2026_2035,2033,46.7975478984643,A,0,2,_Z
DATAFLOW,OECD.TAD.ATM:DSD_AGR@DF_OUTLOOK_2026_2035(1.1),I,VNM,A,CPC_04,FO_PC,KG_PS,AO_2026_2035,2034,46.827311825950304,A,0,2,_Z
DATAFLOW,OECD.TAD.ATM:DSD_AGR@DF_OUTLOOK_2026_2035(1.1),I,VNM,A,CPC_04,FO_PC,KG_PS,AO_2026_2035,2035,46.78699630142209,A,0,2,_Z
DATAFLOW,OECD.TAD.ATM:DSD_AGR@DF_OUTLOOK_2026_2035(1.1),I,VNM,A,CPC_2222T2223,FO_PC,KG_PS,AO_2026_2035,2015,6.807942879583431,A,0,2,_Z
DATAFLOW,OECD.TAD.ATM:DSD_AGR@DF_OUTLOOK_2026_2035(1.1),I,VNM,A,CPC_2222T2223,FO_PC,KG_PS,AO_2026_2035,2016,7.39463588553872,A,0,2,_Z
DATAFLOW,OECD.TAD.ATM:DSD_AGR@DF_OUTLOOK_2026_2035(1.1),I,VNM,A,CPC_2222T2223,FO_PC,KG_PS,AO_2026_2035,2017,8.10990892374695,A,0,2,_Z
DATAFLOW,OECD.TAD.ATM:DSD_AGR@DF_OUTLOOK_2026_2035(1.1),I,VNM,A,CPC_2222T2223,FO_PC,KG_PS,AO_2026_2035,2018,8.54263462080772,A,0,2,_Z
DATAFLOW,OECD.TAD.ATM:DSD_AGR@DF_OUTLOOK_2026_2035(1.1),I,VNM,A,CPC_2222T2223,FO_PC,KG_PS,AO_2026_2035,2019,8.98895933514408,A,0,2,_Z
DATAFLOW,OECD.TAD.ATM:DSD_AGR@DF_OUTLOOK_2026_2035(1.1),I,VNM,A,CPC_2222T2223,FO_PC,KG_PS,AO_2026_2035,2020,9.38080015938562,A,0,2,_Z
DATAFLOW,OECD.TAD.ATM:DSD_AGR@DF_OUTLOOK_2026_2035(1.1),I,VNM,A,CPC_2222T2223,FO_PC,KG_PS,AO_2026_2035,2021,9.5499601088306,A,0,2,_Z
DATAFLOW,OECD.TAD.ATM:DSD_AGR@DF_OUTLOOK_2026_2035(1.1),I,VNM,A,CPC_2222T2223,FO_PC,KG_PS,AO_2026_2035,2022,9.99855786049773,A,0,2,_Z
DATAFLOW,OECD.TAD.ATM:DSD_AGR@DF_OUTLOOK_2026_2035(1.1),I,VNM,A,CPC_2222T2223,FO_PC,KG_PS,AO_2026_2035,2023,10.4979857294152,A,0,2,_Z
DATAFLOW,OECD.TAD.ATM:DSD_AGR@DF_OUTLOOK_2026_2035(1.1),I,VNM,A,CPC_2222T2223,FO_PC,KG_PS,AO_2026_2035,2024,10.9509872436825,A,0,2,_Z
DATAFLOW,OECD.TAD.ATM:DSD_AGR@DF_OUTLOOK_2026_2035(1.1),I,VNM,A,CPC_2222T2223,FO_PC,KG_PS,AO_2026_2035,2025,11.2578055799709,A,0,2,_Z
DATAFLOW,OECD.TAD.ATM:DSD_AGR@DF_OUTLOOK_2026_2035(1.1),I,VNM,A,CPC_2222T2223,FO_PC,KG_PS,AO_2026_2035,2026,11.6437938920749,A,0,2,_Z
DATAFLOW,OECD.TAD.ATM:DSD_AGR@DF_OUTLOOK_2026_2035(1.1),I,VNM,A,CPC_2222T2223,FO_PC,KG_PS,AO_2026_2035,2027,12.0570770031035,A,0,2,_Z
DATAFLOW,OECD.TAD.ATM:DSD_AGR@DF_OUTLOOK_2026_2035(1.1),I,VNM,A,CPC_2222T2223,FO_PC,KG_PS,AO_2026_2035,2028,12.5056589033364,A,0,2,_Z
DATAFLOW,OECD.TAD.ATM:DSD_AGR@DF_OUTLOOK_2026_2035(1.1),I,VNM,A,CPC_2222T2223,FO_PC,KG_PS,AO_2026_2035,2029,12.9830004264369,A,0,2,_Z
DATAFLOW,OECD.TAD.ATM:DSD_AGR@DF_OUTLOOK_2026_2035(1.1),I,VNM,A,CPC_2222T2223,FO_PC,KG_PS,AO_2026_2035,2030,13.487871275124,A,0,2,_Z
DATAFLOW,OECD.TAD.ATM:DSD_AGR@DF_OUTLOOK_2026_2035(1.1),I,VNM,A,CPC_2222T2223,FO_PC,KG_PS,AO_2026_2035,2031,14.0186360408928,A,0,2,_Z
DATAFLOW,OECD.TAD.ATM:DSD_AGR@DF_OUTLOOK_2026_2035(1.1),I,VNM,A,CPC_2222T2223,FO_PC,KG_PS,AO_2026_2035,2032,14.5362845527036,A,0,2,_Z
DATAFLOW,OECD.TAD.ATM:DSD_AGR@DF_OUTLOOK_2026_2035(1.1),I,VNM,A,CPC_2222T2223,FO_PC,KG_PS,AO_2026_2035,2033,15.0566002164328,A,0,2,_Z
DATAFLOW,OECD.TAD.ATM:DSD_AGR@DF_OUTLOOK_2026_2035(1.1),I,VNM,A,CPC_2222T2223,FO_PC,KG_PS,AO_2026_2035,2034,15.5735538027292,A,0,2,_Z
DATAFLOW,OECD.TAD.ATM:DSD_AGR@DF_OUTLOOK_2026_2035(1.1),I,VNM,A,CPC_2222T2223,FO_PC,KG_PS,AO_2026_2035,2035,16.0865778799483,A,0,2,_Z
DATAFLOW,OECD.TAD.ATM:DSD_AGR@DF_OUTLOOK_2026_2035(1.1),I,VNM,A,CPC_2225,FO_PC,KG_PS,AO_2026_2035,2015,0.046488248407294,A,0,2,_Z
DATAFLOW,OECD.TAD.ATM:DSD_AGR@DF_OUTLOOK_2026_2035(1.1),I,VNM,A,CPC_2225,FO_PC,KG_PS,AO_2026_2035,2016,0.0579274955230676,A,0,2,_Z
DATAFLOW,OECD.TAD.ATM:DSD_AGR@DF_OUTLOOK_2026_2035(1.1),I,VNM,A,CPC_2225,FO_PC,KG_PS,AO_2026_2035,2017,0.0838783086315322,A,0,2,_Z
DATAFLOW,OECD.TAD.ATM:DSD_AGR@DF_OUTLOOK_2026_2035(1.1),I,VNM,A,CPC_2225,FO_PC,KG_PS,AO_2026_2035,2018,0.0804697509356936,A,0,2,_Z
DATAFLOW,OECD.TAD.ATM:DSD_AGR@DF_OUTLOOK_2026_2035(1.1),I,VNM,A,CPC_2225,FO_PC,KG_PS,AO_2026_2035,2019,0.0953949518518408,A,0,2,_Z
DATAFLOW,OECD.TAD.ATM:DSD_AGR@DF_OUTLOOK_2026_2035(1.1),I,VNM,A,CPC_2225,FO_PC,KG_PS,AO_2026_2035,2020,0.0864399091882572,A,0,2,_Z
DATAFLOW,OECD.TAD.ATM:DSD_AGR@DF_OUTLOOK_2026_2035(1.1),I,VNM,A,CPC_2225,FO_PC,KG_PS,AO_2026_2035,2021,0.0817349485307469,A,0,2,_Z
DATAFLOW,OECD.TAD.ATM:DSD_AGR@DF_OUTLOOK_2026_2035(1.1),I,VNM,A,CPC_2225,FO_PC,KG_PS,AO_2026_2035,2022,0.0996800099804855,A,0,2,_Z
DATAFLOW,OECD.TAD.ATM:DSD_AGR@DF_OUTLOOK_2026_2035(1.1),I,VNM,A,CPC_2225,FO_PC,KG_PS,AO_2026_2035,2023,0.123660518171778,A,0,2,_Z
DATAFLOW,OECD.TAD.ATM:DSD_AGR@DF_OUTLOOK_2026_2035(1.1),I,VNM,A,CPC_2225,FO_PC,KG_PS,AO_2026_2035,2024,0.0630393306701638,A,0,2,_Z
DATAFLOW,OECD.TAD.ATM:DSD_AGR@DF_OUTLOOK_2026_2035(1.1),I,VNM,A,CPC_2225,FO_PC,KG_PS,AO_2026_2035,2025,0.0975000016990021,A,0,2,_Z
DATAFLOW,OECD.TAD.ATM:DSD_AGR@DF_OUTLOOK_2026_2035(1.1),I,VNM,A,CPC_2225,FO_PC,KG_PS,AO_2026_2035,2026,0.102092276382352,A,0,2,_Z
DATAFLOW,OECD.TAD.ATM:DSD_AGR@DF_OUTLOOK_2026_2035(1.1),I,VNM,A,CPC_2225,FO_PC,KG_PS,AO_2026_2035,2027,0.106910779613097,A,0,2,_Z
DATAFLOW,OECD.TAD.ATM:DSD_AGR@DF_OUTLOOK_2026_2035(1.1),I,VNM,A,CPC_2225,FO_PC,KG_PS,AO_2026_2035,2028,0.111552554205932,A,0,2,_Z
DATAFLOW,OECD.TAD.ATM:DSD_AGR@DF_OUTLOOK_2026_2035(1.1),I,VNM,A,CPC_2225,FO_PC,KG_PS,AO_2026_2035,2029,0.116506140354145,A,0,2,_Z
DATAFLOW,OECD.TAD.ATM:DSD_AGR@DF_OUTLOOK_2026_2035(1.1),I,VNM,A,CPC_2225,FO_PC,KG_PS,AO_2026_2035,2030,0.12142298534808,A,0,2,_Z
DATAFLOW,OECD.TAD.ATM:DSD_AGR@DF_OUTLOOK_2026_2035(1.1),I,VNM,A,CPC_2225,FO_PC,KG_PS,AO_2026_2035,2031,0.125866737120072,A,0,2,_Z
DATAFLOW,OECD.TAD.ATM:DSD_AGR@DF_OUTLOOK_2026_2035(1.1),I,VNM,A,CPC_2225,FO_PC,KG_PS,AO_2026_2035,2032,0.130000928877232,A,0,2,_Z
DATAFLOW,OECD.TAD.ATM:DSD_AGR@DF_OUTLOOK_2026_2035(1.1),I,VNM,A,CPC_2225,FO_PC,KG_PS,AO_2026_2035,2033,0.133892340867735,A,0,2,_Z
DATAFLOW,OECD.TAD.ATM:DSD_AGR@DF_OUTLOOK_2026_2035(1.1),I,VNM,A,CPC_2225,FO_PC,KG_PS,AO_2026_2035,2034,0.137727839875383,A,0,2,_Z
DATAFLOW,OECD.TAD.ATM:DSD_AGR@DF_OUTLOOK_2026_2035(1.1),I,VNM,A,CPC_2225,FO_PC,KG_PS,AO_2026_2035,2035,0.141436831832391,A,0,2,_Z
DATAFLOW,OECD.TAD.ATM:DSD_AGR@DF_OUTLOOK_2026_2035(1.1),I,VNM,A,CPC_EX_222121,FO_PC,KG_PS,AO_2026_2035,2015,0.668292112538015,A,0,2,_Z
DATAFLOW,OECD.TAD.ATM:DSD_AGR@DF_OUTLOOK_2026_2035(1.1),I,VNM,A,CPC_EX_222121,FO_PC,KG_PS,AO_2026_2035,2016,0.680929229204154,A,0,2,_Z
DATAFLOW,OECD.TAD.ATM:DSD_AGR@DF_OUTLOOK_2026_2035(1.1),I,VNM,A,CPC_EX_222121,FO_PC,KG_PS,AO_2026_2035,2017,0.696170031107948,A,0,2,_Z
DATAFLOW,OECD.TAD.ATM:DSD_AGR@DF_OUTLOOK_2026_2035(1.1),I,VNM,A,CPC_EX_222121,FO_PC,KG_PS,AO_2026_2035,2018,0.742661056354804,A,0,2,_Z
DATAFLOW,OECD.TAD.ATM:DSD_AGR@DF_OUTLOOK_2026_2035(1.1),I,VNM,A,CPC_EX_222121,FO_PC,KG_PS,AO_2026_2035,2019,0.954263377119464,A,0,2,_Z
DATAFLOW,OECD.TAD.ATM:DSD_AGR@DF_OUTLOOK_2026_2035(1.1),I,VNM,A,CPC_EX_222121,FO_PC,KG_PS,AO_2026_2035,2020,0.844207102044878,A,0,2,_Z
DATAFLOW,OECD.TAD.ATM:DSD_AGR@DF_OUTLOOK_2026_2035(1.1),I,VNM,A,CPC_EX_222121,FO_PC,KG_PS,AO_2026_2035,2021,0.9061450208586329,A,0,2,_Z
DATAFLOW,OECD.TAD.ATM:DSD_AGR@DF_OUTLOOK_2026_2035(1.1),I,VNM,A,CPC_EX_222121,FO_PC,KG_PS,AO_2026_2035,2022,0.757054862401416,A,0,2,_Z
DATAFLOW,OECD.TAD.ATM:DSD_AGR@DF_OUTLOOK_2026_2035(1.1),I,VNM,A,CPC_EX_222121,FO_PC,KG_PS,AO_2026_2035,2023,0.889187719964065,A,0,2,_Z
DATAFLOW,OECD.TAD.ATM:DSD_AGR@DF_OUTLOOK_2026_2035(1.1),I,VNM,A,CPC_EX_222121,FO_PC,KG_PS,AO_2026_2035,2024,0.729933509590189,A,0,2,_Z
DATAFLOW,OECD.TAD.ATM:DSD_AGR@DF_OUTLOOK_2026_2035(1.1),I,VNM,A,CPC_EX_222121,FO_PC,KG_PS,AO_2026_2035,2025,0.876410334529643,A,0,2,_Z
DATAFLOW,OECD.TAD.ATM:DSD_AGR@DF_OUTLOOK_2026_2035(1.1),I,VNM,A,CPC_EX_222121,FO_PC,KG_PS,AO_2026_2035,2026,0.903769294706428,A,0,2,_Z
DATAFLOW,OECD.TAD.ATM:DSD_AGR@DF_OUTLOOK_2026_2035(1.1),I,VNM,A,CPC_EX_222121,FO_PC,KG_PS,AO_2026_2035,2027,0.931128147237809,A,0,2,_Z
DATAFLOW,OECD.TAD.ATM:DSD_AGR@DF_OUTLOOK_2026_2035(1.1),I,VNM,A,CPC_EX_222121,FO_PC,KG_PS,AO_2026_2035,2028,0.958486706329871,A,0,2,_Z
DATAFLOW,OECD.TAD.ATM:DSD_AGR@DF_OUTLOOK_2026_2035(1.1),I,VNM,A,CPC_EX_222121,FO_PC,KG_PS,AO_2026_2035,2029,0.9858462009983889,A,0,2,_Z
DATAFLOW,OECD.TAD.ATM:DSD_AGR@DF_OUTLOOK_2026_2035(1.1),I,VNM,A,CPC_EX_222121,FO_PC,KG_PS,AO_2026_2035,2030,1.01320516699093,A,0,2,_Z
DATAFLOW,OECD.TAD.ATM:DSD_AGR@DF_OUTLOOK_2026_2035(1.1),I,VNM,A,CPC_EX_222121,FO_PC,KG_PS,AO_2026_2035,2031,1.04056413397547,A,0,2,_Z
DATAFLOW,OECD.TAD.ATM:DSD_AGR@DF_OUTLOOK_2026_2035(1.1),I,VNM,A,CPC_EX_222121,FO_PC,KG_PS,AO_2026_2035,2032,1.06792309995395,A,0,2,_Z
DATAFLOW,OECD.TAD.ATM:DSD_AGR@DF_OUTLOOK_2026_2035(1.1),I,VNM,A,CPC_EX_222121,FO_PC,KG_PS,AO_2026_2035,2033,1.09528206693121,A,0,2,_Z
DATAFLOW,OECD.TAD.ATM:DSD_AGR@DF_OUTLOOK_2026_2035(1.1),I,VNM,A,CPC_EX_222121,FO_PC,KG_PS,AO_2026_2035,2034,1.12264103290411,A,0,2,_Z
DATAFLOW,OECD.TAD.ATM:DSD_AGR@DF_OUTLOOK_2026_2035(1.1),I,VNM,A,CPC_EX_222121,FO_PC,KG_PS,AO_2026_2035,2035,1.14999999987901,A,0,2,_Z
DATAFLOW,OECD.TAD.ATM:DSD_AGR@DF_OUTLOOK_2026_2035(1.1),I,VNM,A,CPC_0113,FO_PC,KG_PS,AO_2026_2035,2015,150.768306285348,A,0,2,_Z
DATAFLOW,OECD.TAD.ATM:DSD_AGR@DF_OUTLOOK_2026_2035(1.1),I,VNM,A,CPC_0113,FO_PC,KG_PS,AO_2026_2035,2016,150.454296503703,A,0,2,_Z
DATAFLOW,OECD.TAD.ATM:DSD_AGR@DF_OUTLOOK_2026_2035(1.1),I,VNM,A,CPC_0113,FO_PC,KG_PS,AO_2026_2035,2017,149.095940978991,A,0,2,_Z
DATAFLOW,OECD.TAD.ATM:DSD_AGR@DF_OUTLOOK_2026_2035(1.1),I,VNM,A,CPC_0113,FO_PC,KG_PS,AO_2026_2035,2018,147.450337312092,A,0,2,_Z
DATAFLOW,OECD.TAD.ATM:DSD_AGR@DF_OUTLOOK_2026_2035(1.1),I,VNM,A,CPC_0113,FO_PC,KG_PS,AO_2026_2035,2019,144.917965503693,A,0,2,_Z
DATAFLOW,OECD.TAD.ATM:DSD_AGR@DF_OUTLOOK_2026_2035(1.1),I,VNM,A,CPC_0113,FO_PC,KG_PS,AO_2026_2035,2020,140.67112794611,A,0,2,_Z
DATAFLOW,OECD.TAD.ATM:DSD_AGR@DF_OUTLOOK_2026_2035(1.1),I,VNM,A,CPC_0113,FO_PC,KG_PS,AO_2026_2035,2021,140.8128093217,A,0,2,_Z
DATAFLOW,OECD.TAD.ATM:DSD_AGR@DF_OUTLOOK_2026_2035(1.1),I,VNM,A,CPC_0113,FO_PC,KG_PS,AO_2026_2035,2022,134.672088354746,A,0,2,_Z
DATAFLOW,OECD.TAD.ATM:DSD_AGR@DF_OUTLOOK_2026_2035(1.1),I,VNM,A,CPC_0113,FO_PC,KG_PS,AO_2026_2035,2023,133.670038074125,A,0,2,_Z
DATAFLOW,OECD.TAD.ATM:DSD_AGR@DF_OUTLOOK_2026_2035(1.1),I,VNM,A,CPC_0113,FO_PC,KG_PS,AO_2026_2035,2024,133.190993300235,A,0,2,_Z
DATAFLOW,OECD.TAD.ATM:DSD_AGR@DF_OUTLOOK_2026_2035(1.1),I,VNM,A,CPC_0113,FO_PC,KG_PS,AO_2026_2035,2025,132.8357853176,A,0,2,_Z
DATAFLOW,OECD.TAD.ATM:DSD_AGR@DF_OUTLOOK_2026_2035(1.1),I,VNM,A,CPC_0113,FO_PC,KG_PS,AO_2026_2035,2026,132.013825810359,A,0,2,_Z
DATAFLOW,OECD.TAD.ATM:DSD_AGR@DF_OUTLOOK_2026_2035(1.1),I,VNM,A,CPC_0113,FO_PC,KG_PS,AO_2026_2035,2027,130.94970068681,A,0,2,_Z
DATAFLOW,OECD.TAD.ATM:DSD_AGR@DF_OUTLOOK_2026_2035(1.1),I,VNM,A,CPC_0113,FO_PC,KG_PS,AO_2026_2035,2028,130.020238301212,A,0,2,_Z
DATAFLOW,OECD.TAD.ATM:DSD_AGR@DF_OUTLOOK_2026_2035(1.1),I,VNM,A,CPC_0113,FO_PC,KG_PS,AO_2026_2035,2029,129.035139425966,A,0,2,_Z
DATAFLOW,OECD.TAD.ATM:DSD_AGR@DF_OUTLOOK_2026_2035(1.1),I,VNM,A,CPC_0113,FO_PC,KG_PS,AO_2026_2035,2030,128.044551646768,A,0,2,_Z
DATAFLOW,OECD.TAD.ATM:DSD_AGR@DF_OUTLOOK_2026_2035(1.1),I,VNM,A,CPC_0113,FO_PC,KG_PS,AO_2026_2035,2031,127.045754370116,A,0,2,_Z
DATAFLOW,OECD.TAD.ATM:DSD_AGR@DF_OUTLOOK_2026_2035(1.1),I,VNM,A,CPC_0113,FO_PC,KG_PS,AO_2026_2035,2032,126.069175187397,A,0,2,_Z
DATAFLOW,OECD.TAD.ATM:DSD_AGR@DF_OUTLOOK_2026_2035(1.1),I,VNM,A,CPC_0113,FO_PC,KG_PS,AO_2026_2035,2033,125.097826620313,A,0,2,_Z
DATAFLOW,OECD.TAD.ATM:DSD_AGR@DF_OUTLOOK_2026_2035(1.1),I,VNM,A,CPC_0113,FO_PC,KG_PS,AO_2026_2035,2034,124.144101593977,A,0,2,_Z
DATAFLOW,OECD.TAD.ATM:DSD_AGR@DF_OUTLOOK_2026_2035(1.1),I,VNM,A,CPC_0113,FO_PC,KG_PS,AO_2026_2035,2035,123.214597260299,A,0,2,_Z
DATAFLOW,OECD.TAD.ATM:DSD_AGR@DF_OUTLOOK_2026_2035(1.1),I,VNM,A,CPC_22211,FO_PC,KG_PS,AO_2026_2035,2015,0.326790172774142,A,0,2,_Z
DATAFLOW,OECD.TAD.ATM:DSD_AGR@DF_OUTLOOK_2026_2035(1.1),I,VNM,A,CPC_22211,FO_PC,KG_PS,AO_2026_2035,2016,0.208128695838709,A,0,2,_Z
DATAFLOW,OECD.TAD.ATM:DSD_AGR@DF_OUTLOOK_2026_2035(1.1),I,VNM,A,CPC_22211,FO_PC,KG_PS,AO_2026_2035,2017,0.28944937725234,A,0,2,_Z
DATAFLOW,OECD.TAD.ATM:DSD_AGR@DF_OUTLOOK_2026_2035(1.1),I,VNM,A,CPC_22211,FO_PC,KG_PS,AO_2026_2035,2018,0.251061215844773,A,0,2,_Z
DATAFLOW,OECD.TAD.ATM:DSD_AGR@DF_OUTLOOK_2026_2035(1.1),I,VNM,A,CPC_22211,FO_PC,KG_PS,AO_2026_2035,2019,0.181733588292467,A,0,2,_Z
DATAFLOW,OECD.TAD.ATM:DSD_AGR@DF_OUTLOOK_2026_2035(1.1),I,VNM,A,CPC_22211,FO_PC,KG_PS,AO_2026_2035,2020,0.313467663248266,A,0,2,_Z
DATAFLOW,OECD.TAD.ATM:DSD_AGR@DF_OUTLOOK_2026_2035(1.1),I,VNM,A,CPC_22211,FO_PC,KG_PS,AO_2026_2035,2021,0.2983823095856,A,0,2,_Z
DATAFLOW,OECD.TAD.ATM:DSD_AGR@DF_OUTLOOK_2026_2035(1.1),I,VNM,A,CPC_22211,FO_PC,KG_PS,AO_2026_2035,2022,0.274566070209622,A,0,2,_Z
DATAFLOW,OECD.TAD.ATM:DSD_AGR@DF_OUTLOOK_2026_2035(1.1),I,VNM,A,CPC_22211,FO_PC,KG_PS,AO_2026_2035,2023,0.0050576782881932,A,0,2,_Z
DATAFLOW,OECD.TAD.ATM:DSD_AGR@DF_OUTLOOK_2026_2035(1.1),I,VNM,A,CPC_22211,FO_PC,KG_PS,AO_2026_2035,2024,0.0050352585688512,A,0,2,_Z
DATAFLOW,OECD.TAD.ATM:DSD_AGR@DF_OUTLOOK_2026_2035(1.1),I,VNM,A,CPC_22211,FO_PC,KG_PS,AO_2026_2035,2025,0.0050243130186443,A,0,2,_Z
DATAFLOW,OECD.TAD.ATM:DSD_AGR@DF_OUTLOOK_2026_2035(1.1),I,VNM,A,CPC_22211,FO_PC,KG_PS,AO_2026_2035,2026,0.00526095942966575,A,0,2,_Z
DATAFLOW,OECD.TAD.ATM:DSD_AGR@DF_OUTLOOK_2026_2035(1.1),I,VNM,A,CPC_22211,FO_PC,KG_PS,AO_2026_2035,2027,0.00550926371777584,A,0,2,_Z
DATAFLOW,OECD.TAD.ATM:DSD_AGR@DF_OUTLOOK_2026_2035(1.1),I,VNM,A,CPC_22211,FO_PC,KG_PS,AO_2026_2035,2028,0.0057484609291604,A,0,2,_Z
DATAFLOW,OECD.TAD.ATM:DSD_AGR@DF_OUTLOOK_2026_2035(1.1),I,VNM,A,CPC_22211,FO_PC,KG_PS,AO_2026_2035,2029,0.00600372623110645,A,0,2,_Z
DATAFLOW,OECD.TAD.ATM:DSD_AGR@DF_OUTLOOK_2026_2035(1.1),I,VNM,A,CPC_22211,FO_PC,KG_PS,AO_2026_2035,2030,0.0062570982093957,A,0,2,_Z
DATAFLOW,OECD.TAD.ATM:DSD_AGR@DF_OUTLOOK_2026_2035(1.1),I,VNM,A,CPC_22211,FO_PC,KG_PS,AO_2026_2035,2031,0.00648609102468369,A,0,2,_Z
DATAFLOW,OECD.TAD.ATM:DSD_AGR@DF_OUTLOOK_2026_2035(1.1),I,VNM,A,CPC_22211,FO_PC,KG_PS,AO_2026_2035,2032,0.00669913177447971,A,0,2,_Z
DATAFLOW,OECD.TAD.ATM:DSD_AGR@DF_OUTLOOK_2026_2035(1.1),I,VNM,A,CPC_22211,FO_PC,KG_PS,AO_2026_2035,2033,0.00689966173944474,A,0,2,_Z
DATAFLOW,OECD.TAD.ATM:DSD_AGR@DF_OUTLOOK_2026_2035(1.1),I,VNM,A,CPC_22211,FO_PC,KG_PS,AO_2026_2035,2034,0.00709731042930435,A,0,2,_Z
DATAFLOW,OECD.TAD.ATM:DSD_AGR@DF_OUTLOOK_2026_2035(1.1),I,VNM,A,CPC_22211,FO_PC,KG_PS,AO_2026_2035,2035,0.00728844003187776,A,0,2,_Z
DATAFLOW,OECD.TAD.ATM:DSD_AGR@DF_OUTLOOK_2026_2035(1.1),I,VNM,A,CPC_017,FO_PC,KG_PS,AO_2026_2035,2015,2.26853569035311,A,0,2,_Z
DATAFLOW,OECD.TAD.ATM:DSD_AGR@DF_OUTLOOK_2026_2035(1.1),I,VNM,A,CPC_017,FO_PC,KG_PS,AO_2026_2035,2016,2.18311247464104,A,0,2,_Z
DATAFLOW,OECD.TAD.ATM:DSD_AGR@DF_OUTLOOK_2026_2035(1.1),I,VNM,A,CPC_017,FO_PC,KG_PS,AO_2026_2035,2017,2.29288706731931,A,0,2,_Z
DATAFLOW,OECD.TAD.ATM:DSD_AGR@DF_OUTLOOK_2026_2035(1.1),I,VNM,A,CPC_017,FO_PC,KG_PS,AO_2026_2035,2018,2.47797996088603,A,0,2,_Z
DATAFLOW,OECD.TAD.ATM:DSD_AGR@DF_OUTLOOK_2026_2035(1.1),I,VNM,A,CPC_017,FO_PC,KG_PS,AO_2026_2035,2019,2.5530008118663,A,0,2,_Z
DATAFLOW,OECD.TAD.ATM:DSD_AGR@DF_OUTLOOK_2026_2035(1.1),I,VNM,A,CPC_017,FO_PC,KG_PS,AO_2026_2035,2020,2.50152389844928,A,0,2,_Z
DATAFLOW,OECD.TAD.ATM:DSD_AGR@DF_OUTLOOK_2026_2035(1.1),I,VNM,A,CPC_017,FO_PC,KG_PS,AO_2026_2035,2021,2.8573901223273,A,0,2,_Z
DATAFLOW,OECD.TAD.ATM:DSD_AGR@DF_OUTLOOK_2026_2035(1.1),I,VNM,A,CPC_017,FO_PC,KG_PS,AO_2026_2035,2022,3.1034174191156,A,0,2,_Z
DATAFLOW,OECD.TAD.ATM:DSD_AGR@DF_OUTLOOK_2026_2035(1.1),I,VNM,A,CPC_017,FO_PC,KG_PS,AO_2026_2035,2023,3.21750298026282,A,0,2,_Z
DATAFLOW,OECD.TAD.ATM:DSD_AGR@DF_OUTLOOK_2026_2035(1.1),I,VNM,A,CPC_017,FO_PC,KG_PS,AO_2026_2035,2024,3.28010544764437,A,0,2,_Z
DATAFLOW,OECD.TAD.ATM:DSD_AGR@DF_OUTLOOK_2026_2035(1.1),I,VNM,A,CPC_017,FO_PC,KG_PS,AO_2026_2035,2025,3.3581959978948,A,0,2,_Z
DATAFLOW,OECD.TAD.ATM:DSD_AGR@DF_OUTLOOK_2026_2035(1.1),I,VNM,A,CPC_017,FO_PC,KG_PS,AO_2026_2035,2026,3.36980062544047,A,0,2,_Z
DATAFLOW,OECD.TAD.ATM:DSD_AGR@DF_OUTLOOK_2026_2035(1.1),I,VNM,A,CPC_017,FO_PC,KG_PS,AO_2026_2035,2027,3.37496273155417,A,0,2,_Z
DATAFLOW,OECD.TAD.ATM:DSD_AGR@DF_OUTLOOK_2026_2035(1.1),I,VNM,A,CPC_017,FO_PC,KG_PS,AO_2026_2035,2028,3.38698170853128,A,0,2,_Z
DATAFLOW,OECD.TAD.ATM:DSD_AGR@DF_OUTLOOK_2026_2035(1.1),I,VNM,A,CPC_017,FO_PC,KG_PS,AO_2026_2035,2029,3.3911455381629,A,0,2,_Z
DATAFLOW,OECD.TAD.ATM:DSD_AGR@DF_OUTLOOK_2026_2035(1.1),I,VNM,A,CPC_017,FO_PC,KG_PS,AO_2026_2035,2030,3.39434992550331,A,0,2,_Z
DATAFLOW,OECD.TAD.ATM:DSD_AGR@DF_OUTLOOK_2026_2035(1.1),I,VNM,A,CPC_017,FO_PC,KG_PS,AO_2026_2035,2031,3.37910739420077,A,0,2,_Z
DATAFLOW,OECD.TAD.ATM:DSD_AGR@DF_OUTLOOK_2026_2035(1.1),I,VNM,A,CPC_017,FO_PC,KG_PS,AO_2026_2035,2032,3.34232725056284,A,0,2,_Z
DATAFLOW,OECD.TAD.ATM:DSD_AGR@DF_OUTLOOK_2026_2035(1.1),I,VNM,A,CPC_017,FO_PC,KG_PS,AO_2026_2035,2033,3.34040624638801,A,0,2,_Z
DATAFLOW,OECD.TAD.ATM:DSD_AGR@DF_OUTLOOK_2026_2035(1.1),I,VNM,A,CPC_017,FO_PC,KG_PS,AO_2026_2035,2034,3.33356253165508,A,0,2,_Z
DATAFLOW,OECD.TAD.ATM:DSD_AGR@DF_OUTLOOK_2026_2035(1.1),I,VNM,A,CPC_017,FO_PC,KG_PS,AO_2026_2035,2035,3.3229860481807,A,0,2,_Z
DATAFLOW,OECD.TAD.ATM:DSD_AGR@DF_OUTLOOK_2026_2035(1.1),I,VNM,A,CPC_223,FO_PC,KG_PS,AO_2026_2035,2015,4.0054471090288,A,0,2,_Z
DATAFLOW,OECD.TAD.ATM:DSD_AGR@DF_OUTLOOK_2026_2035(1.1),I,VNM,A,CPC_223,FO_PC,KG_PS,AO_2026_2035,2016,4.2132831481809,A,0,2,_Z
DATAFLOW,OECD.TAD.ATM:DSD_AGR@DF_OUTLOOK_2026_2035(1.1),I,VNM,A,CPC_223,FO_PC,KG_PS,AO_2026_2035,2017,2.74733854183353,A,0,2,_Z
DATAFLOW,OECD.TAD.ATM:DSD_AGR@DF_OUTLOOK_2026_2035(1.1),I,VNM,A,CPC_223,FO_PC,KG_PS,AO_2026_2035,2018,3.06135138829262,A,0,2,_Z
DATAFLOW,OECD.TAD.ATM:DSD_AGR@DF_OUTLOOK_2026_2035(1.1),I,VNM,A,CPC_223,FO_PC,KG_PS,AO_2026_2035,2019,3.54849913831103,A,0,2,_Z
DATAFLOW,OECD.TAD.ATM:DSD_AGR@DF_OUTLOOK_2026_2035(1.1),I,VNM,A,CPC_223,FO_PC,KG_PS,AO_2026_2035,2020,4.06980657812884,A,0,2,_Z
DATAFLOW,OECD.TAD.ATM:DSD_AGR@DF_OUTLOOK_2026_2035(1.1),I,VNM,A,CPC_223,FO_PC,KG_PS,AO_2026_2035,2021,3.80900105048058,A,0,2,_Z
DATAFLOW,OECD.TAD.ATM:DSD_AGR@DF_OUTLOOK_2026_2035(1.1),I,VNM,A,CPC_223,FO_PC,KG_PS,AO_2026_2035,2022,3.9195323283914703,A,0,2,_Z
DATAFLOW,OECD.TAD.ATM:DSD_AGR@DF_OUTLOOK_2026_2035(1.1),I,VNM,A,CPC_223,FO_PC,KG_PS,AO_2026_2035,2023,3.94035139879766,A,0,2,_Z
DATAFLOW,OECD.TAD.ATM:DSD_AGR@DF_OUTLOOK_2026_2035(1.1),I,VNM,A,CPC_223,FO_PC,KG_PS,AO_2026_2035,2024,3.9006735029398305,A,0,2,_Z
DATAFLOW,OECD.TAD.ATM:DSD_AGR@DF_OUTLOOK_2026_2035(1.1),I,VNM,A,CPC_223,FO_PC,KG_PS,AO_2026_2035,2025,3.8593170393616494,A,0,2,_Z
DATAFLOW,OECD.TAD.ATM:DSD_AGR@DF_OUTLOOK_2026_2035(1.1),I,VNM,A,CPC_223,FO_PC,KG_PS,AO_2026_2035,2026,3.9665290405061695,A,0,2,_Z
DATAFLOW,OECD.TAD.ATM:DSD_AGR@DF_OUTLOOK_2026_2035(1.1),I,VNM,A,CPC_223,FO_PC,KG_PS,AO_2026_2035,2027,4.07537963010257,A,0,2,_Z
DATAFLOW,OECD.TAD.ATM:DSD_AGR@DF_OUTLOOK_2026_2035(1.1),I,VNM,A,CPC_223,FO_PC,KG_PS,AO_2026_2035,2028,4.18697917159616,A,0,2,_Z
DATAFLOW,OECD.TAD.ATM:DSD_AGR@DF_OUTLOOK_2026_2035(1.1),I,VNM,A,CPC_223,FO_PC,KG_PS,AO_2026_2035,2029,4.30477044104886,A,0,2,_Z
DATAFLOW,OECD.TAD.ATM:DSD_AGR@DF_OUTLOOK_2026_2035(1.1),I,VNM,A,CPC_223,FO_PC,KG_PS,AO_2026_2035,2030,4.42346067208936,A,0,2,_Z
DATAFLOW,OECD.TAD.ATM:DSD_AGR@DF_OUTLOOK_2026_2035(1.1),I,VNM,A,CPC_223,FO_PC,KG_PS,AO_2026_2035,2031,4.53553953764667,A,0,2,_Z
DATAFLOW,OECD.TAD.ATM:DSD_AGR@DF_OUTLOOK_2026_2035(1.1),I,VNM,A,CPC_223,FO_PC,KG_PS,AO_2026_2035,2032,4.638601748355329,A,0,2,_Z
DATAFLOW,OECD.TAD.ATM:DSD_AGR@DF_OUTLOOK_2026_2035(1.1),I,VNM,A,CPC_223,FO_PC,KG_PS,AO_2026_2035,2033,4.75702345825641,A,0,2,_Z
DATAFLOW,OECD.TAD.ATM:DSD_AGR@DF_OUTLOOK_2026_2035(1.1),I,VNM,A,CPC_223,FO_PC,KG_PS,AO_2026_2035,2034,4.87574708747712,A,0,2,_Z
DATAFLOW,OECD.TAD.ATM:DSD_AGR@DF_OUTLOOK_2026_2035(1.1),I,VNM,A,CPC_223,FO_PC,KG_PS,AO_2026_2035,2035,4.99442598153807,A,0,2,_Z
DATAFLOW,OECD.TAD.ATM:DSD_AGR@DF_OUTLOOK_2026_2035(1.1),I,VNM,A,CPC_2224,FO_PC,KG_PS,AO_2026_2035,2015,0.0795491165665587,A,0,2,_Z
DATAFLOW,OECD.TAD.ATM:DSD_AGR@DF_OUTLOOK_2026_2035(1.1),I,VNM,A,CPC_2224,FO_PC,KG_PS,AO_2026_2035,2016,0.118430286536014,A,0,2,_Z
DATAFLOW,OECD.TAD.ATM:DSD_AGR@DF_OUTLOOK_2026_2035(1.1),I,VNM,A,CPC_2224,FO_PC,KG_PS,AO_2026_2035,2017,0.130988063882094,A,0,2,_Z
DATAFLOW,OECD.TAD.ATM:DSD_AGR@DF_OUTLOOK_2026_2035(1.1),I,VNM,A,CPC_2224,FO_PC,KG_PS,AO_2026_2035,2018,0.12844858354179,A,0,2,_Z
DATAFLOW,OECD.TAD.ATM:DSD_AGR@DF_OUTLOOK_2026_2035(1.1),I,VNM,A,CPC_2224,FO_PC,KG_PS,AO_2026_2035,2019,0.149648894919752,A,0,2,_Z
DATAFLOW,OECD.TAD.ATM:DSD_AGR@DF_OUTLOOK_2026_2035(1.1),I,VNM,A,CPC_2224,FO_PC,KG_PS,AO_2026_2035,2020,0.109395034426318,A,0,2,_Z
DATAFLOW,OECD.TAD.ATM:DSD_AGR@DF_OUTLOOK_2026_2035(1.1),I,VNM,A,CPC_2224,FO_PC,KG_PS,AO_2026_2035,2021,0.113235355341234,A,0,2,_Z
DATAFLOW,OECD.TAD.ATM:DSD_AGR@DF_OUTLOOK_2026_2035(1.1),I,VNM,A,CPC_2224,FO_PC,KG_PS,AO_2026_2035,2022,0.0574531514430575,A,0,2,_Z
DATAFLOW,OECD.TAD.ATM:DSD_AGR@DF_OUTLOOK_2026_2035(1.1),I,VNM,A,CPC_2224,FO_PC,KG_PS,AO_2026_2035,2023,0.0771398742017308,A,0,2,_Z
DATAFLOW,OECD.TAD.ATM:DSD_AGR@DF_OUTLOOK_2026_2035(1.1),I,VNM,A,CPC_2224,FO_PC,KG_PS,AO_2026_2035,2024,0.0426845888108595,A,0,2,_Z
DATAFLOW,OECD.TAD.ATM:DSD_AGR@DF_OUTLOOK_2026_2035(1.1),I,VNM,A,CPC_2224,FO_PC,KG_PS,AO_2026_2035,2025,0.0762288387429229,A,0,2,_Z
DATAFLOW,OECD.TAD.ATM:DSD_AGR@DF_OUTLOOK_2026_2035(1.1),I,VNM,A,CPC_2224,FO_PC,KG_PS,AO_2026_2035,2026,0.0783382539461444,A,0,2,_Z
DATAFLOW,OECD.TAD.ATM:DSD_AGR@DF_OUTLOOK_2026_2035(1.1),I,VNM,A,CPC_2224,FO_PC,KG_PS,AO_2026_2035,2027,0.0804976572245637,A,0,2,_Z
DATAFLOW,OECD.TAD.ATM:DSD_AGR@DF_OUTLOOK_2026_2035(1.1),I,VNM,A,CPC_2224,FO_PC,KG_PS,AO_2026_2035,2028,0.0825280902825197,A,0,2,_Z
DATAFLOW,OECD.TAD.ATM:DSD_AGR@DF_OUTLOOK_2026_2035(1.1),I,VNM,A,CPC_2224,FO_PC,KG_PS,AO_2026_2035,2029,0.0846434373979873,A,0,2,_Z
DATAFLOW,OECD.TAD.ATM:DSD_AGR@DF_OUTLOOK_2026_2035(1.1),I,VNM,A,CPC_2224,FO_PC,KG_PS,AO_2026_2035,2030,0.0866926792467479,A,0,2,_Z
DATAFLOW,OECD.TAD.ATM:DSD_AGR@DF_OUTLOOK_2026_2035(1.1),I,VNM,A,CPC_2224,FO_PC,KG_PS,AO_2026_2035,2031,0.088503118024747,A,0,2,_Z
DATAFLOW,OECD.TAD.ATM:DSD_AGR@DF_OUTLOOK_2026_2035(1.1),I,VNM,A,CPC_2224,FO_PC,KG_PS,AO_2026_2035,2032,0.0901530547801714,A,0,2,_Z
DATAFLOW,OECD.TAD.ATM:DSD_AGR@DF_OUTLOOK_2026_2035(1.1),I,VNM,A,CPC_2224,FO_PC,KG_PS,AO_2026_2035,2033,0.09167659889547,A,0,2,_Z
DATAFLOW,OECD.TAD.ATM:DSD_AGR@DF_OUTLOOK_2026_2035(1.1),I,VNM,A,CPC_2224,FO_PC,KG_PS,AO_2026_2035,2034,0.0931508649707087,A,0,2,_Z
DATAFLOW,OECD.TAD.ATM:DSD_AGR@DF_OUTLOOK_2026_2035(1.1),I,VNM,A,CPC_2224,FO_PC,KG_PS,AO_2026_2035,2035,0.0945511167647989,A,0,2,_Z
DATAFLOW,OECD.TAD.ATM:DSD_AGR@DF_OUTLOOK_2026_2035(1.1),I,VNM,A,CPC_0111,FO_PC,KG_PS,AO_2026_2035,2015,15.4414673145629,A,0,2,_Z
DATAFLOW,OECD.TAD.ATM:DSD_AGR@DF_OUTLOOK_2026_2035(1.1),I,VNM,A,CPC_0111,FO_PC,KG_PS,AO_2026_2035,2016,16.1676103395861,A,0,2,_Z
DATAFLOW,OECD.TAD.ATM:DSD_AGR@DF_OUTLOOK_2026_2035(1.1),I,VNM,A,CPC_0111,FO_PC,KG_PS,AO_2026_2035,2017,16.4016792290367,A,0,2,_Z
DATAFLOW,OECD.TAD.ATM:DSD_AGR@DF_OUTLOOK_2026_2035(1.1),I,VNM,A,CPC_0111,FO_PC,KG_PS,AO_2026_2035,2018,16.1790978864514,A,0,2,_Z
DATAFLOW,OECD.TAD.ATM:DSD_AGR@DF_OUTLOOK_2026_2035(1.1),I,VNM,A,CPC_0111,FO_PC,KG_PS,AO_2026_2035,2019,16.4967917576141,A,0,2,_Z
DATAFLOW,OECD.TAD.ATM:DSD_AGR@DF_OUTLOOK_2026_2035(1.1),I,VNM,A,CPC_0111,FO_PC,KG_PS,AO_2026_2035,2020,16.8474246708264,A,0,2,_Z
DATAFLOW,OECD.TAD.ATM:DSD_AGR@DF_OUTLOOK_2026_2035(1.1),I,VNM,A,CPC_0111,FO_PC,KG_PS,AO_2026_2035,2021,17.3541505730705,A,0,2,_Z
DATAFLOW,OECD.TAD.ATM:DSD_AGR@DF_OUTLOOK_2026_2035(1.1),I,VNM,A,CPC_0111,FO_PC,KG_PS,AO_2026_2035,2022,17.9530396705829,A,0,2,_Z
DATAFLOW,OECD.TAD.ATM:DSD_AGR@DF_OUTLOOK_2026_2035(1.1),I,VNM,A,CPC_0111,FO_PC,KG_PS,AO_2026_2035,2023,18.3318034570594,A,0,2,_Z
DATAFLOW,OECD.TAD.ATM:DSD_AGR@DF_OUTLOOK_2026_2035(1.1),I,VNM,A,CPC_0111,FO_PC,KG_PS,AO_2026_2035,2024,16.0583312413993,A,0,2,_Z
DATAFLOW,OECD.TAD.ATM:DSD_AGR@DF_OUTLOOK_2026_2035(1.1),I,VNM,A,CPC_0111,FO_PC,KG_PS,AO_2026_2035,2025,18.0538194255997,A,0,2,_Z
DATAFLOW,OECD.TAD.ATM:DSD_AGR@DF_OUTLOOK_2026_2035(1.1),I,VNM,A,CPC_0111,FO_PC,KG_PS,AO_2026_2035,2026,18.4473439506306,A,0,2,_Z
DATAFLOW,OECD.TAD.ATM:DSD_AGR@DF_OUTLOOK_2026_2035(1.1),I,VNM,A,CPC_0111,FO_PC,KG_PS,AO_2026_2035,2027,18.334019789265,A,0,2,_Z
DATAFLOW,OECD.TAD.ATM:DSD_AGR@DF_OUTLOOK_2026_2035(1.1),I,VNM,A,CPC_0111,FO_PC,KG_PS,AO_2026_2035,2028,18.3676302802408,A,0,2,_Z
DATAFLOW,OECD.TAD.ATM:DSD_AGR@DF_OUTLOOK_2026_2035(1.1),I,VNM,A,CPC_0111,FO_PC,KG_PS,AO_2026_2035,2029,18.3368004546625,A,0,2,_Z
DATAFLOW,OECD.TAD.ATM:DSD_AGR@DF_OUTLOOK_2026_2035(1.1),I,VNM,A,CPC_0111,FO_PC,KG_PS,AO_2026_2035,2030,18.2904963888173,A,0,2,_Z
DATAFLOW,OECD.TAD.ATM:DSD_AGR@DF_OUTLOOK_2026_2035(1.1),I,VNM,A,CPC_0111,FO_PC,KG_PS,AO_2026_2035,2031,18.1403431232577,A,0,2,_Z
DATAFLOW,OECD.TAD.ATM:DSD_AGR@DF_OUTLOOK_2026_2035(1.1),I,VNM,A,CPC_0111,FO_PC,KG_PS,AO_2026_2035,2032,17.8593385627093,A,0,2,_Z
DATAFLOW,OECD.TAD.ATM:DSD_AGR@DF_OUTLOOK_2026_2035(1.1),I,VNM,A,CPC_0111,FO_PC,KG_PS,AO_2026_2035,2033,17.7697387480254,A,0,2,_Z
DATAFLOW,OECD.TAD.ATM:DSD_AGR@DF_OUTLOOK_2026_2035(1.1),I,VNM,A,CPC_0111,FO_PC,KG_PS,AO_2026_2035,2034,17.6392377282894,A,0,2,_Z
DATAFLOW,OECD.TAD.ATM:DSD_AGR@DF_OUTLOOK_2026_2035(1.1),I,VNM,A,CPC_0111,FO_PC,KG_PS,AO_2026_2035,2035,17.4781735632124,A,0,2,_Z
DATAFLOW,OECD.TAD.ATM:DSD_AGR@DF_OUTLOOK_2026_2035(1.1),I,VNM,A,CPC_EX_SH,FO_PC,KG_PS,AO_2026_2035,2015,0.0997426767881474,A,0,2,RW
DATAFLOW,OECD.TAD.ATM:DSD_AGR@DF_OUTLOOK_2026_2035(1.1),I,VNM,A,CPC_EX_SH,FO_PC,KG_PS,AO_2026_2035,2016,0.10150123071986,A,0,2,RW
DATAFLOW,OECD.TAD.ATM:DSD_AGR@DF_OUTLOOK_2026_2035(1.1),I,VNM,A,CPC_EX_SH,FO_PC,KG_PS,AO_2026_2035,2017,0.119513574388841,A,0,2,RW
DATAFLOW,OECD.TAD.ATM:DSD_AGR@DF_OUTLOOK_2026_2035(1.1),I,VNM,A,CPC_EX_SH,FO_PC,KG_PS,AO_2026_2035,2018,0.133277996986889,A,0,2,RW
DATAFLOW,OECD.TAD.ATM:DSD_AGR@DF_OUTLOOK_2026_2035(1.1),I,VNM,A,CPC_EX_SH,FO_PC,KG_PS,AO_2026_2035,2019,0.150346303665134,A,0,2,RW
DATAFLOW,OECD.TAD.ATM:DSD_AGR@DF_OUTLOOK_2026_2035(1.1),I,VNM,A,CPC_EX_SH,FO_PC,KG_PS,AO_2026_2035,2020,0.146632139855703,A,0,2,RW
DATAFLOW,OECD.TAD.ATM:DSD_AGR@DF_OUTLOOK_2026_2035(1.1),I,VNM,A,CPC_EX_SH,FO_PC,KG_PS,AO_2026_2035,2021,0.147439020205161,A,0,2,RW
DATAFLOW,OECD.TAD.ATM:DSD_AGR@DF_OUTLOOK_2026_2035(1.1),I,VNM,A,CPC_EX_SH,FO_PC,KG_PS,AO_2026_2035,2022,0.155842090490521,A,0,2,RW
DATAFLOW,OECD.TAD.ATM:DSD_AGR@DF_OUTLOOK_2026_2035(1.1),I,VNM,A,CPC_EX_SH,FO_PC,KG_PS,AO_2026_2035,2023,0.159979715668955,A,0,2,RW
DATAFLOW,OECD.TAD.ATM:DSD_AGR@DF_OUTLOOK_2026_2035(1.1),I,VNM,A,CPC_EX_SH,FO_PC,KG_PS,AO_2026_2035,2024,0.16680488047029,A,0,2,RW
DATAFLOW,OECD.TAD.ATM:DSD_AGR@DF_OUTLOOK_2026_2035(1.1),I,VNM,A,CPC_EX_SH,FO_PC,KG_PS,AO_2026_2035,2025,0.174245103993333,A,0,2,RW
DATAFLOW,OECD.TAD.ATM:DSD_AGR@DF_OUTLOOK_2026_2035(1.1),I,VNM,A,CPC_EX_SH,FO_PC,KG_PS,AO_2026_2035,2026,0.182699110864306,A,0,2,RW
DATAFLOW,OECD.TAD.ATM:DSD_AGR@DF_OUTLOOK_2026_2035(1.1),I,VNM,A,CPC_EX_SH,FO_PC,KG_PS,AO_2026_2035,2027,0.190156475762397,A,0,2,RW
DATAFLOW,OECD.TAD.ATM:DSD_AGR@DF_OUTLOOK_2026_2035(1.1),I,VNM,A,CPC_EX_SH,FO_PC,KG_PS,AO_2026_2035,2028,0.199221157396454,A,0,2,RW
DATAFLOW,OECD.TAD.ATM:DSD_AGR@DF_OUTLOOK_2026_2035(1.1),I,VNM,A,CPC_EX_SH,FO_PC,KG_PS,AO_2026_2035,2029,0.207647139196134,A,0,2,RW
DATAFLOW,OECD.TAD.ATM:DSD_AGR@DF_OUTLOOK_2026_2035(1.1),I,VNM,A,CPC_EX_SH,FO_PC,KG_PS,AO_2026_2035,2030,0.215760546931118,A,0,2,RW
DATAFLOW,OECD.TAD.ATM:DSD_AGR@DF_OUTLOOK_2026_2035(1.1),I,VNM,A,CPC_EX_SH,FO_PC,KG_PS,AO_2026_2035,2031,0.222268057276665,A,0,2,RW
DATAFLOW,OECD.TAD.ATM:DSD_AGR@DF_OUTLOOK_2026_2035(1.1),I,VNM,A,CPC_EX_SH,FO_PC,KG_PS,AO_2026_2035,2032,0.229202693921431,A,0,2,RW
DATAFLOW,OECD.TAD.ATM:DSD_AGR@DF_OUTLOOK_2026_2035(1.1),I,VNM,A,CPC_EX_SH,FO_PC,KG_PS,AO_2026_2035,2033,0.23617074928496,A,0,2,RW
DATAFLOW,OECD.TAD.ATM:DSD_AGR@DF_OUTLOOK_2026_2035(1.1),I,VNM,A,CPC_EX_SH,FO_PC,KG_PS,AO_2026_2035,2034,0.243298816804217,A,0,2,RW
DATAFLOW,OECD.TAD.ATM:DSD_AGR@DF_OUTLOOK_2026_2035(1.1),I,VNM,A,CPC_EX_SH,FO_PC,KG_PS,AO_2026_2035,2035,0.250337659969341,A,0,2,RW
DATAFLOW,OECD.TAD.ATM:DSD_AGR@DF_OUTLOOK_2026_2035(1.1),I,VNM,A,CPC_EX_BV,FO_PC,KG_PS,AO_2026_2035,2015,8.342246015141969,A,0,2,RW
DATAFLOW,OECD.TAD.ATM:DSD_AGR@DF_OUTLOOK_2026_2035(1.1),I,VNM,A,CPC_EX_BV,FO_PC,KG_PS,AO_2026_2035,2016,8.17483443326334,A,0,2,RW
DATAFLOW,OECD.TAD.ATM:DSD_AGR@DF_OUTLOOK_2026_2035(1.1),I,VNM,A,CPC_EX_BV,FO_PC,KG_PS,AO_2026_2035,2017,9.104208512588489,A,0,2,RW
DATAFLOW,OECD.TAD.ATM:DSD_AGR@DF_OUTLOOK_2026_2035(1.1),I,VNM,A,CPC_EX_BV,FO_PC,KG_PS,AO_2026_2035,2018,7.53144354180648,A,0,2,RW
DATAFLOW,OECD.TAD.ATM:DSD_AGR@DF_OUTLOOK_2026_2035(1.1),I,VNM,A,CPC_EX_BV,FO_PC,KG_PS,AO_2026_2035,2019,7.14914634762388,A,0,2,RW
DATAFLOW,OECD.TAD.ATM:DSD_AGR@DF_OUTLOOK_2026_2035(1.1),I,VNM,A,CPC_EX_BV,FO_PC,KG_PS,AO_2026_2035,2020,3.58151804993873,A,0,2,RW
DATAFLOW,OECD.TAD.ATM:DSD_AGR@DF_OUTLOOK_2026_2035(1.1),I,VNM,A,CPC_EX_BV,FO_PC,KG_PS,AO_2026_2035,2021,3.6723537596322897,A,0,2,RW
DATAFLOW,OECD.TAD.ATM:DSD_AGR@DF_OUTLOOK_2026_2035(1.1),I,VNM,A,CPC_EX_BV,FO_PC,KG_PS,AO_2026_2035,2022,3.8888646976808703,A,0,2,RW
DATAFLOW,OECD.TAD.ATM:DSD_AGR@DF_OUTLOOK_2026_2035(1.1),I,VNM,A,CPC_EX_BV,FO_PC,KG_PS,AO_2026_2035,2023,4.07457002952288,A,0,2,RW
DATAFLOW,OECD.TAD.ATM:DSD_AGR@DF_OUTLOOK_2026_2035(1.1),I,VNM,A,CPC_EX_BV,FO_PC,KG_PS,AO_2026_2035,2024,4.09214004326846,A,0,2,RW
DATAFLOW,OECD.TAD.ATM:DSD_AGR@DF_OUTLOOK_2026_2035(1.1),I,VNM,A,CPC_EX_BV,FO_PC,KG_PS,AO_2026_2035,2025,3.99111902699151,A,0,2,RW
DATAFLOW,OECD.TAD.ATM:DSD_AGR@DF_OUTLOOK_2026_2035(1.1),I,VNM,A,CPC_EX_BV,FO_PC,KG_PS,AO_2026_2035,2026,4.06012628288519,A,0,2,RW
DATAFLOW,OECD.TAD.ATM:DSD_AGR@DF_OUTLOOK_2026_2035(1.1),I,VNM,A,CPC_EX_BV,FO_PC,KG_PS,AO_2026_2035,2027,4.12968469692444,A,0,2,RW
DATAFLOW,OECD.TAD.ATM:DSD_AGR@DF_OUTLOOK_2026_2035(1.1),I,VNM,A,CPC_EX_BV,FO_PC,KG_PS,AO_2026_2035,2028,4.20219149996848,A,0,2,RW
DATAFLOW,OECD.TAD.ATM:DSD_AGR@DF_OUTLOOK_2026_2035(1.1),I,VNM,A,CPC_EX_BV,FO_PC,KG_PS,AO_2026_2035,2029,4.2498027163414,A,0,2,RW
DATAFLOW,OECD.TAD.ATM:DSD_AGR@DF_OUTLOOK_2026_2035(1.1),I,VNM,A,CPC_EX_BV,FO_PC,KG_PS,AO_2026_2035,2030,4.30754589647636,A,0,2,RW
DATAFLOW,OECD.TAD.ATM:DSD_AGR@DF_OUTLOOK_2026_2035(1.1),I,VNM,A,CPC_EX_BV,FO_PC,KG_PS,AO_2026_2035,2031,4.363257301235049,A,0,2,RW
DATAFLOW,OECD.TAD.ATM:DSD_AGR@DF_OUTLOOK_2026_2035(1.1),I,VNM,A,CPC_EX_BV,FO_PC,KG_PS,AO_2026_2035,2032,4.42551294286822,A,0,2,RW
DATAFLOW,OECD.TAD.ATM:DSD_AGR@DF_OUTLOOK_2026_2035(1.1),I,VNM,A,CPC_EX_BV,FO_PC,KG_PS,AO_2026_2035,2033,4.48309416030456,A,0,2,RW
DATAFLOW,OECD.TAD.ATM:DSD_AGR@DF_OUTLOOK_2026_2035(1.1),I,VNM,A,CPC_EX_BV,FO_PC,KG_PS,AO_2026_2035,2034,4.5399840616645,A,0,2,RW
DATAFLOW,OECD.TAD.ATM:DSD_AGR@DF_OUTLOOK_2026_2035(1.1),I,VNM,A,CPC_EX_BV,FO_PC,KG_PS,AO_2026_2035,2035,4.59712236594315,A,0,2,RW
DATAFLOW,OECD.TAD.ATM:DSD_AGR@DF_OUTLOOK_2026_2035(1.1),I,VNM,A,CPC_EX_PT,FO_PC,KG_PS,AO_2026_2035,2015,6.93544333258964,A,0,2,RW
DATAFLOW,OECD.TAD.ATM:DSD_AGR@DF_OUTLOOK_2026_2035(1.1),I,VNM,A,CPC_EX_PT,FO_PC,KG_PS,AO_2026_2035,2016,7.8999836200657905,A,0,2,RW
DATAFLOW,OECD.TAD.ATM:DSD_AGR@DF_OUTLOOK_2026_2035(1.1),I,VNM,A,CPC_EX_PT,FO_PC,KG_PS,AO_2026_2035,2017,8.285354674217569,A,0,2,RW
DATAFLOW,OECD.TAD.ATM:DSD_AGR@DF_OUTLOOK_2026_2035(1.1),I,VNM,A,CPC_EX_PT,FO_PC,KG_PS,AO_2026_2035,2018,9.154264364991981,A,0,2,RW
DATAFLOW,OECD.TAD.ATM:DSD_AGR@DF_OUTLOOK_2026_2035(1.1),I,VNM,A,CPC_EX_PT,FO_PC,KG_PS,AO_2026_2035,2019,11.3948802461079,A,0,2,RW
DATAFLOW,OECD.TAD.ATM:DSD_AGR@DF_OUTLOOK_2026_2035(1.1),I,VNM,A,CPC_EX_PT,FO_PC,KG_PS,AO_2026_2035,2020,13.0090219968951,A,0,2,RW
DATAFLOW,OECD.TAD.ATM:DSD_AGR@DF_OUTLOOK_2026_2035(1.1),I,VNM,A,CPC_EX_PT,FO_PC,KG_PS,AO_2026_2035,2021,13.3279575535082,A,0,2,RW
DATAFLOW,OECD.TAD.ATM:DSD_AGR@DF_OUTLOOK_2026_2035(1.1),I,VNM,A,CPC_EX_PT,FO_PC,KG_PS,AO_2026_2035,2022,14.4976641686585,A,0,2,RW
DATAFLOW,OECD.TAD.ATM:DSD_AGR@DF_OUTLOOK_2026_2035(1.1),I,VNM,A,CPC_EX_PT,FO_PC,KG_PS,AO_2026_2035,2023,14.9066541585466,A,0,2,RW
DATAFLOW,OECD.TAD.ATM:DSD_AGR@DF_OUTLOOK_2026_2035(1.1),I,VNM,A,CPC_EX_PT,FO_PC,KG_PS,AO_2026_2035,2024,16.5723083797415,A,0,2,RW
DATAFLOW,OECD.TAD.ATM:DSD_AGR@DF_OUTLOOK_2026_2035(1.1),I,VNM,A,CPC_EX_PT,FO_PC,KG_PS,AO_2026_2035,2025,17.0308942942341,A,0,2,RW
DATAFLOW,OECD.TAD.ATM:DSD_AGR@DF_OUTLOOK_2026_2035(1.1),I,VNM,A,CPC_EX_PT,FO_PC,KG_PS,AO_2026_2035,2026,17.8441549002962,A,0,2,RW
DATAFLOW,OECD.TAD.ATM:DSD_AGR@DF_OUTLOOK_2026_2035(1.1),I,VNM,A,CPC_EX_PT,FO_PC,KG_PS,AO_2026_2035,2027,18.6801828561838,A,0,2,RW
DATAFLOW,OECD.TAD.ATM:DSD_AGR@DF_OUTLOOK_2026_2035(1.1),I,VNM,A,CPC_EX_PT,FO_PC,KG_PS,AO_2026_2035,2028,19.4855555178723,A,0,2,RW
DATAFLOW,OECD.TAD.ATM:DSD_AGR@DF_OUTLOOK_2026_2035(1.1),I,VNM,A,CPC_EX_PT,FO_PC,KG_PS,AO_2026_2035,2029,20.3418298162858,A,0,2,RW
DATAFLOW,OECD.TAD.ATM:DSD_AGR@DF_OUTLOOK_2026_2035(1.1),I,VNM,A,CPC_EX_PT,FO_PC,KG_PS,AO_2026_2035,2030,21.225572909932,A,0,2,RW
DATAFLOW,OECD.TAD.ATM:DSD_AGR@DF_OUTLOOK_2026_2035(1.1),I,VNM,A,CPC_EX_PT,FO_PC,KG_PS,AO_2026_2035,2031,22.0981209823722,A,0,2,RW
DATAFLOW,OECD.TAD.ATM:DSD_AGR@DF_OUTLOOK_2026_2035(1.1),I,VNM,A,CPC_EX_PT,FO_PC,KG_PS,AO_2026_2035,2032,22.9629686742494,A,0,2,RW
DATAFLOW,OECD.TAD.ATM:DSD_AGR@DF_OUTLOOK_2026_2035(1.1),I,VNM,A,CPC_EX_PT,FO_PC,KG_PS,AO_2026_2035,2033,23.8885242455092,A,0,2,RW
DATAFLOW,OECD.TAD.ATM:DSD_AGR@DF_OUTLOOK_2026_2035(1.1),I,VNM,A,CPC_EX_PT,FO_PC,KG_PS,AO_2026_2035,2034,24.8374702642252,A,0,2,RW
DATAFLOW,OECD.TAD.ATM:DSD_AGR@DF_OUTLOOK_2026_2035(1.1),I,VNM,A,CPC_EX_PT,FO_PC,KG_PS,AO_2026_2035,2035,25.8043412996165,A,0,2,RW
DATAFLOW,OECD.TAD.ATM:DSD_AGR@DF_OUTLOOK_2026_2035(1.1),I,VNM,A,CPC_EX_PK,FO_PC,KG_PS,AO_2026_2035,2015,22.6610137892908,A,0,2,RW
DATAFLOW,OECD.TAD.ATM:DSD_AGR@DF_OUTLOOK_2026_2035(1.1),I,VNM,A,CPC_EX_PK,FO_PC,KG_PS,AO_2026_2035,2016,24.8271554512578,A,0,2,RW
DATAFLOW,OECD.TAD.ATM:DSD_AGR@DF_OUTLOOK_2026_2035(1.1),I,VNM,A,CPC_EX_PK,FO_PC,KG_PS,AO_2026_2035,2017,25.1445397922266,A,0,2,RW
DATAFLOW,OECD.TAD.ATM:DSD_AGR@DF_OUTLOOK_2026_2035(1.1),I,VNM,A,CPC_EX_PK,FO_PC,KG_PS,AO_2026_2035,2018,26.0080032668693,A,0,2,RW
DATAFLOW,OECD.TAD.ATM:DSD_AGR@DF_OUTLOOK_2026_2035(1.1),I,VNM,A,CPC_EX_PK,FO_PC,KG_PS,AO_2026_2035,2019,22.4896127891018,A,0,2,RW
DATAFLOW,OECD.TAD.ATM:DSD_AGR@DF_OUTLOOK_2026_2035(1.1),I,VNM,A,CPC_EX_PK,FO_PC,KG_PS,AO_2026_2035,2020,22.5706137609312,A,0,2,RW
DATAFLOW,OECD.TAD.ATM:DSD_AGR@DF_OUTLOOK_2026_2035(1.1),I,VNM,A,CPC_EX_PK,FO_PC,KG_PS,AO_2026_2035,2021,23.8918479753067,A,0,2,RW
DATAFLOW,OECD.TAD.ATM:DSD_AGR@DF_OUTLOOK_2026_2035(1.1),I,VNM,A,CPC_EX_PK,FO_PC,KG_PS,AO_2026_2035,2022,24.9882156742376,A,0,2,RW
DATAFLOW,OECD.TAD.ATM:DSD_AGR@DF_OUTLOOK_2026_2035(1.1),I,VNM,A,CPC_EX_PK,FO_PC,KG_PS,AO_2026_2035,2023,26.3800091033711,A,0,2,RW
DATAFLOW,OECD.TAD.ATM:DSD_AGR@DF_OUTLOOK_2026_2035(1.1),I,VNM,A,CPC_EX_PK,FO_PC,KG_PS,AO_2026_2035,2024,27.8458295655058,A,0,2,RW
DATAFLOW,OECD.TAD.ATM:DSD_AGR@DF_OUTLOOK_2026_2035(1.1),I,VNM,A,CPC_EX_PK,FO_PC,KG_PS,AO_2026_2035,2025,28.6413469663594,A,0,2,RW
DATAFLOW,OECD.TAD.ATM:DSD_AGR@DF_OUTLOOK_2026_2035(1.1),I,VNM,A,CPC_EX_PK,FO_PC,KG_PS,AO_2026_2035,2026,29.7690584732773,A,0,2,RW
DATAFLOW,OECD.TAD.ATM:DSD_AGR@DF_OUTLOOK_2026_2035(1.1),I,VNM,A,CPC_EX_PK,FO_PC,KG_PS,AO_2026_2035,2027,30.0774984999696,A,0,2,RW
DATAFLOW,OECD.TAD.ATM:DSD_AGR@DF_OUTLOOK_2026_2035(1.1),I,VNM,A,CPC_EX_PK,FO_PC,KG_PS,AO_2026_2035,2028,30.4277629096363,A,0,2,RW
DATAFLOW,OECD.TAD.ATM:DSD_AGR@DF_OUTLOOK_2026_2035(1.1),I,VNM,A,CPC_EX_PK,FO_PC,KG_PS,AO_2026_2035,2029,30.7488231935303,A,0,2,RW
DATAFLOW,OECD.TAD.ATM:DSD_AGR@DF_OUTLOOK_2026_2035(1.1),I,VNM,A,CPC_EX_PK,FO_PC,KG_PS,AO_2026_2035,2030,31.0813946912814,A,0,2,RW
DATAFLOW,OECD.TAD.ATM:DSD_AGR@DF_OUTLOOK_2026_2035(1.1),I,VNM,A,CPC_EX_PK,FO_PC,KG_PS,AO_2026_2035,2031,31.0800391507338,A,0,2,RW
DATAFLOW,OECD.TAD.ATM:DSD_AGR@DF_OUTLOOK_2026_2035(1.1),I,VNM,A,CPC_EX_PK,FO_PC,KG_PS,AO_2026_2035,2032,30.6897558575795,A,0,2,RW
DATAFLOW,OECD.TAD.ATM:DSD_AGR@DF_OUTLOOK_2026_2035(1.1),I,VNM,A,CPC_EX_PK,FO_PC,KG_PS,AO_2026_2035,2033,30.9627115920757,A,0,2,RW
DATAFLOW,OECD.TAD.ATM:DSD_AGR@DF_OUTLOOK_2026_2035(1.1),I,VNM,A,CPC_EX_PK,FO_PC,KG_PS,AO_2026_2035,2034,31.2361644648079,A,0,2,RW
DATAFLOW,OECD.TAD.ATM:DSD_AGR@DF_OUTLOOK_2026_2035(1.1),I,VNM,A,CPC_EX_PK,FO_PC,KG_PS,AO_2026_2035,2035,31.5135764056031,A,0,2,RW
DATAFLOW,OECD.TAD.ATM:DSD_AGR@DF_OUTLOOK_2026_2035(1.1),I,VNM,A,CPC_EX_PT,IM,T,AO_2026_2035,2015,109.055585,A,3,2,RTOC
DATAFLOW,OECD.TAD.ATM:DSD_AGR@DF_OUTLOOK_2026_2035(1.1),I,VNM,A,CPC_EX_PT,IM,T,AO_2026_2035,2016,115.061064,A,3,2,RTOC
DATAFLOW,OECD.TAD.ATM:DSD_AGR@DF_OUTLOOK_2026_2035(1.1),I,VNM,A,CPC_EX_PT,IM,T,AO_2026_2035,2017,114.6048,A,3,2,RTOC
DATAFLOW,OECD.TAD.ATM:DSD_AGR@DF_OUTLOOK_2026_2035(1.1),I,VNM,A,CPC_EX_PT,IM,T,AO_2026_2035,2018,182.231209,A,3,2,RTOC
DATAFLOW,OECD.TAD.ATM:DSD_AGR@DF_OUTLOOK_2026_2035(1.1),I,VNM,A,CPC_EX_PT,IM,T,AO_2026_2035,2019,267.327276,A,3,2,RTOC
DATAFLOW,OECD.TAD.ATM:DSD_AGR@DF_OUTLOOK_2026_2035(1.1),I,VNM,A,CPC_EX_PT,IM,T,AO_2026_2035,2020,333.51805,A,3,2,RTOC
DATAFLOW,OECD.TAD.ATM:DSD_AGR@DF_OUTLOOK_2026_2035(1.1),I,VNM,A,CPC_EX_PT,IM,T,AO_2026_2035,2021,253.264955,A,3,2,RTOC
DATAFLOW,OECD.TAD.ATM:DSD_AGR@DF_OUTLOOK_2026_2035(1.1),I,VNM,A,CPC_EX_PT,IM,T,AO_2026_2035,2022,477.807384,A,3,2,RTOC
DATAFLOW,OECD.TAD.ATM:DSD_AGR@DF_OUTLOOK_2026_2035(1.1),I,VNM,A,CPC_EX_PT,IM,T,AO_2026_2035,2023,311.795684,A,3,2,RTOC
DATAFLOW,OECD.TAD.ATM:DSD_AGR@DF_OUTLOOK_2026_2035(1.1),I,VNM,A,CPC_EX_PT,IM,T,AO_2026_2035,2024,416.96317964364493,A,3,2,RTOC
DATAFLOW,OECD.TAD.ATM:DSD_AGR@DF_OUTLOOK_2026_2035(1.1),I,VNM,A,CPC_EX_PT,IM,T,AO_2026_2035,2025,406.648761580487,A,3,2,RTOC
DATAFLOW,OECD.TAD.ATM:DSD_AGR@DF_OUTLOOK_2026_2035(1.1),I,VNM,A,CPC_EX_PT,IM,T,AO_2026_2035,2026,410.672383127682,A,3,2,RTOC
DATAFLOW,OECD.TAD.ATM:DSD_AGR@DF_OUTLOOK_2026_2035(1.1),I,VNM,A,CPC_EX_PT,IM,T,AO_2026_2035,2027,406.02627286554895,A,3,2,RTOC
DATAFLOW,OECD.TAD.ATM:DSD_AGR@DF_OUTLOOK_2026_2035(1.1),I,VNM,A,CPC_EX_PT,IM,T,AO_2026_2035,2028,388.321502718956,A,3,2,RTOC
DATAFLOW,OECD.TAD.ATM:DSD_AGR@DF_OUTLOOK_2026_2035(1.1),I,VNM,A,CPC_EX_PT,IM,T,AO_2026_2035,2029,375.326708862772,A,3,2,RTOC
DATAFLOW,OECD.TAD.ATM:DSD_AGR@DF_OUTLOOK_2026_2035(1.1),I,VNM,A,CPC_EX_PT,IM,T,AO_2026_2035,2030,359.666781573872,A,3,2,RTOC
DATAFLOW,OECD.TAD.ATM:DSD_AGR@DF_OUTLOOK_2026_2035(1.1),I,VNM,A,CPC_EX_PT,IM,T,AO_2026_2035,2031,333.89052453955,A,3,2,RTOC
DATAFLOW,OECD.TAD.ATM:DSD_AGR@DF_OUTLOOK_2026_2035(1.1),I,VNM,A,CPC_EX_PT,IM,T,AO_2026_2035,2032,303.049472341928,A,3,2,RTOC
DATAFLOW,OECD.TAD.ATM:DSD_AGR@DF_OUTLOOK_2026_2035(1.1),I,VNM,A,CPC_EX_PT,IM,T,AO_2026_2035,2033,278.479787625435,A,3,2,RTOC
DATAFLOW,OECD.TAD.ATM:DSD_AGR@DF_OUTLOOK_2026_2035(1.1),I,VNM,A,CPC_EX_PT,IM,T,AO_2026_2035,2034,254.537947232706,A,3,2,RTOC
DATAFLOW,OECD.TAD.ATM:DSD_AGR@DF_OUTLOOK_2026_2035(1.1),I,VNM,A,CPC_EX_PT,IM,T,AO_2026_2035,2035,231.316458357207,A,3,2,RTOC
DATAFLOW,OECD.TAD.ATM:DSD_AGR@DF_OUTLOOK_2026_2035(1.1),I,VNM,A,CPC_EX_PT,EX,T,AO_2026_2035,2015,11.691955,A,3,2,RTOC
DATAFLOW,OECD.TAD.ATM:DSD_AGR@DF_OUTLOOK_2026_2035(1.1),I,VNM,A,CPC_EX_PT,EX,T,AO_2026_2035,2016,7.889388,A,3,2,RTOC
DATAFLOW,OECD.TAD.ATM:DSD_AGR@DF_OUTLOOK_2026_2035(1.1),I,VNM,A,CPC_EX_PT,EX,T,AO_2026_2035,2017,11.73138,A,3,2,RTOC
DATAFLOW,OECD.TAD.ATM:DSD_AGR@DF_OUTLOOK_2026_2035(1.1),I,VNM,A,CPC_EX_PT,EX,T,AO_2026_2035,2018,30.122063,A,3,2,RTOC
DATAFLOW,OECD.TAD.ATM:DSD_AGR@DF_OUTLOOK_2026_2035(1.1),I,VNM,A,CPC_EX_PT,EX,T,AO_2026_2035,2019,48.818944,A,3,2,RTOC
DATAFLOW,OECD.TAD.ATM:DSD_AGR@DF_OUTLOOK_2026_2035(1.1),I,VNM,A,CPC_EX_PT,EX,T,AO_2026_2035,2020,28.30066,A,3,2,RTOC
DATAFLOW,OECD.TAD.ATM:DSD_AGR@DF_OUTLOOK_2026_2035(1.1),I,VNM,A,CPC_EX_PT,EX,T,AO_2026_2035,2021,31.0696100000002,A,3,2,RTOC
DATAFLOW,OECD.TAD.ATM:DSD_AGR@DF_OUTLOOK_2026_2035(1.1),I,VNM,A,CPC_EX_PT,EX,T,AO_2026_2035,2022,230.392797,A,3,2,RTOC
DATAFLOW,OECD.TAD.ATM:DSD_AGR@DF_OUTLOOK_2026_2035(1.1),I,VNM,A,CPC_EX_PT,EX,T,AO_2026_2035,2023,105.086834,A,3,2,RTOC
DATAFLOW,OECD.TAD.ATM:DSD_AGR@DF_OUTLOOK_2026_2035(1.1),I,VNM,A,CPC_EX_PT,EX,T,AO_2026_2035,2024,33.78622784,A,3,2,RTOC
DATAFLOW,OECD.TAD.ATM:DSD_AGR@DF_OUTLOOK_2026_2035(1.1),I,VNM,A,CPC_EX_PT,EX,T,AO_2026_2035,2025,41.014575453576306,A,3,2,RTOC
DATAFLOW,OECD.TAD.ATM:DSD_AGR@DF_OUTLOOK_2026_2035(1.1),I,VNM,A,CPC_EX_PT,EX,T,AO_2026_2035,2026,40.824834267040494,A,3,2,RTOC
DATAFLOW,OECD.TAD.ATM:DSD_AGR@DF_OUTLOOK_2026_2035(1.1),I,VNM,A,CPC_EX_PT,EX,T,AO_2026_2035,2027,41.0441798938898,A,3,2,RTOC
DATAFLOW,OECD.TAD.ATM:DSD_AGR@DF_OUTLOOK_2026_2035(1.1),I,VNM,A,CPC_EX_PT,EX,T,AO_2026_2035,2028,41.9155555437906,A,3,2,RTOC
DATAFLOW,OECD.TAD.ATM:DSD_AGR@DF_OUTLOOK_2026_2035(1.1),I,VNM,A,CPC_EX_PT,EX,T,AO_2026_2035,2029,42.5937202107824,A,3,2,RTOC
DATAFLOW,OECD.TAD.ATM:DSD_AGR@DF_OUTLOOK_2026_2035(1.1),I,VNM,A,CPC_EX_PT,EX,T,AO_2026_2035,2030,43.4590105544998,A,3,2,RTOC
DATAFLOW,OECD.TAD.ATM:DSD_AGR@DF_OUTLOOK_2026_2035(1.1),I,VNM,A,CPC_EX_PT,EX,T,AO_2026_2035,2031,45.0129562895485,A,3,2,RTOC
DATAFLOW,OECD.TAD.ATM:DSD_AGR@DF_OUTLOOK_2026_2035(1.1),I,VNM,A,CPC_EX_PT,EX,T,AO_2026_2035,2032,47.125616368310304,A,3,2,RTOC
DATAFLOW,OECD.TAD.ATM:DSD_AGR@DF_OUTLOOK_2026_2035(1.1),I,VNM,A,CPC_EX_PT,EX,T,AO_2026_2035,2033,49.0533358928874,A,3,2,RTOC
DATAFLOW,OECD.TAD.ATM:DSD_AGR@DF_OUTLOOK_2026_2035(1.1),I,VNM,A,CPC_EX_PT,EX,T,AO_2026_2035,2034,51.1937816515644,A,3,2,RTOC
DATAFLOW,OECD.TAD.ATM:DSD_AGR@DF_OUTLOOK_2026_2035(1.1),I,VNM,A,CPC_EX_PT,EX,T,AO_2026_2035,2035,53.57964289979991,A,3,2,RTOC
DATAFLOW,OECD.TAD.ATM:DSD_AGR@DF_OUTLOOK_2026_2035(1.1),I,VNM,A,CPC_EX_PT,FO,T,AO_2026_2035,2015,643.770418063575,A,3,2,RTOC
DATAFLOW,OECD.TAD.ATM:DSD_AGR@DF_OUTLOOK_2026_2035(1.1),I,VNM,A,CPC_EX_PT,FO,T,AO_2026_2035,2016,742.599384584268,A,3,2,RTOC
DATAFLOW,OECD.TAD.ATM:DSD_AGR@DF_OUTLOOK_2026_2035(1.1),I,VNM,A,CPC_EX_PT,FO,T,AO_2026_2035,2017,788.575011264848,A,3,2,RTOC
DATAFLOW,OECD.TAD.ATM:DSD_AGR@DF_OUTLOOK_2026_2035(1.1),I,VNM,A,CPC_EX_PT,FO,T,AO_2026_2035,2018,880.9818599040659,A,3,2,RTOC
DATAFLOW,OECD.TAD.ATM:DSD_AGR@DF_OUTLOOK_2026_2035(1.1),I,VNM,A,CPC_EX_PT,FO,T,AO_2026_2035,2019,1107.28354058211,A,3,2,RTOC
DATAFLOW,OECD.TAD.ATM:DSD_AGR@DF_OUTLOOK_2026_2035(1.1),I,VNM,A,CPC_EX_PT,FO,T,AO_2026_2035,2020,1275.91435315668,A,3,2,RTOC
DATAFLOW,OECD.TAD.ATM:DSD_AGR@DF_OUTLOOK_2026_2035(1.1),I,VNM,A,CPC_EX_PT,FO,T,AO_2026_2035,2021,1318.60278669617,A,3,2,RTOC
DATAFLOW,OECD.TAD.ATM:DSD_AGR@DF_OUTLOOK_2026_2035(1.1),I,VNM,A,CPC_EX_PT,FO,T,AO_2026_2035,2022,1445.13666030191,A,3,2,RTOC
DATAFLOW,OECD.TAD.ATM:DSD_AGR@DF_OUTLOOK_2026_2035(1.1),I,VNM,A,CPC_EX_PT,FO,T,AO_2026_2035,2023,1495.91542019607,A,3,2,RTOC
DATAFLOW,OECD.TAD.ATM:DSD_AGR@DF_OUTLOOK_2026_2035(1.1),I,VNM,A,CPC_EX_PT,FO,T,AO_2026_2035,2024,1673.5990749485,A,3,2,RTOC
DATAFLOW,OECD.TAD.ATM:DSD_AGR@DF_OUTLOOK_2026_2035(1.1),I,VNM,A,CPC_EX_PT,FO,T,AO_2026_2035,2025,1730.31377378689,A,3,2,RTOC
DATAFLOW,OECD.TAD.ATM:DSD_AGR@DF_OUTLOOK_2026_2035(1.1),I,VNM,A,CPC_EX_PT,FO,T,AO_2026_2035,2026,1823.26990607833,A,3,2,RTOC
DATAFLOW,OECD.TAD.ATM:DSD_AGR@DF_OUTLOOK_2026_2035(1.1),I,VNM,A,CPC_EX_PT,FO,T,AO_2026_2035,2027,1918.96652293942,A,3,2,RTOC
DATAFLOW,OECD.TAD.ATM:DSD_AGR@DF_OUTLOOK_2026_2035(1.1),I,VNM,A,CPC_EX_PT,FO,T,AO_2026_2035,2028,2011.99553225121,A,3,2,RTOC
DATAFLOW,OECD.TAD.ATM:DSD_AGR@DF_OUTLOOK_2026_2035(1.1),I,VNM,A,CPC_EX_PT,FO,T,AO_2026_2035,2029,2110.69177689308,A,3,2,RTOC
DATAFLOW,OECD.TAD.ATM:DSD_AGR@DF_OUTLOOK_2026_2035(1.1),I,VNM,A,CPC_EX_PT,FO,T,AO_2026_2035,2030,2212.87002361881,A,3,2,RTOC
DATAFLOW,OECD.TAD.ATM:DSD_AGR@DF_OUTLOOK_2026_2035(1.1),I,VNM,A,CPC_EX_PT,FO,T,AO_2026_2035,2031,2314.51102871893,A,3,2,RTOC
DATAFLOW,OECD.TAD.ATM:DSD_AGR@DF_OUTLOOK_2026_2035(1.1),I,VNM,A,CPC_EX_PT,FO,T,AO_2026_2035,2032,2415.8053415932,A,3,2,RTOC
DATAFLOW,OECD.TAD.ATM:DSD_AGR@DF_OUTLOOK_2026_2035(1.1),I,VNM,A,CPC_EX_PT,FO,T,AO_2026_2035,2033,2523.97332312603,A,3,2,RTOC
DATAFLOW,OECD.TAD.ATM:DSD_AGR@DF_OUTLOOK_2026_2035(1.1),I,VNM,A,CPC_EX_PT,FO,T,AO_2026_2035,2034,2635.19399810804,A,3,2,RTOC
DATAFLOW,OECD.TAD.ATM:DSD_AGR@DF_OUTLOOK_2026_2035(1.1),I,VNM,A,CPC_EX_PT,FO,T,AO_2026_2035,2035,2748.95392238287,A,3,2,RTOC
DATAFLOW,OECD.TAD.ATM:DSD_AGR@DF_OUTLOOK_2026_2035(1.1),I,VNM,A,CPC_EX_PT,QC,T,AO_2026_2035,2015,1092.23,A,3,2,RTOC
DATAFLOW,OECD.TAD.ATM:DSD_AGR@DF_OUTLOOK_2026_2035(1.1),I,VNM,A,CPC_EX_PT,QC,T,AO_2026_2035,2016,1259.39,A,3,2,RTOC
DATAFLOW,OECD.TAD.ATM:DSD_AGR@DF_OUTLOOK_2026_2035(1.1),I,VNM,A,CPC_EX_PT,QC,T,AO_2026_2035,2017,1336.73,A,3,2,RTOC
DATAFLOW,OECD.TAD.ATM:DSD_AGR@DF_OUTLOOK_2026_2035(1.1),I,VNM,A,CPC_EX_PT,QC,T,AO_2026_2035,2018,1493.25,A,3,2,RTOC
DATAFLOW,OECD.TAD.ATM:DSD_AGR@DF_OUTLOOK_2026_2035(1.1),I,VNM,A,CPC_EX_PT,QC,T,AO_2026_2035,2019,1880.66,A,3,2,RTOC
DATAFLOW,OECD.TAD.ATM:DSD_AGR@DF_OUTLOOK_2026_2035(1.1),I,VNM,A,CPC_EX_PT,QC,T,AO_2026_2035,2020,2166.317,A,3,2,RTOC
DATAFLOW,OECD.TAD.ATM:DSD_AGR@DF_OUTLOOK_2026_2035(1.1),I,VNM,A,CPC_EX_PT,QC,T,AO_2026_2035,2021,2236.615,A,3,2,RTOC
DATAFLOW,OECD.TAD.ATM:DSD_AGR@DF_OUTLOOK_2026_2035(1.1),I,VNM,A,CPC_EX_PT,QC,T,AO_2026_2035,2022,2450.411,A,3,2,RTOC
DATAFLOW,OECD.TAD.ATM:DSD_AGR@DF_OUTLOOK_2026_2035(1.1),I,VNM,A,CPC_EX_PT,QC,T,AO_2026_2035,2023,2536.167,A,3,2,RTOC
DATAFLOW,OECD.TAD.ATM:DSD_AGR@DF_OUTLOOK_2026_2035(1.1),I,VNM,A,CPC_EX_PT,QC,T,AO_2026_2035,2024,2836.971,A,3,2,RTOC
DATAFLOW,OECD.TAD.ATM:DSD_AGR@DF_OUTLOOK_2026_2035(1.1),I,VNM,A,CPC_EX_PT,QC,T,AO_2026_2035,2025,2932.69,A,3,2,RTOC
DATAFLOW,OECD.TAD.ATM:DSD_AGR@DF_OUTLOOK_2026_2035(1.1),I,VNM,A,CPC_EX_PT,QC,T,AO_2026_2035,2026,3090.24198310113,A,3,2,RTOC
DATAFLOW,OECD.TAD.ATM:DSD_AGR@DF_OUTLOOK_2026_2035(1.1),I,VNM,A,CPC_EX_PT,QC,T,AO_2026_2035,2027,3252.43983281089,A,3,2,RTOC
DATAFLOW,OECD.TAD.ATM:DSD_AGR@DF_OUTLOOK_2026_2035(1.1),I,VNM,A,CPC_EX_PT,QC,T,AO_2026_2035,2028,3410.11626674348,A,3,2,RTOC
DATAFLOW,OECD.TAD.ATM:DSD_AGR@DF_OUTLOOK_2026_2035(1.1),I,VNM,A,CPC_EX_PT,QC,T,AO_2026_2035,2029,3577.39852250631,A,3,2,RTOC
DATAFLOW,OECD.TAD.ATM:DSD_AGR@DF_OUTLOOK_2026_2035(1.1),I,VNM,A,CPC_EX_PT,QC,T,AO_2026_2035,2030,3750.5825485727296,A,3,2,RTOC
DATAFLOW,OECD.TAD.ATM:DSD_AGR@DF_OUTLOOK_2026_2035(1.1),I,VNM,A,CPC_EX_PT,QC,T,AO_2026_2035,2031,3922.8557375350897,A,3,2,RTOC
DATAFLOW,OECD.TAD.ATM:DSD_AGR@DF_OUTLOOK_2026_2035(1.1),I,VNM,A,CPC_EX_PT,QC,T,AO_2026_2035,2032,4094.54136319376,A,3,2,RTOC
DATAFLOW,OECD.TAD.ATM:DSD_AGR@DF_OUTLOOK_2026_2035(1.1),I,VNM,A,CPC_EX_PT,QC,T,AO_2026_2035,2033,4277.8768442683695,A,3,2,RTOC
DATAFLOW,OECD.TAD.ATM:DSD_AGR@DF_OUTLOOK_2026_2035(1.1),I,VNM,A,CPC_EX_PT,QC,T,AO_2026_2035,2034,4466.38645028053,A,3,2,RTOC
DATAFLOW,OECD.TAD.ATM:DSD_AGR@DF_OUTLOOK_2026_2035(1.1),I,VNM,A,CPC_EX_PT,QC,T,AO_2026_2035,2035,4659.19985195034,A,3,2,RTOC
DATAFLOW,OECD.TAD.ATM:DSD_AGR@DF_OUTLOOK_2026_2035(1.1),I,VNM,A,CPC_EX_PT,QP,T,AO_2026_2035,2015,994.86637,A,3,2,RTOC
DATAFLOW,OECD.TAD.ATM:DSD_AGR@DF_OUTLOOK_2026_2035(1.1),I,VNM,A,CPC_EX_PT,QP,T,AO_2026_2035,2016,1152.218324,A,3,2,RTOC
DATAFLOW,OECD.TAD.ATM:DSD_AGR@DF_OUTLOOK_2026_2035(1.1),I,VNM,A,CPC_EX_PT,QP,T,AO_2026_2035,2017,1233.85658,A,3,2,RTOC
DATAFLOW,OECD.TAD.ATM:DSD_AGR@DF_OUTLOOK_2026_2035(1.1),I,VNM,A,CPC_EX_PT,QP,T,AO_2026_2035,2018,1341.140854,A,3,2,RTOC
DATAFLOW,OECD.TAD.ATM:DSD_AGR@DF_OUTLOOK_2026_2035(1.1),I,VNM,A,CPC_EX_PT,QP,T,AO_2026_2035,2019,1662.151668,A,3,2,RTOC
DATAFLOW,OECD.TAD.ATM:DSD_AGR@DF_OUTLOOK_2026_2035(1.1),I,VNM,A,CPC_EX_PT,QP,T,AO_2026_2035,2020,1861.09961,A,3,2,RTOC
DATAFLOW,OECD.TAD.ATM:DSD_AGR@DF_OUTLOOK_2026_2035(1.1),I,VNM,A,CPC_EX_PT,QP,T,AO_2026_2035,2021,2014.419655,A,3,2,RTOC
DATAFLOW,OECD.TAD.ATM:DSD_AGR@DF_OUTLOOK_2026_2035(1.1),I,VNM,A,CPC_EX_PT,QP,T,AO_2026_2035,2022,2202.996413,A,3,2,RTOC
DATAFLOW,OECD.TAD.ATM:DSD_AGR@DF_OUTLOOK_2026_2035(1.1),I,VNM,A,CPC_EX_PT,QP,T,AO_2026_2035,2023,2329.45815,A,3,2,RTOC
DATAFLOW,OECD.TAD.ATM:DSD_AGR@DF_OUTLOOK_2026_2035(1.1),I,VNM,A,CPC_EX_PT,QP,T,AO_2026_2035,2024,2453.79404819635,A,3,2,RTOC
DATAFLOW,OECD.TAD.ATM:DSD_AGR@DF_OUTLOOK_2026_2035(1.1),I,VNM,A,CPC_EX_PT,QP,T,AO_2026_2035,2025,2567.05581387309,A,3,2,RTOC
DATAFLOW,OECD.TAD.ATM:DSD_AGR@DF_OUTLOOK_2026_2035(1.1),I,VNM,A,CPC_EX_PT,QP,T,AO_2026_2035,2026,2720.39443781323,A,3,2,RTOC
DATAFLOW,OECD.TAD.ATM:DSD_AGR@DF_OUTLOOK_2026_2035(1.1),I,VNM,A,CPC_EX_PT,QP,T,AO_2026_2035,2027,2887.45774619751,A,3,2,RTOC
DATAFLOW,OECD.TAD.ATM:DSD_AGR@DF_OUTLOOK_2026_2035(1.1),I,VNM,A,CPC_EX_PT,QP,T,AO_2026_2035,2028,3063.7103248517,A,3,2,RTOC
DATAFLOW,OECD.TAD.ATM:DSD_AGR@DF_OUTLOOK_2026_2035(1.1),I,VNM,A,CPC_EX_PT,QP,T,AO_2026_2035,2029,3244.66553958237,A,3,2,RTOC
DATAFLOW,OECD.TAD.ATM:DSD_AGR@DF_OUTLOOK_2026_2035(1.1),I,VNM,A,CPC_EX_PT,QP,T,AO_2026_2035,2030,3434.37478318934,A,3,2,RTOC
DATAFLOW,OECD.TAD.ATM:DSD_AGR@DF_OUTLOOK_2026_2035(1.1),I,VNM,A,CPC_EX_PT,QP,T,AO_2026_2035,2031,3633.97817530426,A,3,2,RTOC
DATAFLOW,OECD.TAD.ATM:DSD_AGR@DF_OUTLOOK_2026_2035(1.1),I,VNM,A,CPC_EX_PT,QP,T,AO_2026_2035,2032,3838.61751359588,A,3,2,RTOC
DATAFLOW,OECD.TAD.ATM:DSD_AGR@DF_OUTLOOK_2026_2035(1.1),I,VNM,A,CPC_EX_PT,QP,T,AO_2026_2035,2033,4048.4503987753505,A,3,2,RTOC
DATAFLOW,OECD.TAD.ATM:DSD_AGR@DF_OUTLOOK_2026_2035(1.1),I,VNM,A,CPC_EX_PT,QP,T,AO_2026_2035,2034,4263.04229105181,A,3,2,RTOC
DATAFLOW,OECD.TAD.ATM:DSD_AGR@DF_OUTLOOK_2026_2035(1.1),I,VNM,A,CPC_EX_PT,QP,T,AO_2026_2035,2035,4481.46304300154,A,3,2,RTOC
DATAFLOW,OECD.TAD.ATM:DSD_AGR@DF_OUTLOOK_2026_2035(1.1),I,VNM,A,CPC_EX_SH,EX,T,AO_2026_2035,2015,0.001305,A,3,2,CWE
DATAFLOW,OECD.TAD.ATM:DSD_AGR@DF_OUTLOOK_2026_2035(1.1),I,VNM,A,CPC_EX_SH,EX,T,AO_2026_2035,2017,0.001,A,3,2,CWE
DATAFLOW,OECD.TAD.ATM:DSD_AGR@DF_OUTLOOK_2026_2035(1.1),I,VNM,A,CPC_EX_SH,EX,T,AO_2026_2035,2018,0.006,A,3,2,CWE
DATAFLOW,OECD.TAD.ATM:DSD_AGR@DF_OUTLOOK_2026_2035(1.1),I,VNM,A,CPC_EX_SH,EX,T,AO_2026_2035,2019,0.002,A,3,2,CWE
DATAFLOW,OECD.TAD.ATM:DSD_AGR@DF_OUTLOOK_2026_2035(1.1),I,VNM,A,CPC_EX_SH,EX,T,AO_2026_2035,2020,0.002,A,3,2,CWE
DATAFLOW,OECD.TAD.ATM:DSD_AGR@DF_OUTLOOK_2026_2035(1.1),I,VNM,A,CPC_EX_SH,EX,T,AO_2026_2035,2021,0.002,A,3,2,CWE
DATAFLOW,OECD.TAD.ATM:DSD_AGR@DF_OUTLOOK_2026_2035(1.1),I,VNM,A,CPC_EX_SH,EX,T,AO_2026_2035,2022,0.002,A,3,2,CWE
DATAFLOW,OECD.TAD.ATM:DSD_AGR@DF_OUTLOOK_2026_2035(1.1),I,VNM,A,CPC_EX_SH,EX,T,AO_2026_2035,2023,0.002,A,3,2,CWE
DATAFLOW,OECD.TAD.ATM:DSD_AGR@DF_OUTLOOK_2026_2035(1.1),I,VNM,A,CPC_EX_SH,EX,T,AO_2026_2035,2024,0.002,A,3,2,CWE
DATAFLOW,OECD.TAD.ATM:DSD_AGR@DF_OUTLOOK_2026_2035(1.1),I,VNM,A,CPC_EX_SH,EX,T,AO_2026_2035,2025,0.002,A,3,2,CWE
DATAFLOW,OECD.TAD.ATM:DSD_AGR@DF_OUTLOOK_2026_2035(1.1),I,VNM,A,CPC_EX_SH,EX,T,AO_2026_2035,2026,0.00203908284003205,A,3,2,CWE
DATAFLOW,OECD.TAD.ATM:DSD_AGR@DF_OUTLOOK_2026_2035(1.1),I,VNM,A,CPC_EX_SH,EX,T,AO_2026_2035,2027,0.00197883519786481,A,3,2,CWE
DATAFLOW,OECD.TAD.ATM:DSD_AGR@DF_OUTLOOK_2026_2035(1.1),I,VNM,A,CPC_EX_SH,EX,T,AO_2026_2035,2028,0.00190615863683332,A,3,2,CWE
DATAFLOW,OECD.TAD.ATM:DSD_AGR@DF_OUTLOOK_2026_2035(1.1),I,VNM,A,CPC_EX_SH,EX,T,AO_2026_2035,2029,0.00186903935535217,A,3,2,CWE
DATAFLOW,OECD.TAD.ATM:DSD_AGR@DF_OUTLOOK_2026_2035(1.1),I,VNM,A,CPC_EX_SH,EX,T,AO_2026_2035,2030,0.00187878199043753,A,3,2,CWE
DATAFLOW,OECD.TAD.ATM:DSD_AGR@DF_OUTLOOK_2026_2035(1.1),I,VNM,A,CPC_EX_SH,EX,T,AO_2026_2035,2031,0.00193885343468037,A,3,2,CWE
DATAFLOW,OECD.TAD.ATM:DSD_AGR@DF_OUTLOOK_2026_2035(1.1),I,VNM,A,CPC_EX_SH,EX,T,AO_2026_2035,2032,0.00201212966173715,A,3,2,CWE
DATAFLOW,OECD.TAD.ATM:DSD_AGR@DF_OUTLOOK_2026_2035(1.1),I,VNM,A,CPC_EX_SH,EX,T,AO_2026_2035,2033,0.00207862720091083,A,3,2,CWE
DATAFLOW,OECD.TAD.ATM:DSD_AGR@DF_OUTLOOK_2026_2035(1.1),I,VNM,A,CPC_EX_SH,EX,T,AO_2026_2035,2034,0.00212159989758214,A,3,2,CWE
DATAFLOW,OECD.TAD.ATM:DSD_AGR@DF_OUTLOOK_2026_2035(1.1),I,VNM,A,CPC_EX_SH,EX,T,AO_2026_2035,2035,0.00215165152901229,A,3,2,CWE
DATAFLOW,OECD.TAD.ATM:DSD_AGR@DF_OUTLOOK_2026_2035(1.1),I,VNM,A,CPC_EX_SH,IM,T,AO_2026_2035,2015,1.46,A,3,2,CWE
DATAFLOW,OECD.TAD.ATM:DSD_AGR@DF_OUTLOOK_2026_2035(1.1),I,VNM,A,CPC_EX_SH,IM,T,AO_2026_2035,2016,1.56,A,3,2,CWE
DATAFLOW,OECD.TAD.ATM:DSD_AGR@DF_OUTLOOK_2026_2035(1.1),I,VNM,A,CPC_EX_SH,IM,T,AO_2026_2035,2017,1.1,A,3,2,CWE
DATAFLOW,OECD.TAD.ATM:DSD_AGR@DF_OUTLOOK_2026_2035(1.1),I,VNM,A,CPC_EX_SH,IM,T,AO_2026_2035,2018,0.93,A,3,2,CWE
DATAFLOW,OECD.TAD.ATM:DSD_AGR@DF_OUTLOOK_2026_2035(1.1),I,VNM,A,CPC_EX_SH,IM,T,AO_2026_2035,2019,1.57,A,3,2,CWE
DATAFLOW,OECD.TAD.ATM:DSD_AGR@DF_OUTLOOK_2026_2035(1.1),I,VNM,A,CPC_EX_SH,IM,T,AO_2026_2035,2020,0.881,A,3,2,CWE
DATAFLOW,OECD.TAD.ATM:DSD_AGR@DF_OUTLOOK_2026_2035(1.1),I,VNM,A,CPC_EX_SH,IM,T,AO_2026_2035,2021,1.084,A,3,2,CWE
DATAFLOW,OECD.TAD.ATM:DSD_AGR@DF_OUTLOOK_2026_2035(1.1),I,VNM,A,CPC_EX_SH,IM,T,AO_2026_2035,2022,1.057365,A,3,2,CWE
DATAFLOW,OECD.TAD.ATM:DSD_AGR@DF_OUTLOOK_2026_2035(1.1),I,VNM,A,CPC_EX_SH,IM,T,AO_2026_2035,2023,0.80269,A,3,2,CWE
DATAFLOW,OECD.TAD.ATM:DSD_AGR@DF_OUTLOOK_2026_2035(1.1),I,VNM,A,CPC_EX_SH,IM,T,AO_2026_2035,2024,0.96469,A,3,2,CWE
DATAFLOW,OECD.TAD.ATM:DSD_AGR@DF_OUTLOOK_2026_2035(1.1),I,VNM,A,CPC_EX_SH,IM,T,AO_2026_2035,2025,1.23069,A,3,2,CWE
DATAFLOW,OECD.TAD.ATM:DSD_AGR@DF_OUTLOOK_2026_2035(1.1),I,VNM,A,CPC_EX_SH,IM,T,AO_2026_2035,2026,1.49944979218035,A,3,2,CWE
DATAFLOW,OECD.TAD.ATM:DSD_AGR@DF_OUTLOOK_2026_2035(1.1),I,VNM,A,CPC_EX_SH,IM,T,AO_2026_2035,2027,1.90716405902611,A,3,2,CWE
DATAFLOW,OECD.TAD.ATM:DSD_AGR@DF_OUTLOOK_2026_2035(1.1),I,VNM,A,CPC_EX_SH,IM,T,AO_2026_2035,2028,2.40287333763917,A,3,2,CWE
DATAFLOW,OECD.TAD.ATM:DSD_AGR@DF_OUTLOOK_2026_2035(1.1),I,VNM,A,CPC_EX_SH,IM,T,AO_2026_2035,2029,2.59581556065311,A,3,2,CWE
DATAFLOW,OECD.TAD.ATM:DSD_AGR@DF_OUTLOOK_2026_2035(1.1),I,VNM,A,CPC_EX_SH,IM,T,AO_2026_2035,2030,2.45448542941992,A,3,2,CWE
DATAFLOW,OECD.TAD.ATM:DSD_AGR@DF_OUTLOOK_2026_2035(1.1),I,VNM,A,CPC_EX_SH,IM,T,AO_2026_2035,2031,1.9556786555734,A,3,2,CWE
DATAFLOW,OECD.TAD.ATM:DSD_AGR@DF_OUTLOOK_2026_2035(1.1),I,VNM,A,CPC_EX_SH,IM,T,AO_2026_2035,2032,1.51426776758766,A,3,2,CWE
DATAFLOW,OECD.TAD.ATM:DSD_AGR@DF_OUTLOOK_2026_2035(1.1),I,VNM,A,CPC_EX_SH,IM,T,AO_2026_2035,2033,1.23763372678389,A,3,2,CWE
DATAFLOW,OECD.TAD.ATM:DSD_AGR@DF_OUTLOOK_2026_2035(1.1),I,VNM,A,CPC_EX_SH,IM,T,AO_2026_2035,2034,1.09145643606437,A,3,2,CWE
DATAFLOW,OECD.TAD.ATM:DSD_AGR@DF_OUTLOOK_2026_2035(1.1),I,VNM,A,CPC_EX_SH,IM,T,AO_2026_2035,2035,0.975370200512957,A,3,2,CWE
DATAFLOW,OECD.TAD.ATM:DSD_AGR@DF_OUTLOOK_2026_2035(1.1),I,VNM,A,CPC_EX_SH,QP,T,AO_2026_2035,2015,12.821305,A,3,2,CWE
DATAFLOW,OECD.TAD.ATM:DSD_AGR@DF_OUTLOOK_2026_2035(1.1),I,VNM,A,CPC_EX_SH,QP,T,AO_2026_2035,2016,13.15009,A,3,2,CWE
DATAFLOW,OECD.TAD.ATM:DSD_AGR@DF_OUTLOOK_2026_2035(1.1),I,VNM,A,CPC_EX_SH,QP,T,AO_2026_2035,2017,16.43,A,3,2,CWE
DATAFLOW,OECD.TAD.ATM:DSD_AGR@DF_OUTLOOK_2026_2035(1.1),I,VNM,A,CPC_EX_SH,QP,T,AO_2026_2035,2018,18.84,A,3,2,CWE
DATAFLOW,OECD.TAD.ATM:DSD_AGR@DF_OUTLOOK_2026_2035(1.1),I,VNM,A,CPC_EX_SH,QP,T,AO_2026_2035,2019,20.99,A,3,2,CWE
DATAFLOW,OECD.TAD.ATM:DSD_AGR@DF_OUTLOOK_2026_2035(1.1),I,VNM,A,CPC_EX_SH,QP,T,AO_2026_2035,2020,21.319,A,3,2,CWE
DATAFLOW,OECD.TAD.ATM:DSD_AGR@DF_OUTLOOK_2026_2035(1.1),I,VNM,A,CPC_EX_SH,QP,T,AO_2026_2035,2021,21.411,A,3,2,CWE
DATAFLOW,OECD.TAD.ATM:DSD_AGR@DF_OUTLOOK_2026_2035(1.1),I,VNM,A,CPC_EX_SH,QP,T,AO_2026_2035,2022,22.890635,A,3,2,CWE
DATAFLOW,OECD.TAD.ATM:DSD_AGR@DF_OUTLOOK_2026_2035(1.1),I,VNM,A,CPC_EX_SH,QP,T,AO_2026_2035,2023,23.94331,A,3,2,CWE
DATAFLOW,OECD.TAD.ATM:DSD_AGR@DF_OUTLOOK_2026_2035(1.1),I,VNM,A,CPC_EX_SH,QP,T,AO_2026_2035,2024,24.99631,A,3,2,CWE
DATAFLOW,OECD.TAD.ATM:DSD_AGR@DF_OUTLOOK_2026_2035(1.1),I,VNM,A,CPC_EX_SH,QP,T,AO_2026_2035,2025,26.04831,A,3,2,CWE
DATAFLOW,OECD.TAD.ATM:DSD_AGR@DF_OUTLOOK_2026_2035(1.1),I,VNM,A,CPC_EX_SH,QP,T,AO_2026_2035,2026,27.2659746618268,A,3,2,CWE
DATAFLOW,OECD.TAD.ATM:DSD_AGR@DF_OUTLOOK_2026_2035(1.1),I,VNM,A,CPC_EX_SH,QP,T,AO_2026_2035,2027,28.193421618333,A,3,2,CWE
DATAFLOW,OECD.TAD.ATM:DSD_AGR@DF_OUTLOOK_2026_2035(1.1),I,VNM,A,CPC_EX_SH,QP,T,AO_2026_2035,2028,29.2946289361545,A,3,2,CWE
DATAFLOW,OECD.TAD.ATM:DSD_AGR@DF_OUTLOOK_2026_2035(1.1),I,VNM,A,CPC_EX_SH,QP,T,AO_2026_2035,2029,30.6039310613421,A,3,2,CWE
DATAFLOW,OECD.TAD.ATM:DSD_AGR@DF_OUTLOOK_2026_2035(1.1),I,VNM,A,CPC_EX_SH,QP,T,AO_2026_2035,2030,32.2065825232949,A,3,2,CWE
DATAFLOW,OECD.TAD.ATM:DSD_AGR@DF_OUTLOOK_2026_2035(1.1),I,VNM,A,CPC_EX_SH,QP,T,AO_2026_2035,2031,33.9162411159703,A,3,2,CWE
DATAFLOW,OECD.TAD.ATM:DSD_AGR@DF_OUTLOOK_2026_2035(1.1),I,VNM,A,CPC_EX_SH,QP,T,AO_2026_2035,2032,35.6416201409858,A,3,2,CWE
DATAFLOW,OECD.TAD.ATM:DSD_AGR@DF_OUTLOOK_2026_2035(1.1),I,VNM,A,CPC_EX_SH,QP,T,AO_2026_2035,2033,37.21231687123569,A,3,2,CWE
DATAFLOW,OECD.TAD.ATM:DSD_AGR@DF_OUTLOOK_2026_2035(1.1),I,VNM,A,CPC_EX_SH,QP,T,AO_2026_2035,2034,38.6843855670434,A,3,2,CWE
DATAFLOW,OECD.TAD.ATM:DSD_AGR@DF_OUTLOOK_2026_2035(1.1),I,VNM,A,CPC_EX_SH,QP,T,AO_2026_2035,2035,40.1182862534891,A,3,2,CWE
DATAFLOW,OECD.TAD.ATM:DSD_AGR@DF_OUTLOOK_2026_2035(1.1),I,VNM,A,CPC_EX_SH,FO,T,AO_2026_2035,2015,9.25843982214611,A,3,2,CWE
DATAFLOW,OECD.TAD.ATM:DSD_AGR@DF_OUTLOOK_2026_2035(1.1),I,VNM,A,CPC_EX_SH,FO,T,AO_2026_2035,2016,9.54112756331085,A,3,2,CWE
DATAFLOW,OECD.TAD.ATM:DSD_AGR@DF_OUTLOOK_2026_2035(1.1),I,VNM,A,CPC_EX_SH,FO,T,AO_2026_2035,2017,11.3749407207945,A,3,2,CWE
DATAFLOW,OECD.TAD.ATM:DSD_AGR@DF_OUTLOOK_2026_2035(1.1),I,VNM,A,CPC_EX_SH,FO,T,AO_2026_2035,2018,12.8263171117083,A,3,2,CWE
DATAFLOW,OECD.TAD.ATM:DSD_AGR@DF_OUTLOOK_2026_2035(1.1),I,VNM,A,CPC_EX_SH,FO,T,AO_2026_2035,2019,14.6097180347837,A,3,2,CWE
DATAFLOW,OECD.TAD.ATM:DSD_AGR@DF_OUTLOOK_2026_2035(1.1),I,VNM,A,CPC_EX_SH,FO,T,AO_2026_2035,2020,14.3815616516462,A,3,2,CWE
DATAFLOW,OECD.TAD.ATM:DSD_AGR@DF_OUTLOOK_2026_2035(1.1),I,VNM,A,CPC_EX_SH,FO,T,AO_2026_2035,2021,14.5868939130216,A,3,2,CWE
DATAFLOW,OECD.TAD.ATM:DSD_AGR@DF_OUTLOOK_2026_2035(1.1),I,VNM,A,CPC_EX_SH,FO,T,AO_2026_2035,2022,15.5344416566644,A,3,2,CWE
DATAFLOW,OECD.TAD.ATM:DSD_AGR@DF_OUTLOOK_2026_2035(1.1),I,VNM,A,CPC_EX_SH,FO,T,AO_2026_2035,2023,16.0543151429164,A,3,2,CWE
DATAFLOW,OECD.TAD.ATM:DSD_AGR@DF_OUTLOOK_2026_2035(1.1),I,VNM,A,CPC_EX_SH,FO,T,AO_2026_2035,2024,16.8452388922012,A,3,2,CWE
DATAFLOW,OECD.TAD.ATM:DSD_AGR@DF_OUTLOOK_2026_2035(1.1),I,VNM,A,CPC_EX_SH,FO,T,AO_2026_2035,2025,17.7030459026844,A,3,2,CWE
DATAFLOW,OECD.TAD.ATM:DSD_AGR@DF_OUTLOOK_2026_2035(1.1),I,VNM,A,CPC_EX_SH,FO,T,AO_2026_2035,2026,18.667725794099,A,3,2,CWE
DATAFLOW,OECD.TAD.ATM:DSD_AGR@DF_OUTLOOK_2026_2035(1.1),I,VNM,A,CPC_EX_SH,FO,T,AO_2026_2035,2027,19.5342793974517,A,3,2,CWE
DATAFLOW,OECD.TAD.ATM:DSD_AGR@DF_OUTLOOK_2026_2035(1.1),I,VNM,A,CPC_EX_SH,FO,T,AO_2026_2035,2028,20.570728827512,A,3,2,CWE
DATAFLOW,OECD.TAD.ATM:DSD_AGR@DF_OUTLOOK_2026_2035(1.1),I,VNM,A,CPC_EX_SH,FO,T,AO_2026_2035,2029,21.5457072030838,A,3,2,CWE
DATAFLOW,OECD.TAD.ATM:DSD_AGR@DF_OUTLOOK_2026_2035(1.1),I,VNM,A,CPC_EX_SH,FO,T,AO_2026_2035,2030,22.4940946757701,A,3,2,CWE
DATAFLOW,OECD.TAD.ATM:DSD_AGR@DF_OUTLOOK_2026_2035(1.1),I,VNM,A,CPC_EX_SH,FO,T,AO_2026_2035,2031,23.2798920011862,A,3,2,CWE
DATAFLOW,OECD.TAD.ATM:DSD_AGR@DF_OUTLOOK_2026_2035(1.1),I,VNM,A,CPC_EX_SH,FO,T,AO_2026_2035,2032,24.1131318923878,A,3,2,CWE
DATAFLOW,OECD.TAD.ATM:DSD_AGR@DF_OUTLOOK_2026_2035(1.1),I,VNM,A,CPC_EX_SH,FO,T,AO_2026_2035,2033,24.952929899384,A,3,2,CWE
DATAFLOW,OECD.TAD.ATM:DSD_AGR@DF_OUTLOOK_2026_2035(1.1),I,VNM,A,CPC_EX_SH,FO,T,AO_2026_2035,2034,25.8134010818618,A,3,2,CWE
DATAFLOW,OECD.TAD.ATM:DSD_AGR@DF_OUTLOOK_2026_2035(1.1),I,VNM,A,CPC_EX_SH,FO,T,AO_2026_2035,2035,26.668640144792,A,3,2,CWE
DATAFLOW,OECD.TAD.ATM:DSD_AGR@DF_OUTLOOK_2026_2035(1.1),I,VNM,A,CPC_EX_SH,QC,T,AO_2026_2035,2015,14.28,A,3,2,CWE
DATAFLOW,OECD.TAD.ATM:DSD_AGR@DF_OUTLOOK_2026_2035(1.1),I,VNM,A,CPC_EX_SH,QC,T,AO_2026_2035,2016,14.71,A,3,2,CWE
DATAFLOW,OECD.TAD.ATM:DSD_AGR@DF_OUTLOOK_2026_2035(1.1),I,VNM,A,CPC_EX_SH,QC,T,AO_2026_2035,2017,17.529,A,3,2,CWE
DATAFLOW,OECD.TAD.ATM:DSD_AGR@DF_OUTLOOK_2026_2035(1.1),I,VNM,A,CPC_EX_SH,QC,T,AO_2026_2035,2018,19.764,A,3,2,CWE
DATAFLOW,OECD.TAD.ATM:DSD_AGR@DF_OUTLOOK_2026_2035(1.1),I,VNM,A,CPC_EX_SH,QC,T,AO_2026_2035,2019,22.558,A,3,2,CWE
DATAFLOW,OECD.TAD.ATM:DSD_AGR@DF_OUTLOOK_2026_2035(1.1),I,VNM,A,CPC_EX_SH,QC,T,AO_2026_2035,2020,22.198,A,3,2,CWE
DATAFLOW,OECD.TAD.ATM:DSD_AGR@DF_OUTLOOK_2026_2035(1.1),I,VNM,A,CPC_EX_SH,QC,T,AO_2026_2035,2021,22.493,A,3,2,CWE
DATAFLOW,OECD.TAD.ATM:DSD_AGR@DF_OUTLOOK_2026_2035(1.1),I,VNM,A,CPC_EX_SH,QC,T,AO_2026_2035,2022,23.946,A,3,2,CWE
DATAFLOW,OECD.TAD.ATM:DSD_AGR@DF_OUTLOOK_2026_2035(1.1),I,VNM,A,CPC_EX_SH,QC,T,AO_2026_2035,2023,24.744,A,3,2,CWE
DATAFLOW,OECD.TAD.ATM:DSD_AGR@DF_OUTLOOK_2026_2035(1.1),I,VNM,A,CPC_EX_SH,QC,T,AO_2026_2035,2024,25.959,A,3,2,CWE
DATAFLOW,OECD.TAD.ATM:DSD_AGR@DF_OUTLOOK_2026_2035(1.1),I,VNM,A,CPC_EX_SH,QC,T,AO_2026_2035,2025,27.277,A,3,2,CWE
DATAFLOW,OECD.TAD.ATM:DSD_AGR@DF_OUTLOOK_2026_2035(1.1),I,VNM,A,CPC_EX_SH,QC,T,AO_2026_2035,2026,28.7633828717615,A,3,2,CWE
DATAFLOW,OECD.TAD.ATM:DSD_AGR@DF_OUTLOOK_2026_2035(1.1),I,VNM,A,CPC_EX_SH,QC,T,AO_2026_2035,2027,30.0985960959376,A,3,2,CWE
DATAFLOW,OECD.TAD.ATM:DSD_AGR@DF_OUTLOOK_2026_2035(1.1),I,VNM,A,CPC_EX_SH,QC,T,AO_2026_2035,2028,31.6955851391216,A,3,2,CWE
DATAFLOW,OECD.TAD.ATM:DSD_AGR@DF_OUTLOOK_2026_2035(1.1),I,VNM,A,CPC_EX_SH,QC,T,AO_2026_2035,2029,33.1978691994766,A,3,2,CWE
DATAFLOW,OECD.TAD.ATM:DSD_AGR@DF_OUTLOOK_2026_2035(1.1),I,VNM,A,CPC_EX_SH,QC,T,AO_2026_2035,2030,34.6591827052655,A,3,2,CWE
DATAFLOW,OECD.TAD.ATM:DSD_AGR@DF_OUTLOOK_2026_2035(1.1),I,VNM,A,CPC_EX_SH,QC,T,AO_2026_2035,2031,35.869974829612,A,3,2,CWE
DATAFLOW,OECD.TAD.ATM:DSD_AGR@DF_OUTLOOK_2026_2035(1.1),I,VNM,A,CPC_EX_SH,QC,T,AO_2026_2035,2032,37.1538691449164,A,3,2,CWE
DATAFLOW,OECD.TAD.ATM:DSD_AGR@DF_OUTLOOK_2026_2035(1.1),I,VNM,A,CPC_EX_SH,QC,T,AO_2026_2035,2033,38.447865985964896,A,3,2,CWE
DATAFLOW,OECD.TAD.ATM:DSD_AGR@DF_OUTLOOK_2026_2035(1.1),I,VNM,A,CPC_EX_SH,QC,T,AO_2026_2035,2034,39.773715221808494,A,3,2,CWE
DATAFLOW,OECD.TAD.ATM:DSD_AGR@DF_OUTLOOK_2026_2035(1.1),I,VNM,A,CPC_EX_SH,QC,T,AO_2026_2035,2035,41.0915003010368,A,3,2,CWE
DATAFLOW,OECD.TAD.ATM:DSD_AGR@DF_OUTLOOK_2026_2035(1.1),I,VNM,A,CPC_EX_SH,EX,T,AO_2026_2035,2016,9E-05,A,3,2,CWE
DATAFLOW,OECD.TAD.ATM:DSD_AGR@DF_OUTLOOK_2026_2035(1.1),I,VNM,A,CPC_EX_BV,EX,T,AO_2026_2035,2015,3.93198,A,3,2,CWE
DATAFLOW,OECD.TAD.ATM:DSD_AGR@DF_OUTLOOK_2026_2035(1.1),I,VNM,A,CPC_EX_BV,EX,T,AO_2026_2035,2016,2.351464,A,3,2,CWE
DATAFLOW,OECD.TAD.ATM:DSD_AGR@DF_OUTLOOK_2026_2035(1.1),I,VNM,A,CPC_EX_BV,EX,T,AO_2026_2035,2017,1.664212,A,3,2,CWE
DATAFLOW,OECD.TAD.ATM:DSD_AGR@DF_OUTLOOK_2026_2035(1.1),I,VNM,A,CPC_EX_BV,EX,T,AO_2026_2035,2018,1.065168,A,3,2,CWE
DATAFLOW,OECD.TAD.ATM:DSD_AGR@DF_OUTLOOK_2026_2035(1.1),I,VNM,A,CPC_EX_BV,EX,T,AO_2026_2035,2019,2.93,A,3,2,CWE
DATAFLOW,OECD.TAD.ATM:DSD_AGR@DF_OUTLOOK_2026_2035(1.1),I,VNM,A,CPC_EX_BV,EX,T,AO_2026_2035,2020,1.602,A,3,2,CWE
DATAFLOW,OECD.TAD.ATM:DSD_AGR@DF_OUTLOOK_2026_2035(1.1),I,VNM,A,CPC_EX_BV,EX,T,AO_2026_2035,2021,2.163,A,3,2,CWE
DATAFLOW,OECD.TAD.ATM:DSD_AGR@DF_OUTLOOK_2026_2035(1.1),I,VNM,A,CPC_EX_BV,EX,T,AO_2026_2035,2022,0.527605,A,3,2,CWE
DATAFLOW,OECD.TAD.ATM:DSD_AGR@DF_OUTLOOK_2026_2035(1.1),I,VNM,A,CPC_EX_BV,EX,T,AO_2026_2035,2023,0.853304,A,3,2,CWE
DATAFLOW,OECD.TAD.ATM:DSD_AGR@DF_OUTLOOK_2026_2035(1.1),I,VNM,A,CPC_EX_BV,EX,T,AO_2026_2035,2024,0.403312,A,3,2,CWE
DATAFLOW,OECD.TAD.ATM:DSD_AGR@DF_OUTLOOK_2026_2035(1.1),I,VNM,A,CPC_EX_BV,EX,T,AO_2026_2035,2025,0.340320826921749,A,3,2,CWE
DATAFLOW,OECD.TAD.ATM:DSD_AGR@DF_OUTLOOK_2026_2035(1.1),I,VNM,A,CPC_EX_BV,EX,T,AO_2026_2035,2026,0.33917160256072,A,3,2,CWE
DATAFLOW,OECD.TAD.ATM:DSD_AGR@DF_OUTLOOK_2026_2035(1.1),I,VNM,A,CPC_EX_BV,EX,T,AO_2026_2035,2027,0.33775393696293,A,3,2,CWE
DATAFLOW,OECD.TAD.ATM:DSD_AGR@DF_OUTLOOK_2026_2035(1.1),I,VNM,A,CPC_EX_BV,EX,T,AO_2026_2035,2028,0.33621733263876,A,3,2,CWE
DATAFLOW,OECD.TAD.ATM:DSD_AGR@DF_OUTLOOK_2026_2035(1.1),I,VNM,A,CPC_EX_BV,EX,T,AO_2026_2035,2029,0.335136968749719,A,3,2,CWE
DATAFLOW,OECD.TAD.ATM:DSD_AGR@DF_OUTLOOK_2026_2035(1.1),I,VNM,A,CPC_EX_BV,EX,T,AO_2026_2035,2030,0.334249417907143,A,3,2,CWE
DATAFLOW,OECD.TAD.ATM:DSD_AGR@DF_OUTLOOK_2026_2035(1.1),I,VNM,A,CPC_EX_BV,EX,T,AO_2026_2035,2031,0.333561498544395,A,3,2,CWE
DATAFLOW,OECD.TAD.ATM:DSD_AGR@DF_OUTLOOK_2026_2035(1.1),I,VNM,A,CPC_EX_BV,EX,T,AO_2026_2035,2032,0.33333791836955,A,3,2,CWE
DATAFLOW,OECD.TAD.ATM:DSD_AGR@DF_OUTLOOK_2026_2035(1.1),I,VNM,A,CPC_EX_BV,EX,T,AO_2026_2035,2033,0.3333455782247,A,3,2,CWE
DATAFLOW,OECD.TAD.ATM:DSD_AGR@DF_OUTLOOK_2026_2035(1.1),I,VNM,A,CPC_EX_BV,EX,T,AO_2026_2035,2034,0.333414854278159,A,3,2,CWE
DATAFLOW,OECD.TAD.ATM:DSD_AGR@DF_OUTLOOK_2026_2035(1.1),I,VNM,A,CPC_EX_BV,EX,T,AO_2026_2035,2035,0.333476185310579,A,3,2,CWE
DATAFLOW,OECD.TAD.ATM:DSD_AGR@DF_OUTLOOK_2026_2035(1.1),I,VNM,A,CPC_EX_BV,QP,T,AO_2026_2035,2015,180.580498,A,3,2,CWE
DATAFLOW,OECD.TAD.ATM:DSD_AGR@DF_OUTLOOK_2026_2035(1.1),I,VNM,A,CPC_EX_BV,QP,T,AO_2026_2035,2016,197.251582,A,3,2,CWE
DATAFLOW,OECD.TAD.ATM:DSD_AGR@DF_OUTLOOK_2026_2035(1.1),I,VNM,A,CPC_EX_BV,QP,T,AO_2026_2035,2017,222.386355,A,3,2,CWE
DATAFLOW,OECD.TAD.ATM:DSD_AGR@DF_OUTLOOK_2026_2035(1.1),I,VNM,A,CPC_EX_BV,QP,T,AO_2026_2035,2018,235.656288,A,3,2,CWE
DATAFLOW,OECD.TAD.ATM:DSD_AGR@DF_OUTLOOK_2026_2035(1.1),I,VNM,A,CPC_EX_BV,QP,T,AO_2026_2035,2019,206.262712,A,3,2,CWE
DATAFLOW,OECD.TAD.ATM:DSD_AGR@DF_OUTLOOK_2026_2035(1.1),I,VNM,A,CPC_EX_BV,QP,T,AO_2026_2035,2020,209.696022,A,3,2,CWE
DATAFLOW,OECD.TAD.ATM:DSD_AGR@DF_OUTLOOK_2026_2035(1.1),I,VNM,A,CPC_EX_BV,QP,T,AO_2026_2035,2021,261.718768,A,3,2,CWE
DATAFLOW,OECD.TAD.ATM:DSD_AGR@DF_OUTLOOK_2026_2035(1.1),I,VNM,A,CPC_EX_BV,QP,T,AO_2026_2035,2022,301.090605,A,3,2,CWE
DATAFLOW,OECD.TAD.ATM:DSD_AGR@DF_OUTLOOK_2026_2035(1.1),I,VNM,A,CPC_EX_BV,QP,T,AO_2026_2035,2023,317.93984,A,3,2,CWE
DATAFLOW,OECD.TAD.ATM:DSD_AGR@DF_OUTLOOK_2026_2035(1.1),I,VNM,A,CPC_EX_BV,QP,T,AO_2026_2035,2024,320.13422376,A,3,2,CWE
DATAFLOW,OECD.TAD.ATM:DSD_AGR@DF_OUTLOOK_2026_2035(1.1),I,VNM,A,CPC_EX_BV,QP,T,AO_2026_2035,2025,321.472249177097,A,3,2,CWE
DATAFLOW,OECD.TAD.ATM:DSD_AGR@DF_OUTLOOK_2026_2035(1.1),I,VNM,A,CPC_EX_BV,QP,T,AO_2026_2035,2026,324.153735842193,A,3,2,CWE
DATAFLOW,OECD.TAD.ATM:DSD_AGR@DF_OUTLOOK_2026_2035(1.1),I,VNM,A,CPC_EX_BV,QP,T,AO_2026_2035,2027,323.444912043943,A,3,2,CWE
DATAFLOW,OECD.TAD.ATM:DSD_AGR@DF_OUTLOOK_2026_2035(1.1),I,VNM,A,CPC_EX_BV,QP,T,AO_2026_2035,2028,320.966431935802,A,3,2,CWE
DATAFLOW,OECD.TAD.ATM:DSD_AGR@DF_OUTLOOK_2026_2035(1.1),I,VNM,A,CPC_EX_BV,QP,T,AO_2026_2035,2029,318.998020693877,A,3,2,CWE
DATAFLOW,OECD.TAD.ATM:DSD_AGR@DF_OUTLOOK_2026_2035(1.1),I,VNM,A,CPC_EX_BV,QP,T,AO_2026_2035,2030,320.485835473713,A,3,2,CWE
DATAFLOW,OECD.TAD.ATM:DSD_AGR@DF_OUTLOOK_2026_2035(1.1),I,VNM,A,CPC_EX_BV,QP,T,AO_2026_2035,2031,323.839697502316,A,3,2,CWE
DATAFLOW,OECD.TAD.ATM:DSD_AGR@DF_OUTLOOK_2026_2035(1.1),I,VNM,A,CPC_EX_BV,QP,T,AO_2026_2035,2032,334.004577234562,A,3,2,CWE
DATAFLOW,OECD.TAD.ATM:DSD_AGR@DF_OUTLOOK_2026_2035(1.1),I,VNM,A,CPC_EX_BV,QP,T,AO_2026_2035,2033,346.373059741822,A,3,2,CWE
DATAFLOW,OECD.TAD.ATM:DSD_AGR@DF_OUTLOOK_2026_2035(1.1),I,VNM,A,CPC_EX_BV,QP,T,AO_2026_2035,2034,359.427254964094,A,3,2,CWE
DATAFLOW,OECD.TAD.ATM:DSD_AGR@DF_OUTLOOK_2026_2035(1.1),I,VNM,A,CPC_EX_BV,QP,T,AO_2026_2035,2035,372.43746024661294,A,3,2,CWE
DATAFLOW,OECD.TAD.ATM:DSD_AGR@DF_OUTLOOK_2026_2035(1.1),I,VNM,A,CPC_EX_BV,IM,T,AO_2026_2035,2015,999.871482,A,3,2,CWE
DATAFLOW,OECD.TAD.ATM:DSD_AGR@DF_OUTLOOK_2026_2035(1.1),I,VNM,A,CPC_EX_BV,IM,T,AO_2026_2035,2016,972.149882,A,3,2,CWE
DATAFLOW,OECD.TAD.ATM:DSD_AGR@DF_OUTLOOK_2026_2035(1.1),I,VNM,A,CPC_EX_BV,IM,T,AO_2026_2035,2017,1094.657857,A,3,2,CWE
DATAFLOW,OECD.TAD.ATM:DSD_AGR@DF_OUTLOOK_2026_2035(1.1),I,VNM,A,CPC_EX_BV,IM,T,AO_2026_2035,2018,865.58888,A,3,2,CWE
DATAFLOW,OECD.TAD.ATM:DSD_AGR@DF_OUTLOOK_2026_2035(1.1),I,VNM,A,CPC_EX_BV,IM,T,AO_2026_2035,2019,853.317288,A,3,2,CWE
DATAFLOW,OECD.TAD.ATM:DSD_AGR@DF_OUTLOOK_2026_2035(1.1),I,VNM,A,CPC_EX_BV,IM,T,AO_2026_2035,2020,326.003978,A,3,2,CWE
DATAFLOW,OECD.TAD.ATM:DSD_AGR@DF_OUTLOOK_2026_2035(1.1),I,VNM,A,CPC_EX_BV,IM,T,AO_2026_2035,2021,292.329232,A,3,2,CWE
DATAFLOW,OECD.TAD.ATM:DSD_AGR@DF_OUTLOOK_2026_2035(1.1),I,VNM,A,CPC_EX_BV,IM,T,AO_2026_2035,2022,288.064,A,3,2,CWE
DATAFLOW,OECD.TAD.ATM:DSD_AGR@DF_OUTLOOK_2026_2035(1.1),I,VNM,A,CPC_EX_BV,IM,T,AO_2026_2035,2023,303.719464,A,3,2,CWE
DATAFLOW,OECD.TAD.ATM:DSD_AGR@DF_OUTLOOK_2026_2035(1.1),I,VNM,A,CPC_EX_BV,IM,T,AO_2026_2035,2024,307.60308824,A,3,2,CWE
DATAFLOW,OECD.TAD.ATM:DSD_AGR@DF_OUTLOOK_2026_2035(1.1),I,VNM,A,CPC_EX_BV,IM,T,AO_2026_2035,2025,294.328071649824,A,3,2,CWE
DATAFLOW,OECD.TAD.ATM:DSD_AGR@DF_OUTLOOK_2026_2035(1.1),I,VNM,A,CPC_EX_BV,IM,T,AO_2026_2035,2026,305.854298452484,A,3,2,CWE
DATAFLOW,OECD.TAD.ATM:DSD_AGR@DF_OUTLOOK_2026_2035(1.1),I,VNM,A,CPC_EX_BV,IM,T,AO_2026_2035,2027,320.797075386569,A,3,2,CWE
DATAFLOW,OECD.TAD.ATM:DSD_AGR@DF_OUTLOOK_2026_2035(1.1),I,VNM,A,CPC_EX_BV,IM,T,AO_2026_2035,2028,337.950055825491,A,3,2,CWE
DATAFLOW,OECD.TAD.ATM:DSD_AGR@DF_OUTLOOK_2026_2035(1.1),I,VNM,A,CPC_EX_BV,IM,T,AO_2026_2035,2029,350.640279478197,A,3,2,CWE
DATAFLOW,OECD.TAD.ATM:DSD_AGR@DF_OUTLOOK_2026_2035(1.1),I,VNM,A,CPC_EX_BV,IM,T,AO_2026_2035,2030,361.474551430577,A,3,2,CWE
DATAFLOW,OECD.TAD.ATM:DSD_AGR@DF_OUTLOOK_2026_2035(1.1),I,VNM,A,CPC_EX_BV,IM,T,AO_2026_2035,2031,370.13528324162303,A,3,2,CWE
DATAFLOW,OECD.TAD.ATM:DSD_AGR@DF_OUTLOOK_2026_2035(1.1),I,VNM,A,CPC_EX_BV,IM,T,AO_2026_2035,2032,373.00088804276896,A,3,2,CWE
DATAFLOW,OECD.TAD.ATM:DSD_AGR@DF_OUTLOOK_2026_2035(1.1),I,VNM,A,CPC_EX_BV,IM,T,AO_2026_2035,2033,372.902295001778,A,3,2,CWE
DATAFLOW,OECD.TAD.ATM:DSD_AGR@DF_OUTLOOK_2026_2035(1.1),I,VNM,A,CPC_EX_BV,IM,T,AO_2026_2035,2034,372.011963380584,A,3,2,CWE
DATAFLOW,OECD.TAD.ATM:DSD_AGR@DF_OUTLOOK_2026_2035(1.1),I,VNM,A,CPC_EX_BV,IM,T,AO_2026_2035,2035,371.225762676552,A,3,2,CWE
DATAFLOW,OECD.TAD.ATM:DSD_AGR@DF_OUTLOOK_2026_2035(1.1),I,VNM,A,CPC_EX_BV,FO,T,AO_2026_2035,2015,774.354420794011,A,3,2,CWE
DATAFLOW,OECD.TAD.ATM:DSD_AGR@DF_OUTLOOK_2026_2035(1.1),I,VNM,A,CPC_EX_BV,FO,T,AO_2026_2035,2016,768.435393182383,A,3,2,CWE
DATAFLOW,OECD.TAD.ATM:DSD_AGR@DF_OUTLOOK_2026_2035(1.1),I,VNM,A,CPC_EX_BV,FO,T,AO_2026_2035,2017,866.5110442058391,A,3,2,CWE
DATAFLOW,OECD.TAD.ATM:DSD_AGR@DF_OUTLOOK_2026_2035(1.1),I,VNM,A,CPC_EX_BV,FO,T,AO_2026_2035,2018,724.80593466332,A,3,2,CWE
DATAFLOW,OECD.TAD.ATM:DSD_AGR@DF_OUTLOOK_2026_2035(1.1),I,VNM,A,CPC_EX_BV,FO,T,AO_2026_2035,2019,694.7095457752209,A,3,2,CWE
DATAFLOW,OECD.TAD.ATM:DSD_AGR@DF_OUTLOOK_2026_2035(1.1),I,VNM,A,CPC_EX_BV,FO,T,AO_2026_2035,2020,351.272392889888,A,3,2,CWE
DATAFLOW,OECD.TAD.ATM:DSD_AGR@DF_OUTLOOK_2026_2035(1.1),I,VNM,A,CPC_EX_BV,FO,T,AO_2026_2035,2021,363.32467909988895,A,3,2,CWE
DATAFLOW,OECD.TAD.ATM:DSD_AGR@DF_OUTLOOK_2026_2035(1.1),I,VNM,A,CPC_EX_BV,FO,T,AO_2026_2035,2022,387.644580271206,A,3,2,CWE
DATAFLOW,OECD.TAD.ATM:DSD_AGR@DF_OUTLOOK_2026_2035(1.1),I,VNM,A,CPC_EX_BV,FO,T,AO_2026_2035,2023,408.892033920126,A,3,2,CWE
DATAFLOW,OECD.TAD.ATM:DSD_AGR@DF_OUTLOOK_2026_2035(1.1),I,VNM,A,CPC_EX_BV,FO,T,AO_2026_2035,2024,413.255753757622,A,3,2,CWE
DATAFLOW,OECD.TAD.ATM:DSD_AGR@DF_OUTLOOK_2026_2035(1.1),I,VNM,A,CPC_EX_BV,FO,T,AO_2026_2035,2025,405.491814224011,A,3,2,CWE
DATAFLOW,OECD.TAD.ATM:DSD_AGR@DF_OUTLOOK_2026_2035(1.1),I,VNM,A,CPC_EX_BV,FO,T,AO_2026_2035,2026,414.853273120788,A,3,2,CWE
DATAFLOW,OECD.TAD.ATM:DSD_AGR@DF_OUTLOOK_2026_2035(1.1),I,VNM,A,CPC_EX_BV,FO,T,AO_2026_2035,2027,424.23175108641294,A,3,2,CWE
DATAFLOW,OECD.TAD.ATM:DSD_AGR@DF_OUTLOOK_2026_2035(1.1),I,VNM,A,CPC_EX_BV,FO,T,AO_2026_2035,2028,433.900409759722,A,3,2,CWE
DATAFLOW,OECD.TAD.ATM:DSD_AGR@DF_OUTLOOK_2026_2035(1.1),I,VNM,A,CPC_EX_BV,FO,T,AO_2026_2035,2029,440.964442619524,A,3,2,CWE
DATAFLOW,OECD.TAD.ATM:DSD_AGR@DF_OUTLOOK_2026_2035(1.1),I,VNM,A,CPC_EX_BV,FO,T,AO_2026_2035,2030,449.08277529764496,A,3,2,CWE
DATAFLOW,OECD.TAD.ATM:DSD_AGR@DF_OUTLOOK_2026_2035(1.1),I,VNM,A,CPC_EX_BV,FO,T,AO_2026_2035,2031,456.99845488685696,A,3,2,CWE
DATAFLOW,OECD.TAD.ATM:DSD_AGR@DF_OUTLOOK_2026_2035(1.1),I,VNM,A,CPC_EX_BV,FO,T,AO_2026_2035,2032,465.58343384668495,A,3,2,CWE
DATAFLOW,OECD.TAD.ATM:DSD_AGR@DF_OUTLOOK_2026_2035(1.1),I,VNM,A,CPC_EX_BV,FO,T,AO_2026_2035,2033,473.66718636032897,A,3,2,CWE
DATAFLOW,OECD.TAD.ATM:DSD_AGR@DF_OUTLOOK_2026_2035(1.1),I,VNM,A,CPC_EX_BV,FO,T,AO_2026_2035,2034,481.681049782131,A,3,2,CWE
DATAFLOW,OECD.TAD.ATM:DSD_AGR@DF_OUTLOOK_2026_2035(1.1),I,VNM,A,CPC_EX_BV,FO,T,AO_2026_2035,2035,489.734553298644,A,3,2,CWE
DATAFLOW,OECD.TAD.ATM:DSD_AGR@DF_OUTLOOK_2026_2035(1.1),I,VNM,A,CPC_EX_BV,QC,T,AO_2026_2035,2015,1176.52,A,3,2,CWE
DATAFLOW,OECD.TAD.ATM:DSD_AGR@DF_OUTLOOK_2026_2035(1.1),I,VNM,A,CPC_EX_BV,QC,T,AO_2026_2035,2016,1167.05,A,3,2,CWE
DATAFLOW,OECD.TAD.ATM:DSD_AGR@DF_OUTLOOK_2026_2035(1.1),I,VNM,A,CPC_EX_BV,QC,T,AO_2026_2035,2017,1315.38,A,3,2,CWE
DATAFLOW,OECD.TAD.ATM:DSD_AGR@DF_OUTLOOK_2026_2035(1.1),I,VNM,A,CPC_EX_BV,QC,T,AO_2026_2035,2018,1100.18,A,3,2,CWE
DATAFLOW,OECD.TAD.ATM:DSD_AGR@DF_OUTLOOK_2026_2035(1.1),I,VNM,A,CPC_EX_BV,QC,T,AO_2026_2035,2019,1056.65,A,3,2,CWE
DATAFLOW,OECD.TAD.ATM:DSD_AGR@DF_OUTLOOK_2026_2035(1.1),I,VNM,A,CPC_EX_BV,QC,T,AO_2026_2035,2020,534.098,A,3,2,CWE
DATAFLOW,OECD.TAD.ATM:DSD_AGR@DF_OUTLOOK_2026_2035(1.1),I,VNM,A,CPC_EX_BV,QC,T,AO_2026_2035,2021,551.885,A,3,2,CWE
DATAFLOW,OECD.TAD.ATM:DSD_AGR@DF_OUTLOOK_2026_2035(1.1),I,VNM,A,CPC_EX_BV,QC,T,AO_2026_2035,2022,588.627,A,3,2,CWE
DATAFLOW,OECD.TAD.ATM:DSD_AGR@DF_OUTLOOK_2026_2035(1.1),I,VNM,A,CPC_EX_BV,QC,T,AO_2026_2035,2023,620.806,A,3,2,CWE
DATAFLOW,OECD.TAD.ATM:DSD_AGR@DF_OUTLOOK_2026_2035(1.1),I,VNM,A,CPC_EX_BV,QC,T,AO_2026_2035,2024,627.334,A,3,2,CWE
DATAFLOW,OECD.TAD.ATM:DSD_AGR@DF_OUTLOOK_2026_2035(1.1),I,VNM,A,CPC_EX_BV,QC,T,AO_2026_2035,2025,615.46,A,3,2,CWE
DATAFLOW,OECD.TAD.ATM:DSD_AGR@DF_OUTLOOK_2026_2035(1.1),I,VNM,A,CPC_EX_BV,QC,T,AO_2026_2035,2026,629.668858622106,A,3,2,CWE
DATAFLOW,OECD.TAD.ATM:DSD_AGR@DF_OUTLOOK_2026_2035(1.1),I,VNM,A,CPC_EX_BV,QC,T,AO_2026_2035,2027,643.904222935276,A,3,2,CWE
DATAFLOW,OECD.TAD.ATM:DSD_AGR@DF_OUTLOOK_2026_2035(1.1),I,VNM,A,CPC_EX_BV,QC,T,AO_2026_2035,2028,658.580260413209,A,3,2,CWE
DATAFLOW,OECD.TAD.ATM:DSD_AGR@DF_OUTLOOK_2026_2035(1.1),I,VNM,A,CPC_EX_BV,QC,T,AO_2026_2035,2029,669.30315718587,A,3,2,CWE
DATAFLOW,OECD.TAD.ATM:DSD_AGR@DF_OUTLOOK_2026_2035(1.1),I,VNM,A,CPC_EX_BV,QC,T,AO_2026_2035,2030,681.626135021359,A,3,2,CWE
DATAFLOW,OECD.TAD.ATM:DSD_AGR@DF_OUTLOOK_2026_2035(1.1),I,VNM,A,CPC_EX_BV,QC,T,AO_2026_2035,2031,693.641417590238,A,3,2,CWE
DATAFLOW,OECD.TAD.ATM:DSD_AGR@DF_OUTLOOK_2026_2035(1.1),I,VNM,A,CPC_EX_BV,QC,T,AO_2026_2035,2032,706.672128843898,A,3,2,CWE
DATAFLOW,OECD.TAD.ATM:DSD_AGR@DF_OUTLOOK_2026_2035(1.1),I,VNM,A,CPC_EX_BV,QC,T,AO_2026_2035,2033,718.942009310496,A,3,2,CWE
DATAFLOW,OECD.TAD.ATM:DSD_AGR@DF_OUTLOOK_2026_2035(1.1),I,VNM,A,CPC_EX_BV,QC,T,AO_2026_2035,2034,731.105802455029,A,3,2,CWE
DATAFLOW,OECD.TAD.ATM:DSD_AGR@DF_OUTLOOK_2026_2035(1.1),I,VNM,A,CPC_EX_BV,QC,T,AO_2026_2035,2035,743.329744492124,A,3,2,CWE
DATAFLOW,OECD.TAD.ATM:DSD_AGR@DF_OUTLOOK_2026_2035(1.1),I,VNM,A,CPC_EX_PK,EX,T,AO_2026_2035,2015,35.474392,A,3,2,CWE
DATAFLOW,OECD.TAD.ATM:DSD_AGR@DF_OUTLOOK_2026_2035(1.1),I,VNM,A,CPC_EX_PK,EX,T,AO_2026_2035,2016,145.734032,A,3,2,CWE
DATAFLOW,OECD.TAD.ATM:DSD_AGR@DF_OUTLOOK_2026_2035(1.1),I,VNM,A,CPC_EX_PK,EX,T,AO_2026_2035,2017,39.432216,A,3,2,CWE
DATAFLOW,OECD.TAD.ATM:DSD_AGR@DF_OUTLOOK_2026_2035(1.1),I,VNM,A,CPC_EX_PK,EX,T,AO_2026_2035,2018,19.411676,A,3,2,CWE
DATAFLOW,OECD.TAD.ATM:DSD_AGR@DF_OUTLOOK_2026_2035(1.1),I,VNM,A,CPC_EX_PK,EX,T,AO_2026_2035,2019,14.423927,A,3,2,CWE
DATAFLOW,OECD.TAD.ATM:DSD_AGR@DF_OUTLOOK_2026_2035(1.1),I,VNM,A,CPC_EX_PK,EX,T,AO_2026_2035,2020,5.492,A,3,2,CWE
DATAFLOW,OECD.TAD.ATM:DSD_AGR@DF_OUTLOOK_2026_2035(1.1),I,VNM,A,CPC_EX_PK,EX,T,AO_2026_2035,2021,5.155,A,3,2,CWE
DATAFLOW,OECD.TAD.ATM:DSD_AGR@DF_OUTLOOK_2026_2035(1.1),I,VNM,A,CPC_EX_PK,EX,T,AO_2026_2035,2022,5.857845,A,3,2,CWE
DATAFLOW,OECD.TAD.ATM:DSD_AGR@DF_OUTLOOK_2026_2035(1.1),I,VNM,A,CPC_EX_PK,EX,T,AO_2026_2035,2023,6.585,A,3,2,CWE
DATAFLOW,OECD.TAD.ATM:DSD_AGR@DF_OUTLOOK_2026_2035(1.1),I,VNM,A,CPC_EX_PK,EX,T,AO_2026_2035,2024,6.657,A,3,2,CWE
DATAFLOW,OECD.TAD.ATM:DSD_AGR@DF_OUTLOOK_2026_2035(1.1),I,VNM,A,CPC_EX_PK,EX,T,AO_2026_2035,2025,6.41,A,3,2,CWE
DATAFLOW,OECD.TAD.ATM:DSD_AGR@DF_OUTLOOK_2026_2035(1.1),I,VNM,A,CPC_EX_PK,EX,T,AO_2026_2035,2026,6.1124584034501,A,3,2,CWE
DATAFLOW,OECD.TAD.ATM:DSD_AGR@DF_OUTLOOK_2026_2035(1.1),I,VNM,A,CPC_EX_PK,EX,T,AO_2026_2035,2027,5.998758566249,A,3,2,CWE
DATAFLOW,OECD.TAD.ATM:DSD_AGR@DF_OUTLOOK_2026_2035(1.1),I,VNM,A,CPC_EX_PK,EX,T,AO_2026_2035,2028,5.8943399629179,A,3,2,CWE
DATAFLOW,OECD.TAD.ATM:DSD_AGR@DF_OUTLOOK_2026_2035(1.1),I,VNM,A,CPC_EX_PK,EX,T,AO_2026_2035,2029,5.877166056987,A,3,2,CWE
DATAFLOW,OECD.TAD.ATM:DSD_AGR@DF_OUTLOOK_2026_2035(1.1),I,VNM,A,CPC_EX_PK,EX,T,AO_2026_2035,2030,5.866375869544471,A,3,2,CWE
DATAFLOW,OECD.TAD.ATM:DSD_AGR@DF_OUTLOOK_2026_2035(1.1),I,VNM,A,CPC_EX_PK,EX,T,AO_2026_2035,2031,5.92944317065629,A,3,2,CWE
DATAFLOW,OECD.TAD.ATM:DSD_AGR@DF_OUTLOOK_2026_2035(1.1),I,VNM,A,CPC_EX_PK,EX,T,AO_2026_2035,2032,6.11516926468252,A,3,2,CWE
DATAFLOW,OECD.TAD.ATM:DSD_AGR@DF_OUTLOOK_2026_2035(1.1),I,VNM,A,CPC_EX_PK,EX,T,AO_2026_2035,2033,6.12768508005249,A,3,2,CWE
DATAFLOW,OECD.TAD.ATM:DSD_AGR@DF_OUTLOOK_2026_2035(1.1),I,VNM,A,CPC_EX_PK,EX,T,AO_2026_2035,2034,6.14191710335307,A,3,2,CWE
DATAFLOW,OECD.TAD.ATM:DSD_AGR@DF_OUTLOOK_2026_2035(1.1),I,VNM,A,CPC_EX_PK,EX,T,AO_2026_2035,2035,6.12995986116382,A,3,2,CWE
DATAFLOW,OECD.TAD.ATM:DSD_AGR@DF_OUTLOOK_2026_2035(1.1),I,VNM,A,CPC_EX_PK,IM,T,AO_2026_2035,2015,104.385712,A,3,2,CWE
DATAFLOW,OECD.TAD.ATM:DSD_AGR@DF_OUTLOOK_2026_2035(1.1),I,VNM,A,CPC_EX_PK,IM,T,AO_2026_2035,2016,55.832656,A,3,2,CWE
DATAFLOW,OECD.TAD.ATM:DSD_AGR@DF_OUTLOOK_2026_2035(1.1),I,VNM,A,CPC_EX_PK,IM,T,AO_2026_2035,2017,33.091864,A,3,2,CWE
DATAFLOW,OECD.TAD.ATM:DSD_AGR@DF_OUTLOOK_2026_2035(1.1),I,VNM,A,CPC_EX_PK,IM,T,AO_2026_2035,2018,76.774974,A,3,2,CWE
DATAFLOW,OECD.TAD.ATM:DSD_AGR@DF_OUTLOOK_2026_2035(1.1),I,VNM,A,CPC_EX_PK,IM,T,AO_2026_2035,2019,73.335774,A,3,2,CWE
DATAFLOW,OECD.TAD.ATM:DSD_AGR@DF_OUTLOOK_2026_2035(1.1),I,VNM,A,CPC_EX_PK,IM,T,AO_2026_2035,2020,171.66154,A,3,2,CWE
DATAFLOW,OECD.TAD.ATM:DSD_AGR@DF_OUTLOOK_2026_2035(1.1),I,VNM,A,CPC_EX_PK,IM,T,AO_2026_2035,2021,194.861331,A,3,2,CWE
DATAFLOW,OECD.TAD.ATM:DSD_AGR@DF_OUTLOOK_2026_2035(1.1),I,VNM,A,CPC_EX_PK,IM,T,AO_2026_2035,2022,163.72807,A,3,2,CWE
DATAFLOW,OECD.TAD.ATM:DSD_AGR@DF_OUTLOOK_2026_2035(1.1),I,VNM,A,CPC_EX_PK,IM,T,AO_2026_2035,2023,146.906496,A,3,2,CWE
DATAFLOW,OECD.TAD.ATM:DSD_AGR@DF_OUTLOOK_2026_2035(1.1),I,VNM,A,CPC_EX_PK,IM,T,AO_2026_2035,2024,140.02512256,A,3,2,CWE
DATAFLOW,OECD.TAD.ATM:DSD_AGR@DF_OUTLOOK_2026_2035(1.1),I,VNM,A,CPC_EX_PK,IM,T,AO_2026_2035,2025,164.511702023704,A,3,2,CWE
DATAFLOW,OECD.TAD.ATM:DSD_AGR@DF_OUTLOOK_2026_2035(1.1),I,VNM,A,CPC_EX_PK,IM,T,AO_2026_2035,2026,256.484029412141,A,3,2,CWE
DATAFLOW,OECD.TAD.ATM:DSD_AGR@DF_OUTLOOK_2026_2035(1.1),I,VNM,A,CPC_EX_PK,IM,T,AO_2026_2035,2027,274.253390938743,A,3,2,CWE
DATAFLOW,OECD.TAD.ATM:DSD_AGR@DF_OUTLOOK_2026_2035(1.1),I,VNM,A,CPC_EX_PK,IM,T,AO_2026_2035,2028,274.129326872314,A,3,2,CWE
DATAFLOW,OECD.TAD.ATM:DSD_AGR@DF_OUTLOOK_2026_2035(1.1),I,VNM,A,CPC_EX_PK,IM,T,AO_2026_2035,2029,274.94695178257,A,3,2,CWE
DATAFLOW,OECD.TAD.ATM:DSD_AGR@DF_OUTLOOK_2026_2035(1.1),I,VNM,A,CPC_EX_PK,IM,T,AO_2026_2035,2030,278.724730640257,A,3,2,CWE
DATAFLOW,OECD.TAD.ATM:DSD_AGR@DF_OUTLOOK_2026_2035(1.1),I,VNM,A,CPC_EX_PK,IM,T,AO_2026_2035,2031,255.928554957302,A,3,2,CWE
DATAFLOW,OECD.TAD.ATM:DSD_AGR@DF_OUTLOOK_2026_2035(1.1),I,VNM,A,CPC_EX_PK,IM,T,AO_2026_2035,2032,204.510391944836,A,3,2,CWE
DATAFLOW,OECD.TAD.ATM:DSD_AGR@DF_OUTLOOK_2026_2035(1.1),I,VNM,A,CPC_EX_PK,IM,T,AO_2026_2035,2033,210.220004282568,A,3,2,CWE
DATAFLOW,OECD.TAD.ATM:DSD_AGR@DF_OUTLOOK_2026_2035(1.1),I,VNM,A,CPC_EX_PK,IM,T,AO_2026_2035,2034,212.120661820088,A,3,2,CWE
DATAFLOW,OECD.TAD.ATM:DSD_AGR@DF_OUTLOOK_2026_2035(1.1),I,VNM,A,CPC_EX_PK,IM,T,AO_2026_2035,2035,214.773328767042,A,3,2,CWE
DATAFLOW,OECD.TAD.ATM:DSD_AGR@DF_OUTLOOK_2026_2035(1.1),I,VNM,A,CPC_EX_PK,QP,T,AO_2026_2035,2015,2864.32868,A,3,2,CWE
DATAFLOW,OECD.TAD.ATM:DSD_AGR@DF_OUTLOOK_2026_2035(1.1),I,VNM,A,CPC_EX_PK,QP,T,AO_2026_2035,2016,3342.941376,A,3,2,CWE
DATAFLOW,OECD.TAD.ATM:DSD_AGR@DF_OUTLOOK_2026_2035(1.1),I,VNM,A,CPC_EX_PK,QP,T,AO_2026_2035,2017,3340.640352,A,3,2,CWE
DATAFLOW,OECD.TAD.ATM:DSD_AGR@DF_OUTLOOK_2026_2035(1.1),I,VNM,A,CPC_EX_PK,QP,T,AO_2026_2035,2018,3429.576702,A,3,2,CWE
DATAFLOW,OECD.TAD.ATM:DSD_AGR@DF_OUTLOOK_2026_2035(1.1),I,VNM,A,CPC_EX_PK,QP,T,AO_2026_2035,2019,2991.868153,A,3,2,CWE
DATAFLOW,OECD.TAD.ATM:DSD_AGR@DF_OUTLOOK_2026_2035(1.1),I,VNM,A,CPC_EX_PK,QP,T,AO_2026_2035,2020,2923.05746,A,3,2,CWE
DATAFLOW,OECD.TAD.ATM:DSD_AGR@DF_OUTLOOK_2026_2035(1.1),I,VNM,A,CPC_EX_PK,QP,T,AO_2026_2035,2021,3105.675669,A,3,2,CWE
DATAFLOW,OECD.TAD.ATM:DSD_AGR@DF_OUTLOOK_2026_2035(1.1),I,VNM,A,CPC_EX_PK,QP,T,AO_2026_2035,2022,3313.528775,A,3,2,CWE
DATAFLOW,OECD.TAD.ATM:DSD_AGR@DF_OUTLOOK_2026_2035(1.1),I,VNM,A,CPC_EX_PK,QP,T,AO_2026_2035,2023,3548.613504,A,3,2,CWE
DATAFLOW,OECD.TAD.ATM:DSD_AGR@DF_OUTLOOK_2026_2035(1.1),I,VNM,A,CPC_EX_PK,QP,T,AO_2026_2035,2024,3784.59587744,A,3,2,CWE
DATAFLOW,OECD.TAD.ATM:DSD_AGR@DF_OUTLOOK_2026_2035(1.1),I,VNM,A,CPC_EX_PK,QP,T,AO_2026_2035,2025,3895.5882979763,A,3,2,CWE
DATAFLOW,OECD.TAD.ATM:DSD_AGR@DF_OUTLOOK_2026_2035(1.1),I,VNM,A,CPC_EX_PK,QP,T,AO_2026_2035,2026,3986.9494112746306,A,3,2,CWE
DATAFLOW,OECD.TAD.ATM:DSD_AGR@DF_OUTLOOK_2026_2035(1.1),I,VNM,A,CPC_EX_PK,QP,T,AO_2026_2035,2027,4036.02257814624,A,3,2,CWE
DATAFLOW,OECD.TAD.ATM:DSD_AGR@DF_OUTLOOK_2026_2035(1.1),I,VNM,A,CPC_EX_PK,QP,T,AO_2026_2035,2028,4108.55321825968,A,3,2,CWE
DATAFLOW,OECD.TAD.ATM:DSD_AGR@DF_OUTLOOK_2026_2035(1.1),I,VNM,A,CPC_EX_PK,QP,T,AO_2026_2035,2029,4175.553853716249,A,3,2,CWE
DATAFLOW,OECD.TAD.ATM:DSD_AGR@DF_OUTLOOK_2026_2035(1.1),I,VNM,A,CPC_EX_PK,QP,T,AO_2026_2035,2030,4241.21491274118,A,3,2,CWE
DATAFLOW,OECD.TAD.ATM:DSD_AGR@DF_OUTLOOK_2026_2035(1.1),I,VNM,A,CPC_EX_PK,QP,T,AO_2026_2035,2031,4284.792425694511,A,3,2,CWE
DATAFLOW,OECD.TAD.ATM:DSD_AGR@DF_OUTLOOK_2026_2035(1.1),I,VNM,A,CPC_EX_PK,QP,T,AO_2026_2035,2032,4299.395176632929,A,3,2,CWE
DATAFLOW,OECD.TAD.ATM:DSD_AGR@DF_OUTLOOK_2026_2035(1.1),I,VNM,A,CPC_EX_PK,QP,T,AO_2026_2035,2033,4353.19185305347,A,3,2,CWE
DATAFLOW,OECD.TAD.ATM:DSD_AGR@DF_OUTLOOK_2026_2035(1.1),I,VNM,A,CPC_EX_PK,QP,T,AO_2026_2035,2034,4410.75453572458,A,3,2,CWE
DATAFLOW,OECD.TAD.ATM:DSD_AGR@DF_OUTLOOK_2026_2035(1.1),I,VNM,A,CPC_EX_PK,QP,T,AO_2026_2035,2035,4468.10946041605,A,3,2,CWE
DATAFLOW,OECD.TAD.ATM:DSD_AGR@DF_OUTLOOK_2026_2035(1.1),I,VNM,A,CPC_EX_PK,FO,T,AO_2026_2035,2015,2103.46903886084,A,3,2,CWE
DATAFLOW,OECD.TAD.ATM:DSD_AGR@DF_OUTLOOK_2026_2035(1.1),I,VNM,A,CPC_EX_PK,FO,T,AO_2026_2035,2016,2333.75551719542,A,3,2,CWE
DATAFLOW,OECD.TAD.ATM:DSD_AGR@DF_OUTLOOK_2026_2035(1.1),I,VNM,A,CPC_EX_PK,FO,T,AO_2026_2035,2017,2393.18128548034,A,3,2,CWE
DATAFLOW,OECD.TAD.ATM:DSD_AGR@DF_OUTLOOK_2026_2035(1.1),I,VNM,A,CPC_EX_PK,FO,T,AO_2026_2035,2018,2502.94050694674,A,3,2,CWE
DATAFLOW,OECD.TAD.ATM:DSD_AGR@DF_OUTLOOK_2026_2035(1.1),I,VNM,A,CPC_EX_PK,FO,T,AO_2026_2035,2019,2185.40059549491,A,3,2,CWE
DATAFLOW,OECD.TAD.ATM:DSD_AGR@DF_OUTLOOK_2026_2035(1.1),I,VNM,A,CPC_EX_PK,FO,T,AO_2026_2035,2020,2213.7075380456,A,3,2,CWE
DATAFLOW,OECD.TAD.ATM:DSD_AGR@DF_OUTLOOK_2026_2035(1.1),I,VNM,A,CPC_EX_PK,FO,T,AO_2026_2035,2021,2363.74232083807,A,3,2,CWE
DATAFLOW,OECD.TAD.ATM:DSD_AGR@DF_OUTLOOK_2026_2035(1.1),I,VNM,A,CPC_EX_PK,FO,T,AO_2026_2035,2022,2490.84170568927,A,3,2,CWE
DATAFLOW,OECD.TAD.ATM:DSD_AGR@DF_OUTLOOK_2026_2035(1.1),I,VNM,A,CPC_EX_PK,FO,T,AO_2026_2035,2023,2647.29173850324,A,3,2,CWE
DATAFLOW,OECD.TAD.ATM:DSD_AGR@DF_OUTLOOK_2026_2035(1.1),I,VNM,A,CPC_EX_PK,FO,T,AO_2026_2035,2024,2812.08589257082,A,3,2,CWE
DATAFLOW,OECD.TAD.ATM:DSD_AGR@DF_OUTLOOK_2026_2035(1.1),I,VNM,A,CPC_EX_PK,FO,T,AO_2026_2035,2025,2909.91866307803,A,3,2,CWE
DATAFLOW,OECD.TAD.ATM:DSD_AGR@DF_OUTLOOK_2026_2035(1.1),I,VNM,A,CPC_EX_PK,FO,T,AO_2026_2035,2026,3041.72591808826,A,3,2,CWE
DATAFLOW,OECD.TAD.ATM:DSD_AGR@DF_OUTLOOK_2026_2035(1.1),I,VNM,A,CPC_EX_PK,FO,T,AO_2026_2035,2027,3089.78306901829,A,3,2,CWE
DATAFLOW,OECD.TAD.ATM:DSD_AGR@DF_OUTLOOK_2026_2035(1.1),I,VNM,A,CPC_EX_PK,FO,T,AO_2026_2035,2028,3141.8412974901,A,3,2,CWE
DATAFLOW,OECD.TAD.ATM:DSD_AGR@DF_OUTLOOK_2026_2035(1.1),I,VNM,A,CPC_EX_PK,FO,T,AO_2026_2035,2029,3190.53344020032,A,3,2,CWE
DATAFLOW,OECD.TAD.ATM:DSD_AGR@DF_OUTLOOK_2026_2035(1.1),I,VNM,A,CPC_EX_PK,FO,T,AO_2026_2035,2030,3240.38775756287,A,3,2,CWE
DATAFLOW,OECD.TAD.ATM:DSD_AGR@DF_OUTLOOK_2026_2035(1.1),I,VNM,A,CPC_EX_PK,FO,T,AO_2026_2035,2031,3255.25837444607,A,3,2,CWE
DATAFLOW,OECD.TAD.ATM:DSD_AGR@DF_OUTLOOK_2026_2035(1.1),I,VNM,A,CPC_EX_PK,FO,T,AO_2026_2035,2032,3228.69735114313,A,3,2,CWE
DATAFLOW,OECD.TAD.ATM:DSD_AGR@DF_OUTLOOK_2026_2035(1.1),I,VNM,A,CPC_EX_PK,FO,T,AO_2026_2035,2033,3271.40585441295,A,3,2,CWE
DATAFLOW,OECD.TAD.ATM:DSD_AGR@DF_OUTLOOK_2026_2035(1.1),I,VNM,A,CPC_EX_PK,FO,T,AO_2026_2035,2034,3314.07958402824,A,3,2,CWE
DATAFLOW,OECD.TAD.ATM:DSD_AGR@DF_OUTLOOK_2026_2035(1.1),I,VNM,A,CPC_EX_PK,FO,T,AO_2026_2035,2035,3357.16259766654,A,3,2,CWE
DATAFLOW,OECD.TAD.ATM:DSD_AGR@DF_OUTLOOK_2026_2035(1.1),I,VNM,A,CPC_EX_PK,QC,T,AO_2026_2035,2015,2933.24,A,3,2,CWE
DATAFLOW,OECD.TAD.ATM:DSD_AGR@DF_OUTLOOK_2026_2035(1.1),I,VNM,A,CPC_EX_PK,QC,T,AO_2026_2035,2016,3253.04,A,3,2,CWE
DATAFLOW,OECD.TAD.ATM:DSD_AGR@DF_OUTLOOK_2026_2035(1.1),I,VNM,A,CPC_EX_PK,QC,T,AO_2026_2035,2017,3334.3,A,3,2,CWE
DATAFLOW,OECD.TAD.ATM:DSD_AGR@DF_OUTLOOK_2026_2035(1.1),I,VNM,A,CPC_EX_PK,QC,T,AO_2026_2035,2018,3486.94,A,3,2,CWE
DATAFLOW,OECD.TAD.ATM:DSD_AGR@DF_OUTLOOK_2026_2035(1.1),I,VNM,A,CPC_EX_PK,QC,T,AO_2026_2035,2019,3050.78,A,3,2,CWE
DATAFLOW,OECD.TAD.ATM:DSD_AGR@DF_OUTLOOK_2026_2035(1.1),I,VNM,A,CPC_EX_PK,QC,T,AO_2026_2035,2020,3089.222,A,3,2,CWE
DATAFLOW,OECD.TAD.ATM:DSD_AGR@DF_OUTLOOK_2026_2035(1.1),I,VNM,A,CPC_EX_PK,QC,T,AO_2026_2035,2021,3295.382,A,3,2,CWE
DATAFLOW,OECD.TAD.ATM:DSD_AGR@DF_OUTLOOK_2026_2035(1.1),I,VNM,A,CPC_EX_PK,QC,T,AO_2026_2035,2022,3471.399,A,3,2,CWE
DATAFLOW,OECD.TAD.ATM:DSD_AGR@DF_OUTLOOK_2026_2035(1.1),I,VNM,A,CPC_EX_PK,QC,T,AO_2026_2035,2023,3688.935,A,3,2,CWE
DATAFLOW,OECD.TAD.ATM:DSD_AGR@DF_OUTLOOK_2026_2035(1.1),I,VNM,A,CPC_EX_PK,QC,T,AO_2026_2035,2024,3917.964,A,3,2,CWE
DATAFLOW,OECD.TAD.ATM:DSD_AGR@DF_OUTLOOK_2026_2035(1.1),I,VNM,A,CPC_EX_PK,QC,T,AO_2026_2035,2025,4053.69,A,3,2,CWE
DATAFLOW,OECD.TAD.ATM:DSD_AGR@DF_OUTLOOK_2026_2035(1.1),I,VNM,A,CPC_EX_PK,QC,T,AO_2026_2035,2026,4237.30673525928,A,3,2,CWE
DATAFLOW,OECD.TAD.ATM:DSD_AGR@DF_OUTLOOK_2026_2035(1.1),I,VNM,A,CPC_EX_PK,QC,T,AO_2026_2035,2027,4304.25634559781,A,3,2,CWE
DATAFLOW,OECD.TAD.ATM:DSD_AGR@DF_OUTLOOK_2026_2035(1.1),I,VNM,A,CPC_EX_PK,QC,T,AO_2026_2035,2028,4376.7790018224,A,3,2,CWE
DATAFLOW,OECD.TAD.ATM:DSD_AGR@DF_OUTLOOK_2026_2035(1.1),I,VNM,A,CPC_EX_PK,QC,T,AO_2026_2035,2029,4444.61306815656,A,3,2,CWE
DATAFLOW,OECD.TAD.ATM:DSD_AGR@DF_OUTLOOK_2026_2035(1.1),I,VNM,A,CPC_EX_PK,QC,T,AO_2026_2035,2030,4514.06606694618,A,3,2,CWE
DATAFLOW,OECD.TAD.ATM:DSD_AGR@DF_OUTLOOK_2026_2035(1.1),I,VNM,A,CPC_EX_PK,QC,T,AO_2026_2035,2031,4534.7840349075905,A,3,2,CWE
DATAFLOW,OECD.TAD.ATM:DSD_AGR@DF_OUTLOOK_2026_2035(1.1),I,VNM,A,CPC_EX_PK,QC,T,AO_2026_2035,2032,4497.78507938156,A,3,2,CWE
DATAFLOW,OECD.TAD.ATM:DSD_AGR@DF_OUTLOOK_2026_2035(1.1),I,VNM,A,CPC_EX_PK,QC,T,AO_2026_2035,2033,4557.28187535669,A,3,2,CWE
DATAFLOW,OECD.TAD.ATM:DSD_AGR@DF_OUTLOOK_2026_2035(1.1),I,VNM,A,CPC_EX_PK,QC,T,AO_2026_2035,2034,4616.73026140312,A,3,2,CWE
DATAFLOW,OECD.TAD.ATM:DSD_AGR@DF_OUTLOOK_2026_2035(1.1),I,VNM,A,CPC_EX_PK,QC,T,AO_2026_2035,2035,4676.74867200672,A,3,2,CWE
