DATAFLOW,REF_AREA: Reference area,FREQ: Frequency of observation,MEASURE: Measure,COMMODITY: Commodity,UNIT_MEASURE: Unit of measure,TIME_PERIOD: Time period,OBS_VALUE,DECIMALS: Decimals,OBS_STATUS: Observation status,CURRENCY: Currency,UNIT_MULT: Unit multiplier
OECD.TAD.ARP:DSD_AGR_POLIND@DF_COMM(1.2),KOR: Korea,A: Annual,MPS: Market Price Support (MPS),CPC_EX_PT: Poultry meat,USD: US dollar,2022,0,2: Two,,,6: Millions
OECD.TAD.ARP:DSD_AGR_POLIND@DF_COMM(1.2),KOR: Korea,A: Annual,MPS: Market Price Support (MPS),CPC_EX_PT: Poultry meat,USD: US dollar,2024,0,2: Two,,,6: Millions
OECD.TAD.ARP:DSD_AGR_POLIND@DF_COMM(1.2),BRA: Brazil,A: Annual,MPS: Market Price Support (MPS),CPC_EX_BV: Beef and veal,USD: US dollar,2022,0,2: Two,,,6: Millions
OECD.TAD.ARP:DSD_AGR_POLIND@DF_COMM(1.2),BRA: Brazil,A: Annual,MPS: Market Price Support (MPS),CPC_EX_PT: Poultry meat,USD: US dollar,2022,0,2: Two,,,6: Millions
OECD.TAD.ARP:DSD_AGR_POLIND@DF_COMM(1.2),BRA: Brazil,A: Annual,MPS: Market Price Support (MPS),CPC_EX_PK: Pigmeat,USD: US dollar,2022,0,2: Two,,,6: Millions
OECD.TAD.ARP:DSD_AGR_POLIND@DF_COMM(1.2),BRA: Brazil,A: Annual,MPS: Market Price Support (MPS),CPC_EX_PK: Pigmeat,USD: US dollar,2023,0,2: Two,,,6: Millions
OECD.TAD.ARP:DSD_AGR_POLIND@DF_COMM(1.2),BRA: Brazil,A: Annual,MPS: Market Price Support (MPS),CPC_EX_PT: Poultry meat,USD: US dollar,2023,0,2: Two,,,6: Millions
OECD.TAD.ARP:DSD_AGR_POLIND@DF_COMM(1.2),BRA: Brazil,A: Annual,MPS: Market Price Support (MPS),CPC_EX_BV: Beef and veal,USD: US dollar,2023,0,2: Two,,,6: Millions
OECD.TAD.ARP:DSD_AGR_POLIND@DF_COMM(1.2),BRA: Brazil,A: Annual,MPS: Market Price Support (MPS),CPC_022: Raw milk,USD: US dollar,2023,0,2: Two,,,6: Millions
OECD.TAD.ARP:DSD_AGR_POLIND@DF_COMM(1.2),BRA: Brazil,A: Annual,MPS: Market Price Support (MPS),CPC_EX_BV: Beef and veal,USD: US dollar,2024,0,2: Two,,,6: Millions
OECD.TAD.ARP:DSD_AGR_POLIND@DF_COMM(1.2),BRA: Brazil,A: Annual,MPS: Market Price Support (MPS),CPC_EX_PT: Poultry meat,USD: US dollar,2024,0,2: Two,,,6: Millions
OECD.TAD.ARP:DSD_AGR_POLIND@DF_COMM(1.2),EU: European Union,A: Annual,MPS: Market Price Support (MPS),CPC_022: Raw milk,USD: US dollar,2023,0,2: Two,,,6: Millions
OECD.TAD.ARP:DSD_AGR_POLIND@DF_COMM(1.2),EU: European Union,A: Annual,MPS: Market Price Support (MPS),CPC_022: Raw milk,USD: US dollar,2024,0,2: Two,,,6: Millions
OECD.TAD.ARP:DSD_AGR_POLIND@DF_COMM(1.2),NZL: New Zealand,A: Annual,MPS: Market Price Support (MPS),CPC_EX_BV: Beef and veal,USD: US dollar,2022,0,2: Two,,,6: Millions
OECD.TAD.ARP:DSD_AGR_POLIND@DF_COMM(1.2),NZL: New Zealand,A: Annual,MPS: Market Price Support (MPS),CPC_EX_PK: Pigmeat,USD: US dollar,2022,0,2: Two,,,6: Millions
OECD.TAD.ARP:DSD_AGR_POLIND@DF_COMM(1.2),NZL: New Zealand,A: Annual,MPS: Market Price Support (MPS),CPC_022: Raw milk,USD: US dollar,2022,0,2: Two,,,6: Millions
OECD.TAD.ARP:DSD_AGR_POLIND@DF_COMM(1.2),NZL: New Zealand,A: Annual,MPS: Market Price Support (MPS),CPC_EX_PT: Poultry meat,USD: US dollar,2022,0,2: Two,,,6: Millions
OECD.TAD.ARP:DSD_AGR_POLIND@DF_COMM(1.2),NZL: New Zealand,A: Annual,MPS: Market Price Support (MPS),CPC_EX_PT: Poultry meat,USD: US dollar,2023,0,2: Two,,,6: Millions
OECD.TAD.ARP:DSD_AGR_POLIND@DF_COMM(1.2),NZL: New Zealand,A: Annual,MPS: Market Price Support (MPS),CPC_022: Raw milk,USD: US dollar,2023,0,2: Two,,,6: Millions
OECD.TAD.ARP:DSD_AGR_POLIND@DF_COMM(1.2),NZL: New Zealand,A: Annual,MPS: Market Price Support (MPS),CPC_EX_PK: Pigmeat,USD: US dollar,2023,0,2: Two,,,6: Millions
OECD.TAD.ARP:DSD_AGR_POLIND@DF_COMM(1.2),NZL: New Zealand,A: Annual,MPS: Market Price Support (MPS),CPC_EX_BV: Beef and veal,USD: US dollar,2023,0,2: Two,,,6: Millions
OECD.TAD.ARP:DSD_AGR_POLIND@DF_COMM(1.2),NZL: New Zealand,A: Annual,MPS: Market Price Support (MPS),CPC_EX_BV: Beef and veal,USD: US dollar,2024,0,2: Two,,,6: Millions
OECD.TAD.ARP:DSD_AGR_POLIND@DF_COMM(1.2),NZL: New Zealand,A: Annual,MPS: Market Price Support (MPS),CPC_EX_PK: Pigmeat,USD: US dollar,2024,0,2: Two,,,6: Millions
OECD.TAD.ARP:DSD_AGR_POLIND@DF_COMM(1.2),NZL: New Zealand,A: Annual,MPS: Market Price Support (MPS),CPC_022: Raw milk,USD: US dollar,2024,0,2: Two,,,6: Millions
OECD.TAD.ARP:DSD_AGR_POLIND@DF_COMM(1.2),NZL: New Zealand,A: Annual,MPS: Market Price Support (MPS),CPC_EX_PT: Poultry meat,USD: US dollar,2024,0,2: Two,,,6: Millions
OECD.TAD.ARP:DSD_AGR_POLIND@DF_COMM(1.2),USA: United States,A: Annual,MPS: Market Price Support (MPS),CPC_022: Raw milk,USD: US dollar,2022,0,2: Two,,,6: Millions
OECD.TAD.ARP:DSD_AGR_POLIND@DF_COMM(1.2),USA: United States,A: Annual,MPS: Market Price Support (MPS),CPC_EX_PT: Poultry meat,USD: US dollar,2022,0,2: Two,,,6: Millions
OECD.TAD.ARP:DSD_AGR_POLIND@DF_COMM(1.2),USA: United States,A: Annual,MPS: Market Price Support (MPS),CPC_EX_PK: Pigmeat,USD: US dollar,2022,0,2: Two,,,6: Millions
OECD.TAD.ARP:DSD_AGR_POLIND@DF_COMM(1.2),USA: United States,A: Annual,MPS: Market Price Support (MPS),CPC_EX_BV: Beef and veal,USD: US dollar,2022,0,2: Two,,,6: Millions
OECD.TAD.ARP:DSD_AGR_POLIND@DF_COMM(1.2),USA: United States,A: Annual,MPS: Market Price Support (MPS),CPC_EX_BV: Beef and veal,USD: US dollar,2023,0,2: Two,,,6: Millions
OECD.TAD.ARP:DSD_AGR_POLIND@DF_COMM(1.2),USA: United States,A: Annual,MPS: Market Price Support (MPS),CPC_EX_PK: Pigmeat,USD: US dollar,2023,0,2: Two,,,6: Millions
OECD.TAD.ARP:DSD_AGR_POLIND@DF_COMM(1.2),USA: United States,A: Annual,MPS: Market Price Support (MPS),CPC_EX_PT: Poultry meat,USD: US dollar,2023,0,2: Two,,,6: Millions
OECD.TAD.ARP:DSD_AGR_POLIND@DF_COMM(1.2),USA: United States,A: Annual,MPS: Market Price Support (MPS),CPC_022: Raw milk,USD: US dollar,2023,0,2: Two,,,6: Millions
OECD.TAD.ARP:DSD_AGR_POLIND@DF_COMM(1.2),USA: United States,A: Annual,MPS: Market Price Support (MPS),CPC_022: Raw milk,USD: US dollar,2024,0,2: Two,,,6: Millions
OECD.TAD.ARP:DSD_AGR_POLIND@DF_COMM(1.2),USA: United States,A: Annual,MPS: Market Price Support (MPS),CPC_EX_PT: Poultry meat,USD: US dollar,2024,0,2: Two,,,6: Millions
OECD.TAD.ARP:DSD_AGR_POLIND@DF_COMM(1.2),USA: United States,A: Annual,MPS: Market Price Support (MPS),CPC_EX_PK: Pigmeat,USD: US dollar,2024,0,2: Two,,,6: Millions
OECD.TAD.ARP:DSD_AGR_POLIND@DF_COMM(1.2),USA: United States,A: Annual,MPS: Market Price Support (MPS),CPC_EX_BV: Beef and veal,USD: US dollar,2024,0,2: Two,,,6: Millions
OECD.TAD.ARP:DSD_AGR_POLIND@DF_COMM(1.2),CAN: Canada,A: Annual,MPS: Market Price Support (MPS),CPC_EX_BV: Beef and veal,USD: US dollar,2022,0,2: Two,,,6: Millions
OECD.TAD.ARP:DSD_AGR_POLIND@DF_COMM(1.2),CAN: Canada,A: Annual,MPS: Market Price Support (MPS),CPC_EX_PT: Poultry meat,USD: US dollar,2022,0,2: Two,,,6: Millions
OECD.TAD.ARP:DSD_AGR_POLIND@DF_COMM(1.2),CAN: Canada,A: Annual,MPS: Market Price Support (MPS),CPC_EX_PK: Pigmeat,USD: US dollar,2022,0,2: Two,,,6: Millions
OECD.TAD.ARP:DSD_AGR_POLIND@DF_COMM(1.2),CAN: Canada,A: Annual,MPS: Market Price Support (MPS),CPC_EX_PK: Pigmeat,USD: US dollar,2023,0,2: Two,,,6: Millions
OECD.TAD.ARP:DSD_AGR_POLIND@DF_COMM(1.2),CAN: Canada,A: Annual,MPS: Market Price Support (MPS),CPC_EX_PT: Poultry meat,USD: US dollar,2023,0,2: Two,,,6: Millions
OECD.TAD.ARP:DSD_AGR_POLIND@DF_COMM(1.2),CAN: Canada,A: Annual,MPS: Market Price Support (MPS),CPC_EX_PK: Pigmeat,USD: US dollar,2024,0,2: Two,,,6: Millions
OECD.TAD.ARP:DSD_AGR_POLIND@DF_COMM(1.2),AUS: Australia,A: Annual,MPS: Market Price Support (MPS),CPC_022: Raw milk,USD: US dollar,2022,0,2: Two,,,6: Millions
OECD.TAD.ARP:DSD_AGR_POLIND@DF_COMM(1.2),AUS: Australia,A: Annual,MPS: Market Price Support (MPS),CPC_EX_BV: Beef and veal,USD: US dollar,2022,0,2: Two,,,6: Millions
OECD.TAD.ARP:DSD_AGR_POLIND@DF_COMM(1.2),AUS: Australia,A: Annual,MPS: Market Price Support (MPS),CPC_EX_PK: Pigmeat,USD: US dollar,2022,0,2: Two,,,6: Millions
OECD.TAD.ARP:DSD_AGR_POLIND@DF_COMM(1.2),AUS: Australia,A: Annual,MPS: Market Price Support (MPS),CPC_EX_PT: Poultry meat,USD: US dollar,2022,0,2: Two,,,6: Millions
OECD.TAD.ARP:DSD_AGR_POLIND@DF_COMM(1.2),AUS: Australia,A: Annual,MPS: Market Price Support (MPS),CPC_EX_PT: Poultry meat,USD: US dollar,2023,0,2: Two,,,6: Millions
OECD.TAD.ARP:DSD_AGR_POLIND@DF_COMM(1.2),AUS: Australia,A: Annual,MPS: Market Price Support (MPS),CPC_EX_PK: Pigmeat,USD: US dollar,2023,0,2: Two,,,6: Millions
OECD.TAD.ARP:DSD_AGR_POLIND@DF_COMM(1.2),AUS: Australia,A: Annual,MPS: Market Price Support (MPS),CPC_EX_BV: Beef and veal,USD: US dollar,2023,0,2: Two,,,6: Millions
OECD.TAD.ARP:DSD_AGR_POLIND@DF_COMM(1.2),AUS: Australia,A: Annual,MPS: Market Price Support (MPS),CPC_022: Raw milk,USD: US dollar,2023,0,2: Two,,,6: Millions
OECD.TAD.ARP:DSD_AGR_POLIND@DF_COMM(1.2),AUS: Australia,A: Annual,MPS: Market Price Support (MPS),CPC_022: Raw milk,USD: US dollar,2024,0,2: Two,,,6: Millions
OECD.TAD.ARP:DSD_AGR_POLIND@DF_COMM(1.2),AUS: Australia,A: Annual,MPS: Market Price Support (MPS),CPC_EX_BV: Beef and veal,USD: US dollar,2024,0,2: Two,,,6: Millions
OECD.TAD.ARP:DSD_AGR_POLIND@DF_COMM(1.2),AUS: Australia,A: Annual,MPS: Market Price Support (MPS),CPC_EX_PK: Pigmeat,USD: US dollar,2024,0,2: Two,,,6: Millions
OECD.TAD.ARP:DSD_AGR_POLIND@DF_COMM(1.2),AUS: Australia,A: Annual,MPS: Market Price Support (MPS),CPC_EX_PT: Poultry meat,USD: US dollar,2024,0,2: Two,,,6: Millions
OECD.TAD.ARP:DSD_AGR_POLIND@DF_COMM(1.2),AUS: Australia,A: Annual,BT: Budgetary transfers,CPC_022: Raw milk,USD: US dollar,2022,0,2: Two,,,6: Millions
OECD.TAD.ARP:DSD_AGR_POLIND@DF_COMM(1.2),AUS: Australia,A: Annual,BT: Budgetary transfers,CPC_022: Raw milk,USD: US dollar,2023,0,2: Two,,,6: Millions
OECD.TAD.ARP:DSD_AGR_POLIND@DF_COMM(1.2),AUS: Australia,A: Annual,BT: Budgetary transfers,CPC_022: Raw milk,USD: US dollar,2024,0,2: Two,,,6: Millions
OECD.TAD.ARP:DSD_AGR_POLIND@DF_COMM(1.2),CAN: Canada,A: Annual,BT: Budgetary transfers,CPC_022: Raw milk,USD: US dollar,2022,0,2: Two,,,6: Millions
OECD.TAD.ARP:DSD_AGR_POLIND@DF_COMM(1.2),CAN: Canada,A: Annual,BT: Budgetary transfers,CPC_022: Raw milk,USD: US dollar,2023,0,2: Two,,,6: Millions
OECD.TAD.ARP:DSD_AGR_POLIND@DF_COMM(1.2),CAN: Canada,A: Annual,BT: Budgetary transfers,CPC_022: Raw milk,USD: US dollar,2024,0,2: Two,,,6: Millions
OECD.TAD.ARP:DSD_AGR_POLIND@DF_COMM(1.2),NZL: New Zealand,A: Annual,BT: Budgetary transfers,CPC_022: Raw milk,USD: US dollar,2022,0,2: Two,,,6: Millions
OECD.TAD.ARP:DSD_AGR_POLIND@DF_COMM(1.2),NZL: New Zealand,A: Annual,BT: Budgetary transfers,CPC_022: Raw milk,USD: US dollar,2023,0,2: Two,,,6: Millions
OECD.TAD.ARP:DSD_AGR_POLIND@DF_COMM(1.2),NZL: New Zealand,A: Annual,BT: Budgetary transfers,CPC_022: Raw milk,USD: US dollar,2024,0,2: Two,,,6: Millions
OECD.TAD.ARP:DSD_AGR_POLIND@DF_COMM(1.2),USA: United States,A: Annual,BT: Budgetary transfers,CPC_022: Raw milk,USD: US dollar,2022,0,2: Two,,,6: Millions
OECD.TAD.ARP:DSD_AGR_POLIND@DF_COMM(1.2),USA: United States,A: Annual,BT: Budgetary transfers,CPC_022: Raw milk,USD: US dollar,2023,0,2: Two,,,6: Millions
OECD.TAD.ARP:DSD_AGR_POLIND@DF_COMM(1.2),USA: United States,A: Annual,BT: Budgetary transfers,CPC_022: Raw milk,USD: US dollar,2024,0,2: Two,,,6: Millions
OECD.TAD.ARP:DSD_AGR_POLIND@DF_COMM(1.2),EU: European Union,A: Annual,BT: Budgetary transfers,CPC_022: Raw milk,USD: US dollar,2023,0,2: Two,,,6: Millions
OECD.TAD.ARP:DSD_AGR_POLIND@DF_COMM(1.2),EU: European Union,A: Annual,BT: Budgetary transfers,CPC_022: Raw milk,USD: US dollar,2024,0,2: Two,,,6: Millions
OECD.TAD.ARP:DSD_AGR_POLIND@DF_COMM(1.2),BRA: Brazil,A: Annual,BT: Budgetary transfers,CPC_022: Raw milk,USD: US dollar,2023,0,2: Two,,,6: Millions
OECD.TAD.ARP:DSD_AGR_POLIND@DF_COMM(1.2),RUS: Russia,A: Annual,BT: Budgetary transfers,CPC_022: Raw milk,USD: US dollar,2022,0,2: Two,,,6: Millions
OECD.TAD.ARP:DSD_AGR_POLIND@DF_COMM(1.2),RUS: Russia,A: Annual,BT: Budgetary transfers,CPC_022: Raw milk,USD: US dollar,2023,0,2: Two,,,6: Millions
OECD.TAD.ARP:DSD_AGR_POLIND@DF_COMM(1.2),RUS: Russia,A: Annual,BT: Budgetary transfers,CPC_022: Raw milk,USD: US dollar,2024,0,2: Two,,,6: Millions
OECD.TAD.ARP:DSD_AGR_POLIND@DF_COMM(1.2),AUS: Australia,A: Annual,BT: Budgetary transfers,CPC_EX_PT: Poultry meat,USD: US dollar,2022,0,2: Two,,,6: Millions
OECD.TAD.ARP:DSD_AGR_POLIND@DF_COMM(1.2),AUS: Australia,A: Annual,BT: Budgetary transfers,CPC_EX_PT: Poultry meat,USD: US dollar,2023,0,2: Two,,,6: Millions
OECD.TAD.ARP:DSD_AGR_POLIND@DF_COMM(1.2),AUS: Australia,A: Annual,BT: Budgetary transfers,CPC_EX_PT: Poultry meat,USD: US dollar,2024,0,2: Two,,,6: Millions
OECD.TAD.ARP:DSD_AGR_POLIND@DF_COMM(1.2),CAN: Canada,A: Annual,BT: Budgetary transfers,CPC_EX_PT: Poultry meat,USD: US dollar,2022,0,2: Two,,,6: Millions
OECD.TAD.ARP:DSD_AGR_POLIND@DF_COMM(1.2),CAN: Canada,A: Annual,BT: Budgetary transfers,CPC_EX_PT: Poultry meat,USD: US dollar,2023,0,2: Two,,,6: Millions
OECD.TAD.ARP:DSD_AGR_POLIND@DF_COMM(1.2),KOR: Korea,A: Annual,BT: Budgetary transfers,CPC_EX_PT: Poultry meat,USD: US dollar,2022,0,2: Two,,,6: Millions
OECD.TAD.ARP:DSD_AGR_POLIND@DF_COMM(1.2),KOR: Korea,A: Annual,BT: Budgetary transfers,CPC_EX_PT: Poultry meat,USD: US dollar,2023,0,2: Two,,,6: Millions
OECD.TAD.ARP:DSD_AGR_POLIND@DF_COMM(1.2),KOR: Korea,A: Annual,BT: Budgetary transfers,CPC_EX_PT: Poultry meat,USD: US dollar,2024,0,2: Two,,,6: Millions
OECD.TAD.ARP:DSD_AGR_POLIND@DF_COMM(1.2),NZL: New Zealand,A: Annual,BT: Budgetary transfers,CPC_EX_PT: Poultry meat,USD: US dollar,2022,0,2: Two,,,6: Millions
OECD.TAD.ARP:DSD_AGR_POLIND@DF_COMM(1.2),NZL: New Zealand,A: Annual,BT: Budgetary transfers,CPC_EX_PT: Poultry meat,USD: US dollar,2023,0,2: Two,,,6: Millions
OECD.TAD.ARP:DSD_AGR_POLIND@DF_COMM(1.2),NZL: New Zealand,A: Annual,BT: Budgetary transfers,CPC_EX_PT: Poultry meat,USD: US dollar,2024,0,2: Two,,,6: Millions
OECD.TAD.ARP:DSD_AGR_POLIND@DF_COMM(1.2),USA: United States,A: Annual,BT: Budgetary transfers,CPC_EX_PT: Poultry meat,USD: US dollar,2022,0,2: Two,,,6: Millions
OECD.TAD.ARP:DSD_AGR_POLIND@DF_COMM(1.2),USA: United States,A: Annual,BT: Budgetary transfers,CPC_EX_PT: Poultry meat,USD: US dollar,2023,0,2: Two,,,6: Millions
OECD.TAD.ARP:DSD_AGR_POLIND@DF_COMM(1.2),USA: United States,A: Annual,BT: Budgetary transfers,CPC_EX_PT: Poultry meat,USD: US dollar,2024,0,2: Two,,,6: Millions
OECD.TAD.ARP:DSD_AGR_POLIND@DF_COMM(1.2),BRA: Brazil,A: Annual,BT: Budgetary transfers,CPC_EX_PT: Poultry meat,USD: US dollar,2022,0,2: Two,,,6: Millions
OECD.TAD.ARP:DSD_AGR_POLIND@DF_COMM(1.2),BRA: Brazil,A: Annual,BT: Budgetary transfers,CPC_EX_PT: Poultry meat,USD: US dollar,2023,0,2: Two,,,6: Millions
OECD.TAD.ARP:DSD_AGR_POLIND@DF_COMM(1.2),BRA: Brazil,A: Annual,BT: Budgetary transfers,CPC_EX_PT: Poultry meat,USD: US dollar,2024,0,2: Two,,,6: Millions
OECD.TAD.ARP:DSD_AGR_POLIND@DF_COMM(1.2),IND: India,A: Annual,BT: Budgetary transfers,CPC_EX_PT: Poultry meat,USD: US dollar,2022,0,2: Two,,,6: Millions
OECD.TAD.ARP:DSD_AGR_POLIND@DF_COMM(1.2),IND: India,A: Annual,BT: Budgetary transfers,CPC_EX_PT: Poultry meat,USD: US dollar,2023,0,2: Two,,,6: Millions
OECD.TAD.ARP:DSD_AGR_POLIND@DF_COMM(1.2),IND: India,A: Annual,BT: Budgetary transfers,CPC_EX_PT: Poultry meat,USD: US dollar,2024,0,2: Two,,,6: Millions
OECD.TAD.ARP:DSD_AGR_POLIND@DF_COMM(1.2),RUS: Russia,A: Annual,BT: Budgetary transfers,CPC_EX_PT: Poultry meat,USD: US dollar,2023,0,2: Two,,,6: Millions
OECD.TAD.ARP:DSD_AGR_POLIND@DF_COMM(1.2),RUS: Russia,A: Annual,BT: Budgetary transfers,CPC_EX_PT: Poultry meat,USD: US dollar,2024,0,2: Two,,,6: Millions
OECD.TAD.ARP:DSD_AGR_POLIND@DF_COMM(1.2),VNM: Viet Nam,A: Annual,BT: Budgetary transfers,CPC_EX_PT: Poultry meat,USD: US dollar,2022,0,2: Two,,,6: Millions
OECD.TAD.ARP:DSD_AGR_POLIND@DF_COMM(1.2),VNM: Viet Nam,A: Annual,BT: Budgetary transfers,CPC_EX_PT: Poultry meat,USD: US dollar,2023,0,2: Two,,,6: Millions
OECD.TAD.ARP:DSD_AGR_POLIND@DF_COMM(1.2),VNM: Viet Nam,A: Annual,BT: Budgetary transfers,CPC_EX_PT: Poultry meat,USD: US dollar,2024,0,2: Two,,,6: Millions
OECD.TAD.ARP:DSD_AGR_POLIND@DF_COMM(1.2),AUS: Australia,A: Annual,BT: Budgetary transfers,CPC_EX_PK: Pigmeat,USD: US dollar,2022,0,2: Two,,,6: Millions
OECD.TAD.ARP:DSD_AGR_POLIND@DF_COMM(1.2),AUS: Australia,A: Annual,BT: Budgetary transfers,CPC_EX_PK: Pigmeat,USD: US dollar,2023,0,2: Two,,,6: Millions
OECD.TAD.ARP:DSD_AGR_POLIND@DF_COMM(1.2),AUS: Australia,A: Annual,BT: Budgetary transfers,CPC_EX_PK: Pigmeat,USD: US dollar,2024,0,2: Two,,,6: Millions
OECD.TAD.ARP:DSD_AGR_POLIND@DF_COMM(1.2),CAN: Canada,A: Annual,BT: Budgetary transfers,CPC_EX_PK: Pigmeat,USD: US dollar,2022,0,2: Two,,,6: Millions
OECD.TAD.ARP:DSD_AGR_POLIND@DF_COMM(1.2),CAN: Canada,A: Annual,BT: Budgetary transfers,CPC_EX_PK: Pigmeat,USD: US dollar,2023,0,2: Two,,,6: Millions
OECD.TAD.ARP:DSD_AGR_POLIND@DF_COMM(1.2),CAN: Canada,A: Annual,BT: Budgetary transfers,CPC_EX_PK: Pigmeat,USD: US dollar,2024,0,2: Two,,,6: Millions
OECD.TAD.ARP:DSD_AGR_POLIND@DF_COMM(1.2),NZL: New Zealand,A: Annual,BT: Budgetary transfers,CPC_EX_PK: Pigmeat,USD: US dollar,2022,0,2: Two,,,6: Millions
OECD.TAD.ARP:DSD_AGR_POLIND@DF_COMM(1.2),NZL: New Zealand,A: Annual,BT: Budgetary transfers,CPC_EX_PK: Pigmeat,USD: US dollar,2023,0,2: Two,,,6: Millions
OECD.TAD.ARP:DSD_AGR_POLIND@DF_COMM(1.2),NZL: New Zealand,A: Annual,BT: Budgetary transfers,CPC_EX_PK: Pigmeat,USD: US dollar,2024,0,2: Two,,,6: Millions
OECD.TAD.ARP:DSD_AGR_POLIND@DF_COMM(1.2),USA: United States,A: Annual,BT: Budgetary transfers,CPC_EX_PK: Pigmeat,USD: US dollar,2022,0,2: Two,,,6: Millions
OECD.TAD.ARP:DSD_AGR_POLIND@DF_COMM(1.2),USA: United States,A: Annual,BT: Budgetary transfers,CPC_EX_PK: Pigmeat,USD: US dollar,2023,0,2: Two,,,6: Millions
OECD.TAD.ARP:DSD_AGR_POLIND@DF_COMM(1.2),USA: United States,A: Annual,BT: Budgetary transfers,CPC_EX_PK: Pigmeat,USD: US dollar,2024,0,2: Two,,,6: Millions
OECD.TAD.ARP:DSD_AGR_POLIND@DF_COMM(1.2),EU: European Union,A: Annual,BT: Budgetary transfers,CPC_EX_PK: Pigmeat,USD: US dollar,2022,0,2: Two,,,6: Millions
OECD.TAD.ARP:DSD_AGR_POLIND@DF_COMM(1.2),BRA: Brazil,A: Annual,BT: Budgetary transfers,CPC_EX_PK: Pigmeat,USD: US dollar,2022,0,2: Two,,,6: Millions
OECD.TAD.ARP:DSD_AGR_POLIND@DF_COMM(1.2),BRA: Brazil,A: Annual,BT: Budgetary transfers,CPC_EX_PK: Pigmeat,USD: US dollar,2023,0,2: Two,,,6: Millions
OECD.TAD.ARP:DSD_AGR_POLIND@DF_COMM(1.2),RUS: Russia,A: Annual,BT: Budgetary transfers,CPC_EX_PK: Pigmeat,USD: US dollar,2022,0,2: Two,,,6: Millions
OECD.TAD.ARP:DSD_AGR_POLIND@DF_COMM(1.2),RUS: Russia,A: Annual,BT: Budgetary transfers,CPC_EX_PK: Pigmeat,USD: US dollar,2023,0,2: Two,,,6: Millions
OECD.TAD.ARP:DSD_AGR_POLIND@DF_COMM(1.2),RUS: Russia,A: Annual,BT: Budgetary transfers,CPC_EX_PK: Pigmeat,USD: US dollar,2024,0,2: Two,,,6: Millions
OECD.TAD.ARP:DSD_AGR_POLIND@DF_COMM(1.2),VNM: Viet Nam,A: Annual,BT: Budgetary transfers,CPC_EX_PK: Pigmeat,USD: US dollar,2022,0,2: Two,,,6: Millions
OECD.TAD.ARP:DSD_AGR_POLIND@DF_COMM(1.2),VNM: Viet Nam,A: Annual,BT: Budgetary transfers,CPC_EX_PK: Pigmeat,USD: US dollar,2023,0,2: Two,,,6: Millions
OECD.TAD.ARP:DSD_AGR_POLIND@DF_COMM(1.2),VNM: Viet Nam,A: Annual,BT: Budgetary transfers,CPC_EX_PK: Pigmeat,USD: US dollar,2024,0,2: Two,,,6: Millions
OECD.TAD.ARP:DSD_AGR_POLIND@DF_COMM(1.2),AUS: Australia,A: Annual,BT: Budgetary transfers,CPC_EX_BV: Beef and veal,USD: US dollar,2022,0,2: Two,,,6: Millions
OECD.TAD.ARP:DSD_AGR_POLIND@DF_COMM(1.2),AUS: Australia,A: Annual,BT: Budgetary transfers,CPC_EX_BV: Beef and veal,USD: US dollar,2023,0,2: Two,,,6: Millions
OECD.TAD.ARP:DSD_AGR_POLIND@DF_COMM(1.2),AUS: Australia,A: Annual,BT: Budgetary transfers,CPC_EX_BV: Beef and veal,USD: US dollar,2024,0,2: Two,,,6: Millions
OECD.TAD.ARP:DSD_AGR_POLIND@DF_COMM(1.2),CAN: Canada,A: Annual,BT: Budgetary transfers,CPC_EX_BV: Beef and veal,USD: US dollar,2022,0,2: Two,,,6: Millions
OECD.TAD.ARP:DSD_AGR_POLIND@DF_COMM(1.2),KOR: Korea,A: Annual,BT: Budgetary transfers,CPC_EX_BV: Beef and veal,USD: US dollar,2022,0,2: Two,,,6: Millions
OECD.TAD.ARP:DSD_AGR_POLIND@DF_COMM(1.2),KOR: Korea,A: Annual,BT: Budgetary transfers,CPC_EX_BV: Beef and veal,USD: US dollar,2023,0,2: Two,,,6: Millions
OECD.TAD.ARP:DSD_AGR_POLIND@DF_COMM(1.2),KOR: Korea,A: Annual,BT: Budgetary transfers,CPC_EX_BV: Beef and veal,USD: US dollar,2024,0,2: Two,,,6: Millions
OECD.TAD.ARP:DSD_AGR_POLIND@DF_COMM(1.2),NZL: New Zealand,A: Annual,BT: Budgetary transfers,CPC_EX_BV: Beef and veal,USD: US dollar,2022,0,2: Two,,,6: Millions
OECD.TAD.ARP:DSD_AGR_POLIND@DF_COMM(1.2),NZL: New Zealand,A: Annual,BT: Budgetary transfers,CPC_EX_BV: Beef and veal,USD: US dollar,2023,0,2: Two,,,6: Millions
OECD.TAD.ARP:DSD_AGR_POLIND@DF_COMM(1.2),NZL: New Zealand,A: Annual,BT: Budgetary transfers,CPC_EX_BV: Beef and veal,USD: US dollar,2024,0,2: Two,,,6: Millions
OECD.TAD.ARP:DSD_AGR_POLIND@DF_COMM(1.2),USA: United States,A: Annual,BT: Budgetary transfers,CPC_EX_BV: Beef and veal,USD: US dollar,2022,0,2: Two,,,6: Millions
OECD.TAD.ARP:DSD_AGR_POLIND@DF_COMM(1.2),USA: United States,A: Annual,BT: Budgetary transfers,CPC_EX_BV: Beef and veal,USD: US dollar,2023,0,2: Two,,,6: Millions
OECD.TAD.ARP:DSD_AGR_POLIND@DF_COMM(1.2),USA: United States,A: Annual,BT: Budgetary transfers,CPC_EX_BV: Beef and veal,USD: US dollar,2024,0,2: Two,,,6: Millions
OECD.TAD.ARP:DSD_AGR_POLIND@DF_COMM(1.2),BRA: Brazil,A: Annual,BT: Budgetary transfers,CPC_EX_BV: Beef and veal,USD: US dollar,2022,0,2: Two,,,6: Millions
OECD.TAD.ARP:DSD_AGR_POLIND@DF_COMM(1.2),BRA: Brazil,A: Annual,BT: Budgetary transfers,CPC_EX_BV: Beef and veal,USD: US dollar,2023,0,2: Two,,,6: Millions
OECD.TAD.ARP:DSD_AGR_POLIND@DF_COMM(1.2),BRA: Brazil,A: Annual,BT: Budgetary transfers,CPC_EX_BV: Beef and veal,USD: US dollar,2024,0,2: Two,,,6: Millions
OECD.TAD.ARP:DSD_AGR_POLIND@DF_COMM(1.2),RUS: Russia,A: Annual,BT: Budgetary transfers,CPC_EX_BV: Beef and veal,USD: US dollar,2022,0,2: Two,,,6: Millions
OECD.TAD.ARP:DSD_AGR_POLIND@DF_COMM(1.2),RUS: Russia,A: Annual,BT: Budgetary transfers,CPC_EX_BV: Beef and veal,USD: US dollar,2023,0,2: Two,,,6: Millions
OECD.TAD.ARP:DSD_AGR_POLIND@DF_COMM(1.2),RUS: Russia,A: Annual,BT: Budgetary transfers,CPC_EX_BV: Beef and veal,USD: US dollar,2024,0,2: Two,,,6: Millions
OECD.TAD.ARP:DSD_AGR_POLIND@DF_COMM(1.2),VNM: Viet Nam,A: Annual,BT: Budgetary transfers,CPC_EX_BV: Beef and veal,USD: US dollar,2022,0,2: Two,,,6: Millions
OECD.TAD.ARP:DSD_AGR_POLIND@DF_COMM(1.2),VNM: Viet Nam,A: Annual,BT: Budgetary transfers,CPC_EX_BV: Beef and veal,USD: US dollar,2023,0,2: Two,,,6: Millions
OECD.TAD.ARP:DSD_AGR_POLIND@DF_COMM(1.2),VNM: Viet Nam,A: Annual,BT: Budgetary transfers,CPC_EX_BV: Beef and veal,USD: US dollar,2024,0,2: Two,,,6: Millions
OECD.TAD.ARP:DSD_AGR_POLIND@DF_COMM(1.2),AUS: Australia,A: Annual,TPT: Transfers to producers from taxpayers,CPC_022: Raw milk,USD: US dollar,2022,0,2: Two,,,6: Millions
OECD.TAD.ARP:DSD_AGR_POLIND@DF_COMM(1.2),AUS: Australia,A: Annual,TPT: Transfers to producers from taxpayers,CPC_022: Raw milk,USD: US dollar,2023,0,2: Two,,,6: Millions
OECD.TAD.ARP:DSD_AGR_POLIND@DF_COMM(1.2),AUS: Australia,A: Annual,TPT: Transfers to producers from taxpayers,CPC_022: Raw milk,USD: US dollar,2024,0,2: Two,,,6: Millions
OECD.TAD.ARP:DSD_AGR_POLIND@DF_COMM(1.2),CAN: Canada,A: Annual,TPT: Transfers to producers from taxpayers,CPC_022: Raw milk,USD: US dollar,2022,0,2: Two,,,6: Millions
OECD.TAD.ARP:DSD_AGR_POLIND@DF_COMM(1.2),CAN: Canada,A: Annual,TPT: Transfers to producers from taxpayers,CPC_022: Raw milk,USD: US dollar,2023,0,2: Two,,,6: Millions
OECD.TAD.ARP:DSD_AGR_POLIND@DF_COMM(1.2),CAN: Canada,A: Annual,TPT: Transfers to producers from taxpayers,CPC_022: Raw milk,USD: US dollar,2024,0,2: Two,,,6: Millions
OECD.TAD.ARP:DSD_AGR_POLIND@DF_COMM(1.2),KOR: Korea,A: Annual,TPT: Transfers to producers from taxpayers,CPC_022: Raw milk,USD: US dollar,2022,0,2: Two,,,6: Millions
OECD.TAD.ARP:DSD_AGR_POLIND@DF_COMM(1.2),KOR: Korea,A: Annual,TPT: Transfers to producers from taxpayers,CPC_022: Raw milk,USD: US dollar,2023,0,2: Two,,,6: Millions
OECD.TAD.ARP:DSD_AGR_POLIND@DF_COMM(1.2),KOR: Korea,A: Annual,TPT: Transfers to producers from taxpayers,CPC_022: Raw milk,USD: US dollar,2024,0,2: Two,,,6: Millions
OECD.TAD.ARP:DSD_AGR_POLIND@DF_COMM(1.2),NZL: New Zealand,A: Annual,TPT: Transfers to producers from taxpayers,CPC_022: Raw milk,USD: US dollar,2022,0,2: Two,,,6: Millions
OECD.TAD.ARP:DSD_AGR_POLIND@DF_COMM(1.2),NZL: New Zealand,A: Annual,TPT: Transfers to producers from taxpayers,CPC_022: Raw milk,USD: US dollar,2023,0,2: Two,,,6: Millions
OECD.TAD.ARP:DSD_AGR_POLIND@DF_COMM(1.2),NZL: New Zealand,A: Annual,TPT: Transfers to producers from taxpayers,CPC_022: Raw milk,USD: US dollar,2024,0,2: Two,,,6: Millions
OECD.TAD.ARP:DSD_AGR_POLIND@DF_COMM(1.2),USA: United States,A: Annual,TPT: Transfers to producers from taxpayers,CPC_022: Raw milk,USD: US dollar,2022,0,2: Two,,,6: Millions
OECD.TAD.ARP:DSD_AGR_POLIND@DF_COMM(1.2),USA: United States,A: Annual,TPT: Transfers to producers from taxpayers,CPC_022: Raw milk,USD: US dollar,2023,0,2: Two,,,6: Millions
OECD.TAD.ARP:DSD_AGR_POLIND@DF_COMM(1.2),USA: United States,A: Annual,TPT: Transfers to producers from taxpayers,CPC_022: Raw milk,USD: US dollar,2024,0,2: Two,,,6: Millions
OECD.TAD.ARP:DSD_AGR_POLIND@DF_COMM(1.2),EU: European Union,A: Annual,TPT: Transfers to producers from taxpayers,CPC_022: Raw milk,USD: US dollar,2022,0,2: Two,,,6: Millions
OECD.TAD.ARP:DSD_AGR_POLIND@DF_COMM(1.2),EU: European Union,A: Annual,TPT: Transfers to producers from taxpayers,CPC_022: Raw milk,USD: US dollar,2023,0,2: Two,,,6: Millions
OECD.TAD.ARP:DSD_AGR_POLIND@DF_COMM(1.2),EU: European Union,A: Annual,TPT: Transfers to producers from taxpayers,CPC_022: Raw milk,USD: US dollar,2024,0,2: Two,,,6: Millions
OECD.TAD.ARP:DSD_AGR_POLIND@DF_COMM(1.2),BRA: Brazil,A: Annual,TPT: Transfers to producers from taxpayers,CPC_022: Raw milk,USD: US dollar,2023,0,2: Two,,,6: Millions
OECD.TAD.ARP:DSD_AGR_POLIND@DF_COMM(1.2),RUS: Russia,A: Annual,TPT: Transfers to producers from taxpayers,CPC_022: Raw milk,USD: US dollar,2022,0,2: Two,,,6: Millions
OECD.TAD.ARP:DSD_AGR_POLIND@DF_COMM(1.2),RUS: Russia,A: Annual,TPT: Transfers to producers from taxpayers,CPC_022: Raw milk,USD: US dollar,2023,0,2: Two,,,6: Millions
OECD.TAD.ARP:DSD_AGR_POLIND@DF_COMM(1.2),RUS: Russia,A: Annual,TPT: Transfers to producers from taxpayers,CPC_022: Raw milk,USD: US dollar,2024,0,2: Two,,,6: Millions
OECD.TAD.ARP:DSD_AGR_POLIND@DF_COMM(1.2),AUS: Australia,A: Annual,TPT: Transfers to producers from taxpayers,CPC_EX_PT: Poultry meat,USD: US dollar,2022,0,2: Two,,,6: Millions
OECD.TAD.ARP:DSD_AGR_POLIND@DF_COMM(1.2),AUS: Australia,A: Annual,TPT: Transfers to producers from taxpayers,CPC_EX_PT: Poultry meat,USD: US dollar,2023,0,2: Two,,,6: Millions
OECD.TAD.ARP:DSD_AGR_POLIND@DF_COMM(1.2),AUS: Australia,A: Annual,TPT: Transfers to producers from taxpayers,CPC_EX_PT: Poultry meat,USD: US dollar,2024,0,2: Two,,,6: Millions
OECD.TAD.ARP:DSD_AGR_POLIND@DF_COMM(1.2),CAN: Canada,A: Annual,TPT: Transfers to producers from taxpayers,CPC_EX_PT: Poultry meat,USD: US dollar,2022,0,2: Two,,,6: Millions
OECD.TAD.ARP:DSD_AGR_POLIND@DF_COMM(1.2),CAN: Canada,A: Annual,TPT: Transfers to producers from taxpayers,CPC_EX_PT: Poultry meat,USD: US dollar,2023,0,2: Two,,,6: Millions
OECD.TAD.ARP:DSD_AGR_POLIND@DF_COMM(1.2),KOR: Korea,A: Annual,TPT: Transfers to producers from taxpayers,CPC_EX_PT: Poultry meat,USD: US dollar,2022,0,2: Two,,,6: Millions
OECD.TAD.ARP:DSD_AGR_POLIND@DF_COMM(1.2),KOR: Korea,A: Annual,TPT: Transfers to producers from taxpayers,CPC_EX_PT: Poultry meat,USD: US dollar,2023,0,2: Two,,,6: Millions
OECD.TAD.ARP:DSD_AGR_POLIND@DF_COMM(1.2),KOR: Korea,A: Annual,TPT: Transfers to producers from taxpayers,CPC_EX_PT: Poultry meat,USD: US dollar,2024,0,2: Two,,,6: Millions
OECD.TAD.ARP:DSD_AGR_POLIND@DF_COMM(1.2),NZL: New Zealand,A: Annual,TPT: Transfers to producers from taxpayers,CPC_EX_PT: Poultry meat,USD: US dollar,2022,0,2: Two,,,6: Millions
OECD.TAD.ARP:DSD_AGR_POLIND@DF_COMM(1.2),NZL: New Zealand,A: Annual,TPT: Transfers to producers from taxpayers,CPC_EX_PT: Poultry meat,USD: US dollar,2023,0,2: Two,,,6: Millions
OECD.TAD.ARP:DSD_AGR_POLIND@DF_COMM(1.2),NZL: New Zealand,A: Annual,TPT: Transfers to producers from taxpayers,CPC_EX_PT: Poultry meat,USD: US dollar,2024,0,2: Two,,,6: Millions
OECD.TAD.ARP:DSD_AGR_POLIND@DF_COMM(1.2),USA: United States,A: Annual,TPT: Transfers to producers from taxpayers,CPC_EX_PT: Poultry meat,USD: US dollar,2022,0,2: Two,,,6: Millions
OECD.TAD.ARP:DSD_AGR_POLIND@DF_COMM(1.2),USA: United States,A: Annual,TPT: Transfers to producers from taxpayers,CPC_EX_PT: Poultry meat,USD: US dollar,2023,0,2: Two,,,6: Millions
OECD.TAD.ARP:DSD_AGR_POLIND@DF_COMM(1.2),USA: United States,A: Annual,TPT: Transfers to producers from taxpayers,CPC_EX_PT: Poultry meat,USD: US dollar,2024,0,2: Two,,,6: Millions
OECD.TAD.ARP:DSD_AGR_POLIND@DF_COMM(1.2),BRA: Brazil,A: Annual,TPT: Transfers to producers from taxpayers,CPC_EX_PT: Poultry meat,USD: US dollar,2022,0,2: Two,,,6: Millions
OECD.TAD.ARP:DSD_AGR_POLIND@DF_COMM(1.2),BRA: Brazil,A: Annual,TPT: Transfers to producers from taxpayers,CPC_EX_PT: Poultry meat,USD: US dollar,2023,0,2: Two,,,6: Millions
OECD.TAD.ARP:DSD_AGR_POLIND@DF_COMM(1.2),BRA: Brazil,A: Annual,TPT: Transfers to producers from taxpayers,CPC_EX_PT: Poultry meat,USD: US dollar,2024,0,2: Two,,,6: Millions
OECD.TAD.ARP:DSD_AGR_POLIND@DF_COMM(1.2),IND: India,A: Annual,TPT: Transfers to producers from taxpayers,CPC_EX_PT: Poultry meat,USD: US dollar,2022,0,2: Two,,,6: Millions
OECD.TAD.ARP:DSD_AGR_POLIND@DF_COMM(1.2),IND: India,A: Annual,TPT: Transfers to producers from taxpayers,CPC_EX_PT: Poultry meat,USD: US dollar,2023,0,2: Two,,,6: Millions
OECD.TAD.ARP:DSD_AGR_POLIND@DF_COMM(1.2),IND: India,A: Annual,TPT: Transfers to producers from taxpayers,CPC_EX_PT: Poultry meat,USD: US dollar,2024,0,2: Two,,,6: Millions
OECD.TAD.ARP:DSD_AGR_POLIND@DF_COMM(1.2),RUS: Russia,A: Annual,TPT: Transfers to producers from taxpayers,CPC_EX_PT: Poultry meat,USD: US dollar,2023,0,2: Two,,,6: Millions
OECD.TAD.ARP:DSD_AGR_POLIND@DF_COMM(1.2),RUS: Russia,A: Annual,TPT: Transfers to producers from taxpayers,CPC_EX_PT: Poultry meat,USD: US dollar,2024,0,2: Two,,,6: Millions
OECD.TAD.ARP:DSD_AGR_POLIND@DF_COMM(1.2),VNM: Viet Nam,A: Annual,TPT: Transfers to producers from taxpayers,CPC_EX_PT: Poultry meat,USD: US dollar,2022,0,2: Two,,,6: Millions
OECD.TAD.ARP:DSD_AGR_POLIND@DF_COMM(1.2),VNM: Viet Nam,A: Annual,TPT: Transfers to producers from taxpayers,CPC_EX_PT: Poultry meat,USD: US dollar,2023,0,2: Two,,,6: Millions
OECD.TAD.ARP:DSD_AGR_POLIND@DF_COMM(1.2),VNM: Viet Nam,A: Annual,TPT: Transfers to producers from taxpayers,CPC_EX_PT: Poultry meat,USD: US dollar,2024,0,2: Two,,,6: Millions
OECD.TAD.ARP:DSD_AGR_POLIND@DF_COMM(1.2),AUS: Australia,A: Annual,TPT: Transfers to producers from taxpayers,CPC_EX_PK: Pigmeat,USD: US dollar,2022,0,2: Two,,,6: Millions
OECD.TAD.ARP:DSD_AGR_POLIND@DF_COMM(1.2),AUS: Australia,A: Annual,TPT: Transfers to producers from taxpayers,CPC_EX_PK: Pigmeat,USD: US dollar,2023,0,2: Two,,,6: Millions
OECD.TAD.ARP:DSD_AGR_POLIND@DF_COMM(1.2),AUS: Australia,A: Annual,TPT: Transfers to producers from taxpayers,CPC_EX_PK: Pigmeat,USD: US dollar,2024,0,2: Two,,,6: Millions
OECD.TAD.ARP:DSD_AGR_POLIND@DF_COMM(1.2),CAN: Canada,A: Annual,TPT: Transfers to producers from taxpayers,CPC_EX_PK: Pigmeat,USD: US dollar,2022,0,2: Two,,,6: Millions
OECD.TAD.ARP:DSD_AGR_POLIND@DF_COMM(1.2),CAN: Canada,A: Annual,TPT: Transfers to producers from taxpayers,CPC_EX_PK: Pigmeat,USD: US dollar,2023,0,2: Two,,,6: Millions
OECD.TAD.ARP:DSD_AGR_POLIND@DF_COMM(1.2),CAN: Canada,A: Annual,TPT: Transfers to producers from taxpayers,CPC_EX_PK: Pigmeat,USD: US dollar,2024,0,2: Two,,,6: Millions
OECD.TAD.ARP:DSD_AGR_POLIND@DF_COMM(1.2),NZL: New Zealand,A: Annual,TPT: Transfers to producers from taxpayers,CPC_EX_PK: Pigmeat,USD: US dollar,2022,0,2: Two,,,6: Millions
OECD.TAD.ARP:DSD_AGR_POLIND@DF_COMM(1.2),NZL: New Zealand,A: Annual,TPT: Transfers to producers from taxpayers,CPC_EX_PK: Pigmeat,USD: US dollar,2023,0,2: Two,,,6: Millions
OECD.TAD.ARP:DSD_AGR_POLIND@DF_COMM(1.2),NZL: New Zealand,A: Annual,TPT: Transfers to producers from taxpayers,CPC_EX_PK: Pigmeat,USD: US dollar,2024,0,2: Two,,,6: Millions
OECD.TAD.ARP:DSD_AGR_POLIND@DF_COMM(1.2),USA: United States,A: Annual,TPT: Transfers to producers from taxpayers,CPC_EX_PK: Pigmeat,USD: US dollar,2022,0,2: Two,,,6: Millions
OECD.TAD.ARP:DSD_AGR_POLIND@DF_COMM(1.2),USA: United States,A: Annual,TPT: Transfers to producers from taxpayers,CPC_EX_PK: Pigmeat,USD: US dollar,2023,0,2: Two,,,6: Millions
OECD.TAD.ARP:DSD_AGR_POLIND@DF_COMM(1.2),USA: United States,A: Annual,TPT: Transfers to producers from taxpayers,CPC_EX_PK: Pigmeat,USD: US dollar,2024,0,2: Two,,,6: Millions
OECD.TAD.ARP:DSD_AGR_POLIND@DF_COMM(1.2),EU: European Union,A: Annual,TPT: Transfers to producers from taxpayers,CPC_EX_PK: Pigmeat,USD: US dollar,2022,0,2: Two,,,6: Millions
OECD.TAD.ARP:DSD_AGR_POLIND@DF_COMM(1.2),BRA: Brazil,A: Annual,TPT: Transfers to producers from taxpayers,CPC_EX_PK: Pigmeat,USD: US dollar,2022,0,2: Two,,,6: Millions
OECD.TAD.ARP:DSD_AGR_POLIND@DF_COMM(1.2),BRA: Brazil,A: Annual,TPT: Transfers to producers from taxpayers,CPC_EX_PK: Pigmeat,USD: US dollar,2023,0,2: Two,,,6: Millions
OECD.TAD.ARP:DSD_AGR_POLIND@DF_COMM(1.2),RUS: Russia,A: Annual,TPT: Transfers to producers from taxpayers,CPC_EX_PK: Pigmeat,USD: US dollar,2022,0,2: Two,,,6: Millions
OECD.TAD.ARP:DSD_AGR_POLIND@DF_COMM(1.2),RUS: Russia,A: Annual,TPT: Transfers to producers from taxpayers,CPC_EX_PK: Pigmeat,USD: US dollar,2023,0,2: Two,,,6: Millions
OECD.TAD.ARP:DSD_AGR_POLIND@DF_COMM(1.2),RUS: Russia,A: Annual,TPT: Transfers to producers from taxpayers,CPC_EX_PK: Pigmeat,USD: US dollar,2024,0,2: Two,,,6: Millions
OECD.TAD.ARP:DSD_AGR_POLIND@DF_COMM(1.2),VNM: Viet Nam,A: Annual,TPT: Transfers to producers from taxpayers,CPC_EX_PK: Pigmeat,USD: US dollar,2022,0,2: Two,,,6: Millions
OECD.TAD.ARP:DSD_AGR_POLIND@DF_COMM(1.2),VNM: Viet Nam,A: Annual,TPT: Transfers to producers from taxpayers,CPC_EX_PK: Pigmeat,USD: US dollar,2023,0,2: Two,,,6: Millions
OECD.TAD.ARP:DSD_AGR_POLIND@DF_COMM(1.2),VNM: Viet Nam,A: Annual,TPT: Transfers to producers from taxpayers,CPC_EX_PK: Pigmeat,USD: US dollar,2024,0,2: Two,,,6: Millions
OECD.TAD.ARP:DSD_AGR_POLIND@DF_COMM(1.2),AUS: Australia,A: Annual,TPT: Transfers to producers from taxpayers,CPC_EX_BV: Beef and veal,USD: US dollar,2022,0,2: Two,,,6: Millions
OECD.TAD.ARP:DSD_AGR_POLIND@DF_COMM(1.2),AUS: Australia,A: Annual,TPT: Transfers to producers from taxpayers,CPC_EX_BV: Beef and veal,USD: US dollar,2023,0,2: Two,,,6: Millions
OECD.TAD.ARP:DSD_AGR_POLIND@DF_COMM(1.2),AUS: Australia,A: Annual,TPT: Transfers to producers from taxpayers,CPC_EX_BV: Beef and veal,USD: US dollar,2024,0,2: Two,,,6: Millions
OECD.TAD.ARP:DSD_AGR_POLIND@DF_COMM(1.2),CAN: Canada,A: Annual,TPT: Transfers to producers from taxpayers,CPC_EX_BV: Beef and veal,USD: US dollar,2022,0,2: Two,,,6: Millions
OECD.TAD.ARP:DSD_AGR_POLIND@DF_COMM(1.2),KOR: Korea,A: Annual,TPT: Transfers to producers from taxpayers,CPC_EX_BV: Beef and veal,USD: US dollar,2022,0,2: Two,,,6: Millions
OECD.TAD.ARP:DSD_AGR_POLIND@DF_COMM(1.2),KOR: Korea,A: Annual,TPT: Transfers to producers from taxpayers,CPC_EX_BV: Beef and veal,USD: US dollar,2023,0,2: Two,,,6: Millions
OECD.TAD.ARP:DSD_AGR_POLIND@DF_COMM(1.2),KOR: Korea,A: Annual,TPT: Transfers to producers from taxpayers,CPC_EX_BV: Beef and veal,USD: US dollar,2024,0,2: Two,,,6: Millions
OECD.TAD.ARP:DSD_AGR_POLIND@DF_COMM(1.2),NZL: New Zealand,A: Annual,TPT: Transfers to producers from taxpayers,CPC_EX_BV: Beef and veal,USD: US dollar,2022,0,2: Two,,,6: Millions
OECD.TAD.ARP:DSD_AGR_POLIND@DF_COMM(1.2),NZL: New Zealand,A: Annual,TPT: Transfers to producers from taxpayers,CPC_EX_BV: Beef and veal,USD: US dollar,2023,0,2: Two,,,6: Millions
OECD.TAD.ARP:DSD_AGR_POLIND@DF_COMM(1.2),NZL: New Zealand,A: Annual,TPT: Transfers to producers from taxpayers,CPC_EX_BV: Beef and veal,USD: US dollar,2024,0,2: Two,,,6: Millions
OECD.TAD.ARP:DSD_AGR_POLIND@DF_COMM(1.2),USA: United States,A: Annual,TPT: Transfers to producers from taxpayers,CPC_EX_BV: Beef and veal,USD: US dollar,2022,0,2: Two,,,6: Millions
OECD.TAD.ARP:DSD_AGR_POLIND@DF_COMM(1.2),USA: United States,A: Annual,TPT: Transfers to producers from taxpayers,CPC_EX_BV: Beef and veal,USD: US dollar,2023,0,2: Two,,,6: Millions
OECD.TAD.ARP:DSD_AGR_POLIND@DF_COMM(1.2),USA: United States,A: Annual,TPT: Transfers to producers from taxpayers,CPC_EX_BV: Beef and veal,USD: US dollar,2024,0,2: Two,,,6: Millions
OECD.TAD.ARP:DSD_AGR_POLIND@DF_COMM(1.2),BRA: Brazil,A: Annual,TPT: Transfers to producers from taxpayers,CPC_EX_BV: Beef and veal,USD: US dollar,2022,0,2: Two,,,6: Millions
OECD.TAD.ARP:DSD_AGR_POLIND@DF_COMM(1.2),BRA: Brazil,A: Annual,TPT: Transfers to producers from taxpayers,CPC_EX_BV: Beef and veal,USD: US dollar,2023,0,2: Two,,,6: Millions
OECD.TAD.ARP:DSD_AGR_POLIND@DF_COMM(1.2),BRA: Brazil,A: Annual,TPT: Transfers to producers from taxpayers,CPC_EX_BV: Beef and veal,USD: US dollar,2024,0,2: Two,,,6: Millions
OECD.TAD.ARP:DSD_AGR_POLIND@DF_COMM(1.2),RUS: Russia,A: Annual,TPT: Transfers to producers from taxpayers,CPC_EX_BV: Beef and veal,USD: US dollar,2022,0,2: Two,,,6: Millions
OECD.TAD.ARP:DSD_AGR_POLIND@DF_COMM(1.2),RUS: Russia,A: Annual,TPT: Transfers to producers from taxpayers,CPC_EX_BV: Beef and veal,USD: US dollar,2023,0,2: Two,,,6: Millions
OECD.TAD.ARP:DSD_AGR_POLIND@DF_COMM(1.2),RUS: Russia,A: Annual,TPT: Transfers to producers from taxpayers,CPC_EX_BV: Beef and veal,USD: US dollar,2024,0,2: Two,,,6: Millions
OECD.TAD.ARP:DSD_AGR_POLIND@DF_COMM(1.2),VNM: Viet Nam,A: Annual,TPT: Transfers to producers from taxpayers,CPC_EX_BV: Beef and veal,USD: US dollar,2022,0,2: Two,,,6: Millions
OECD.TAD.ARP:DSD_AGR_POLIND@DF_COMM(1.2),VNM: Viet Nam,A: Annual,TPT: Transfers to producers from taxpayers,CPC_EX_BV: Beef and veal,USD: US dollar,2023,0,2: Two,,,6: Millions
OECD.TAD.ARP:DSD_AGR_POLIND@DF_COMM(1.2),VNM: Viet Nam,A: Annual,TPT: Transfers to producers from taxpayers,CPC_EX_BV: Beef and veal,USD: US dollar,2024,0,2: Two,,,6: Millions
OECD.TAD.ARP:DSD_AGR_POLIND@DF_COMM(1.2),AUS: Australia,A: Annual,PO: Payments based on output,CPC_022: Raw milk,USD: US dollar,2022,0,2: Two,,,6: Millions
OECD.TAD.ARP:DSD_AGR_POLIND@DF_COMM(1.2),AUS: Australia,A: Annual,PO: Payments based on output,CPC_022: Raw milk,USD: US dollar,2023,0,2: Two,,,6: Millions
OECD.TAD.ARP:DSD_AGR_POLIND@DF_COMM(1.2),AUS: Australia,A: Annual,PO: Payments based on output,CPC_022: Raw milk,USD: US dollar,2024,0,2: Two,,,6: Millions
OECD.TAD.ARP:DSD_AGR_POLIND@DF_COMM(1.2),CAN: Canada,A: Annual,PO: Payments based on output,CPC_022: Raw milk,USD: US dollar,2022,0,2: Two,,,6: Millions
OECD.TAD.ARP:DSD_AGR_POLIND@DF_COMM(1.2),CAN: Canada,A: Annual,PO: Payments based on output,CPC_022: Raw milk,USD: US dollar,2023,0,2: Two,,,6: Millions
OECD.TAD.ARP:DSD_AGR_POLIND@DF_COMM(1.2),CAN: Canada,A: Annual,PO: Payments based on output,CPC_022: Raw milk,USD: US dollar,2024,0,2: Two,,,6: Millions
OECD.TAD.ARP:DSD_AGR_POLIND@DF_COMM(1.2),KOR: Korea,A: Annual,PO: Payments based on output,CPC_022: Raw milk,USD: US dollar,2022,0,2: Two,,,6: Millions
OECD.TAD.ARP:DSD_AGR_POLIND@DF_COMM(1.2),KOR: Korea,A: Annual,PO: Payments based on output,CPC_022: Raw milk,USD: US dollar,2023,0,2: Two,,,6: Millions
OECD.TAD.ARP:DSD_AGR_POLIND@DF_COMM(1.2),KOR: Korea,A: Annual,PO: Payments based on output,CPC_022: Raw milk,USD: US dollar,2024,0,2: Two,,,6: Millions
OECD.TAD.ARP:DSD_AGR_POLIND@DF_COMM(1.2),NZL: New Zealand,A: Annual,PO: Payments based on output,CPC_022: Raw milk,USD: US dollar,2022,0,2: Two,,,6: Millions
OECD.TAD.ARP:DSD_AGR_POLIND@DF_COMM(1.2),NZL: New Zealand,A: Annual,PO: Payments based on output,CPC_022: Raw milk,USD: US dollar,2023,0,2: Two,,,6: Millions
OECD.TAD.ARP:DSD_AGR_POLIND@DF_COMM(1.2),NZL: New Zealand,A: Annual,PO: Payments based on output,CPC_022: Raw milk,USD: US dollar,2024,0,2: Two,,,6: Millions
OECD.TAD.ARP:DSD_AGR_POLIND@DF_COMM(1.2),USA: United States,A: Annual,PO: Payments based on output,CPC_022: Raw milk,USD: US dollar,2023,0,2: Two,,,6: Millions
OECD.TAD.ARP:DSD_AGR_POLIND@DF_COMM(1.2),USA: United States,A: Annual,PO: Payments based on output,CPC_022: Raw milk,USD: US dollar,2024,0,2: Two,,,6: Millions
OECD.TAD.ARP:DSD_AGR_POLIND@DF_COMM(1.2),IND: India,A: Annual,PO: Payments based on output,CPC_022: Raw milk,USD: US dollar,2022,0,2: Two,,,6: Millions
OECD.TAD.ARP:DSD_AGR_POLIND@DF_COMM(1.2),IND: India,A: Annual,PO: Payments based on output,CPC_022: Raw milk,USD: US dollar,2023,0,2: Two,,,6: Millions
OECD.TAD.ARP:DSD_AGR_POLIND@DF_COMM(1.2),IND: India,A: Annual,PO: Payments based on output,CPC_022: Raw milk,USD: US dollar,2024,0,2: Two,,,6: Millions
OECD.TAD.ARP:DSD_AGR_POLIND@DF_COMM(1.2),AUS: Australia,A: Annual,PO: Payments based on output,CPC_EX_PK: Pigmeat,USD: US dollar,2022,0,2: Two,,,6: Millions
OECD.TAD.ARP:DSD_AGR_POLIND@DF_COMM(1.2),AUS: Australia,A: Annual,PO: Payments based on output,CPC_EX_PK: Pigmeat,USD: US dollar,2023,0,2: Two,,,6: Millions
OECD.TAD.ARP:DSD_AGR_POLIND@DF_COMM(1.2),AUS: Australia,A: Annual,PO: Payments based on output,CPC_EX_PK: Pigmeat,USD: US dollar,2024,0,2: Two,,,6: Millions
OECD.TAD.ARP:DSD_AGR_POLIND@DF_COMM(1.2),CAN: Canada,A: Annual,PO: Payments based on output,CPC_EX_PK: Pigmeat,USD: US dollar,2022,0,2: Two,,,6: Millions
OECD.TAD.ARP:DSD_AGR_POLIND@DF_COMM(1.2),CAN: Canada,A: Annual,PO: Payments based on output,CPC_EX_PK: Pigmeat,USD: US dollar,2023,0,2: Two,,,6: Millions
OECD.TAD.ARP:DSD_AGR_POLIND@DF_COMM(1.2),CAN: Canada,A: Annual,PO: Payments based on output,CPC_EX_PK: Pigmeat,USD: US dollar,2024,0,2: Two,,,6: Millions
OECD.TAD.ARP:DSD_AGR_POLIND@DF_COMM(1.2),KOR: Korea,A: Annual,PO: Payments based on output,CPC_EX_PK: Pigmeat,USD: US dollar,2022,0,2: Two,,,6: Millions
OECD.TAD.ARP:DSD_AGR_POLIND@DF_COMM(1.2),KOR: Korea,A: Annual,PO: Payments based on output,CPC_EX_PK: Pigmeat,USD: US dollar,2023,0,2: Two,,,6: Millions
OECD.TAD.ARP:DSD_AGR_POLIND@DF_COMM(1.2),KOR: Korea,A: Annual,PO: Payments based on output,CPC_EX_PK: Pigmeat,USD: US dollar,2024,0,2: Two,,,6: Millions
OECD.TAD.ARP:DSD_AGR_POLIND@DF_COMM(1.2),NZL: New Zealand,A: Annual,PO: Payments based on output,CPC_EX_PK: Pigmeat,USD: US dollar,2022,0,2: Two,,,6: Millions
OECD.TAD.ARP:DSD_AGR_POLIND@DF_COMM(1.2),NZL: New Zealand,A: Annual,PO: Payments based on output,CPC_EX_PK: Pigmeat,USD: US dollar,2023,0,2: Two,,,6: Millions
OECD.TAD.ARP:DSD_AGR_POLIND@DF_COMM(1.2),NZL: New Zealand,A: Annual,PO: Payments based on output,CPC_EX_PK: Pigmeat,USD: US dollar,2024,0,2: Two,,,6: Millions
OECD.TAD.ARP:DSD_AGR_POLIND@DF_COMM(1.2),USA: United States,A: Annual,PO: Payments based on output,CPC_EX_PK: Pigmeat,USD: US dollar,2022,0,2: Two,,,6: Millions
OECD.TAD.ARP:DSD_AGR_POLIND@DF_COMM(1.2),USA: United States,A: Annual,PO: Payments based on output,CPC_EX_PK: Pigmeat,USD: US dollar,2023,0,2: Two,,,6: Millions
OECD.TAD.ARP:DSD_AGR_POLIND@DF_COMM(1.2),USA: United States,A: Annual,PO: Payments based on output,CPC_EX_PK: Pigmeat,USD: US dollar,2024,0,2: Two,,,6: Millions
OECD.TAD.ARP:DSD_AGR_POLIND@DF_COMM(1.2),EU: European Union,A: Annual,PO: Payments based on output,CPC_EX_PK: Pigmeat,USD: US dollar,2022,0,2: Two,,,6: Millions
OECD.TAD.ARP:DSD_AGR_POLIND@DF_COMM(1.2),EU: European Union,A: Annual,PO: Payments based on output,CPC_EX_PK: Pigmeat,USD: US dollar,2023,0,2: Two,,,6: Millions
OECD.TAD.ARP:DSD_AGR_POLIND@DF_COMM(1.2),EU: European Union,A: Annual,PO: Payments based on output,CPC_EX_PK: Pigmeat,USD: US dollar,2024,0,2: Two,,,6: Millions
OECD.TAD.ARP:DSD_AGR_POLIND@DF_COMM(1.2),RUS: Russia,A: Annual,PO: Payments based on output,CPC_EX_PK: Pigmeat,USD: US dollar,2022,0,2: Two,,,6: Millions
OECD.TAD.ARP:DSD_AGR_POLIND@DF_COMM(1.2),RUS: Russia,A: Annual,PO: Payments based on output,CPC_EX_PK: Pigmeat,USD: US dollar,2023,0,2: Two,,,6: Millions
OECD.TAD.ARP:DSD_AGR_POLIND@DF_COMM(1.2),RUS: Russia,A: Annual,PO: Payments based on output,CPC_EX_PK: Pigmeat,USD: US dollar,2024,0,2: Two,,,6: Millions
OECD.TAD.ARP:DSD_AGR_POLIND@DF_COMM(1.2),VNM: Viet Nam,A: Annual,PO: Payments based on output,CPC_EX_PK: Pigmeat,USD: US dollar,2022,0,2: Two,,,6: Millions
OECD.TAD.ARP:DSD_AGR_POLIND@DF_COMM(1.2),VNM: Viet Nam,A: Annual,PO: Payments based on output,CPC_EX_PK: Pigmeat,USD: US dollar,2023,0,2: Two,,,6: Millions
OECD.TAD.ARP:DSD_AGR_POLIND@DF_COMM(1.2),VNM: Viet Nam,A: Annual,PO: Payments based on output,CPC_EX_PK: Pigmeat,USD: US dollar,2024,0,2: Two,,,6: Millions
OECD.TAD.ARP:DSD_AGR_POLIND@DF_COMM(1.2),AUS: Australia,A: Annual,PO: Payments based on output,CPC_EX_BV: Beef and veal,USD: US dollar,2022,0,2: Two,,,6: Millions
OECD.TAD.ARP:DSD_AGR_POLIND@DF_COMM(1.2),AUS: Australia,A: Annual,PO: Payments based on output,CPC_EX_BV: Beef and veal,USD: US dollar,2023,0,2: Two,,,6: Millions
OECD.TAD.ARP:DSD_AGR_POLIND@DF_COMM(1.2),AUS: Australia,A: Annual,PO: Payments based on output,CPC_EX_BV: Beef and veal,USD: US dollar,2024,0,2: Two,,,6: Millions
OECD.TAD.ARP:DSD_AGR_POLIND@DF_COMM(1.2),CAN: Canada,A: Annual,PO: Payments based on output,CPC_EX_BV: Beef and veal,USD: US dollar,2022,0,2: Two,,,6: Millions
OECD.TAD.ARP:DSD_AGR_POLIND@DF_COMM(1.2),CAN: Canada,A: Annual,PO: Payments based on output,CPC_EX_BV: Beef and veal,USD: US dollar,2023,0,2: Two,,,6: Millions
OECD.TAD.ARP:DSD_AGR_POLIND@DF_COMM(1.2),CAN: Canada,A: Annual,PO: Payments based on output,CPC_EX_BV: Beef and veal,USD: US dollar,2024,0,2: Two,,,6: Millions
OECD.TAD.ARP:DSD_AGR_POLIND@DF_COMM(1.2),KOR: Korea,A: Annual,PO: Payments based on output,CPC_EX_BV: Beef and veal,USD: US dollar,2022,0,2: Two,,,6: Millions
OECD.TAD.ARP:DSD_AGR_POLIND@DF_COMM(1.2),KOR: Korea,A: Annual,PO: Payments based on output,CPC_EX_BV: Beef and veal,USD: US dollar,2023,0,2: Two,,,6: Millions
OECD.TAD.ARP:DSD_AGR_POLIND@DF_COMM(1.2),KOR: Korea,A: Annual,PO: Payments based on output,CPC_EX_BV: Beef and veal,USD: US dollar,2024,0,2: Two,,,6: Millions
OECD.TAD.ARP:DSD_AGR_POLIND@DF_COMM(1.2),NZL: New Zealand,A: Annual,PO: Payments based on output,CPC_EX_BV: Beef and veal,USD: US dollar,2022,0,2: Two,,,6: Millions
OECD.TAD.ARP:DSD_AGR_POLIND@DF_COMM(1.2),NZL: New Zealand,A: Annual,PO: Payments based on output,CPC_EX_BV: Beef and veal,USD: US dollar,2023,0,2: Two,,,6: Millions
OECD.TAD.ARP:DSD_AGR_POLIND@DF_COMM(1.2),NZL: New Zealand,A: Annual,PO: Payments based on output,CPC_EX_BV: Beef and veal,USD: US dollar,2024,0,2: Two,,,6: Millions
OECD.TAD.ARP:DSD_AGR_POLIND@DF_COMM(1.2),USA: United States,A: Annual,PO: Payments based on output,CPC_EX_BV: Beef and veal,USD: US dollar,2022,0,2: Two,,,6: Millions
OECD.TAD.ARP:DSD_AGR_POLIND@DF_COMM(1.2),USA: United States,A: Annual,PO: Payments based on output,CPC_EX_BV: Beef and veal,USD: US dollar,2023,0,2: Two,,,6: Millions
OECD.TAD.ARP:DSD_AGR_POLIND@DF_COMM(1.2),USA: United States,A: Annual,PO: Payments based on output,CPC_EX_BV: Beef and veal,USD: US dollar,2024,0,2: Two,,,6: Millions
OECD.TAD.ARP:DSD_AGR_POLIND@DF_COMM(1.2),EU: European Union,A: Annual,PO: Payments based on output,CPC_EX_BV: Beef and veal,USD: US dollar,2022,0,2: Two,,,6: Millions
OECD.TAD.ARP:DSD_AGR_POLIND@DF_COMM(1.2),EU: European Union,A: Annual,PO: Payments based on output,CPC_EX_BV: Beef and veal,USD: US dollar,2023,0,2: Two,,,6: Millions
OECD.TAD.ARP:DSD_AGR_POLIND@DF_COMM(1.2),EU: European Union,A: Annual,PO: Payments based on output,CPC_EX_BV: Beef and veal,USD: US dollar,2024,0,2: Two,,,6: Millions
OECD.TAD.ARP:DSD_AGR_POLIND@DF_COMM(1.2),IND: India,A: Annual,PO: Payments based on output,CPC_EX_BV: Beef and veal,USD: US dollar,2022,0,2: Two,,,6: Millions
OECD.TAD.ARP:DSD_AGR_POLIND@DF_COMM(1.2),IND: India,A: Annual,PO: Payments based on output,CPC_EX_BV: Beef and veal,USD: US dollar,2023,0,2: Two,,,6: Millions
OECD.TAD.ARP:DSD_AGR_POLIND@DF_COMM(1.2),IND: India,A: Annual,PO: Payments based on output,CPC_EX_BV: Beef and veal,USD: US dollar,2024,0,2: Two,,,6: Millions
OECD.TAD.ARP:DSD_AGR_POLIND@DF_COMM(1.2),RUS: Russia,A: Annual,PO: Payments based on output,CPC_EX_BV: Beef and veal,USD: US dollar,2022,0,2: Two,,,6: Millions
OECD.TAD.ARP:DSD_AGR_POLIND@DF_COMM(1.2),RUS: Russia,A: Annual,PO: Payments based on output,CPC_EX_BV: Beef and veal,USD: US dollar,2023,0,2: Two,,,6: Millions
OECD.TAD.ARP:DSD_AGR_POLIND@DF_COMM(1.2),RUS: Russia,A: Annual,PO: Payments based on output,CPC_EX_BV: Beef and veal,USD: US dollar,2024,0,2: Two,,,6: Millions
OECD.TAD.ARP:DSD_AGR_POLIND@DF_COMM(1.2),VNM: Viet Nam,A: Annual,PO: Payments based on output,CPC_EX_BV: Beef and veal,USD: US dollar,2022,0,2: Two,,,6: Millions
OECD.TAD.ARP:DSD_AGR_POLIND@DF_COMM(1.2),VNM: Viet Nam,A: Annual,PO: Payments based on output,CPC_EX_BV: Beef and veal,USD: US dollar,2023,0,2: Two,,,6: Millions
OECD.TAD.ARP:DSD_AGR_POLIND@DF_COMM(1.2),VNM: Viet Nam,A: Annual,PO: Payments based on output,CPC_EX_BV: Beef and veal,USD: US dollar,2024,0,2: Two,,,6: Millions
OECD.TAD.ARP:DSD_AGR_POLIND@DF_COMM(1.2),AUS: Australia,A: Annual,PO: Payments based on output,CPC_EX_PT: Poultry meat,USD: US dollar,2022,0,2: Two,,,6: Millions
OECD.TAD.ARP:DSD_AGR_POLIND@DF_COMM(1.2),AUS: Australia,A: Annual,PO: Payments based on output,CPC_EX_PT: Poultry meat,USD: US dollar,2023,0,2: Two,,,6: Millions
OECD.TAD.ARP:DSD_AGR_POLIND@DF_COMM(1.2),AUS: Australia,A: Annual,PO: Payments based on output,CPC_EX_PT: Poultry meat,USD: US dollar,2024,0,2: Two,,,6: Millions
OECD.TAD.ARP:DSD_AGR_POLIND@DF_COMM(1.2),CAN: Canada,A: Annual,PO: Payments based on output,CPC_EX_PT: Poultry meat,USD: US dollar,2022,0,2: Two,,,6: Millions
OECD.TAD.ARP:DSD_AGR_POLIND@DF_COMM(1.2),CAN: Canada,A: Annual,PO: Payments based on output,CPC_EX_PT: Poultry meat,USD: US dollar,2023,0,2: Two,,,6: Millions
OECD.TAD.ARP:DSD_AGR_POLIND@DF_COMM(1.2),CAN: Canada,A: Annual,PO: Payments based on output,CPC_EX_PT: Poultry meat,USD: US dollar,2024,0,2: Two,,,6: Millions
OECD.TAD.ARP:DSD_AGR_POLIND@DF_COMM(1.2),KOR: Korea,A: Annual,PO: Payments based on output,CPC_EX_PT: Poultry meat,USD: US dollar,2022,0,2: Two,,,6: Millions
OECD.TAD.ARP:DSD_AGR_POLIND@DF_COMM(1.2),KOR: Korea,A: Annual,PO: Payments based on output,CPC_EX_PT: Poultry meat,USD: US dollar,2023,0,2: Two,,,6: Millions
OECD.TAD.ARP:DSD_AGR_POLIND@DF_COMM(1.2),KOR: Korea,A: Annual,PO: Payments based on output,CPC_EX_PT: Poultry meat,USD: US dollar,2024,0,2: Two,,,6: Millions
OECD.TAD.ARP:DSD_AGR_POLIND@DF_COMM(1.2),NZL: New Zealand,A: Annual,PO: Payments based on output,CPC_EX_PT: Poultry meat,USD: US dollar,2022,0,2: Two,,,6: Millions
OECD.TAD.ARP:DSD_AGR_POLIND@DF_COMM(1.2),NZL: New Zealand,A: Annual,PO: Payments based on output,CPC_EX_PT: Poultry meat,USD: US dollar,2023,0,2: Two,,,6: Millions
OECD.TAD.ARP:DSD_AGR_POLIND@DF_COMM(1.2),NZL: New Zealand,A: Annual,PO: Payments based on output,CPC_EX_PT: Poultry meat,USD: US dollar,2024,0,2: Two,,,6: Millions
OECD.TAD.ARP:DSD_AGR_POLIND@DF_COMM(1.2),USA: United States,A: Annual,PO: Payments based on output,CPC_EX_PT: Poultry meat,USD: US dollar,2022,0,2: Two,,,6: Millions
OECD.TAD.ARP:DSD_AGR_POLIND@DF_COMM(1.2),USA: United States,A: Annual,PO: Payments based on output,CPC_EX_PT: Poultry meat,USD: US dollar,2023,0,2: Two,,,6: Millions
OECD.TAD.ARP:DSD_AGR_POLIND@DF_COMM(1.2),USA: United States,A: Annual,PO: Payments based on output,CPC_EX_PT: Poultry meat,USD: US dollar,2024,0,2: Two,,,6: Millions
OECD.TAD.ARP:DSD_AGR_POLIND@DF_COMM(1.2),EU: European Union,A: Annual,PO: Payments based on output,CPC_EX_PT: Poultry meat,USD: US dollar,2022,0,2: Two,,,6: Millions
OECD.TAD.ARP:DSD_AGR_POLIND@DF_COMM(1.2),EU: European Union,A: Annual,PO: Payments based on output,CPC_EX_PT: Poultry meat,USD: US dollar,2023,0,2: Two,,,6: Millions
OECD.TAD.ARP:DSD_AGR_POLIND@DF_COMM(1.2),EU: European Union,A: Annual,PO: Payments based on output,CPC_EX_PT: Poultry meat,USD: US dollar,2024,0,2: Two,,,6: Millions
OECD.TAD.ARP:DSD_AGR_POLIND@DF_COMM(1.2),IND: India,A: Annual,PO: Payments based on output,CPC_EX_PT: Poultry meat,USD: US dollar,2022,0,2: Two,,,6: Millions
OECD.TAD.ARP:DSD_AGR_POLIND@DF_COMM(1.2),IND: India,A: Annual,PO: Payments based on output,CPC_EX_PT: Poultry meat,USD: US dollar,2023,0,2: Two,,,6: Millions
OECD.TAD.ARP:DSD_AGR_POLIND@DF_COMM(1.2),IND: India,A: Annual,PO: Payments based on output,CPC_EX_PT: Poultry meat,USD: US dollar,2024,0,2: Two,,,6: Millions
OECD.TAD.ARP:DSD_AGR_POLIND@DF_COMM(1.2),RUS: Russia,A: Annual,PO: Payments based on output,CPC_EX_PT: Poultry meat,USD: US dollar,2022,0,2: Two,,,6: Millions
OECD.TAD.ARP:DSD_AGR_POLIND@DF_COMM(1.2),RUS: Russia,A: Annual,PO: Payments based on output,CPC_EX_PT: Poultry meat,USD: US dollar,2023,0,2: Two,,,6: Millions
OECD.TAD.ARP:DSD_AGR_POLIND@DF_COMM(1.2),RUS: Russia,A: Annual,PO: Payments based on output,CPC_EX_PT: Poultry meat,USD: US dollar,2024,0,2: Two,,,6: Millions
OECD.TAD.ARP:DSD_AGR_POLIND@DF_COMM(1.2),VNM: Viet Nam,A: Annual,PO: Payments based on output,CPC_EX_PT: Poultry meat,USD: US dollar,2022,0,2: Two,,,6: Millions
OECD.TAD.ARP:DSD_AGR_POLIND@DF_COMM(1.2),VNM: Viet Nam,A: Annual,PO: Payments based on output,CPC_EX_PT: Poultry meat,USD: US dollar,2023,0,2: Two,,,6: Millions
OECD.TAD.ARP:DSD_AGR_POLIND@DF_COMM(1.2),VNM: Viet Nam,A: Annual,PO: Payments based on output,CPC_EX_PT: Poultry meat,USD: US dollar,2024,0,2: Two,,,6: Millions
OECD.TAD.ARP:DSD_AGR_POLIND@DF_COMM(1.2),AUS: Australia,A: Annual,MPD: Market Price Differential (MPD),CPC_EX_BV: Beef and veal,USD_T: US dollars per tonne,2022,0,2: Two,,,6: Millions
OECD.TAD.ARP:DSD_AGR_POLIND@DF_COMM(1.2),AUS: Australia,A: Annual,MPD: Market Price Differential (MPD),CPC_022: Raw milk,USD_T: US dollars per tonne,2022,0,2: Two,,,6: Millions
OECD.TAD.ARP:DSD_AGR_POLIND@DF_COMM(1.2),AUS: Australia,A: Annual,MPD: Market Price Differential (MPD),CPC_EX_PK: Pigmeat,USD_T: US dollars per tonne,2022,0,2: Two,,,6: Millions
OECD.TAD.ARP:DSD_AGR_POLIND@DF_COMM(1.2),AUS: Australia,A: Annual,MPD: Market Price Differential (MPD),CPC_EX_PT: Poultry meat,USD_T: US dollars per tonne,2022,0,2: Two,,,6: Millions
OECD.TAD.ARP:DSD_AGR_POLIND@DF_COMM(1.2),AUS: Australia,A: Annual,MPD: Market Price Differential (MPD),CPC_EX_PT: Poultry meat,USD_T: US dollars per tonne,2023,0,2: Two,,,6: Millions
OECD.TAD.ARP:DSD_AGR_POLIND@DF_COMM(1.2),AUS: Australia,A: Annual,MPD: Market Price Differential (MPD),CPC_EX_PK: Pigmeat,USD_T: US dollars per tonne,2023,0,2: Two,,,6: Millions
OECD.TAD.ARP:DSD_AGR_POLIND@DF_COMM(1.2),AUS: Australia,A: Annual,MPD: Market Price Differential (MPD),CPC_022: Raw milk,USD_T: US dollars per tonne,2023,0,2: Two,,,6: Millions
OECD.TAD.ARP:DSD_AGR_POLIND@DF_COMM(1.2),AUS: Australia,A: Annual,MPD: Market Price Differential (MPD),CPC_EX_BV: Beef and veal,USD_T: US dollars per tonne,2023,0,2: Two,,,6: Millions
OECD.TAD.ARP:DSD_AGR_POLIND@DF_COMM(1.2),AUS: Australia,A: Annual,MPD: Market Price Differential (MPD),CPC_EX_BV: Beef and veal,USD_T: US dollars per tonne,2024,0,2: Two,,,6: Millions
OECD.TAD.ARP:DSD_AGR_POLIND@DF_COMM(1.2),AUS: Australia,A: Annual,MPD: Market Price Differential (MPD),CPC_022: Raw milk,USD_T: US dollars per tonne,2024,0,2: Two,,,6: Millions
OECD.TAD.ARP:DSD_AGR_POLIND@DF_COMM(1.2),AUS: Australia,A: Annual,MPD: Market Price Differential (MPD),CPC_EX_PK: Pigmeat,USD_T: US dollars per tonne,2024,0,2: Two,,,6: Millions
OECD.TAD.ARP:DSD_AGR_POLIND@DF_COMM(1.2),AUS: Australia,A: Annual,MPD: Market Price Differential (MPD),CPC_EX_PT: Poultry meat,USD_T: US dollars per tonne,2024,0,2: Two,,,6: Millions
OECD.TAD.ARP:DSD_AGR_POLIND@DF_COMM(1.2),CAN: Canada,A: Annual,MPD: Market Price Differential (MPD),CPC_EX_PK: Pigmeat,USD_T: US dollars per tonne,2022,0,2: Two,,,6: Millions
OECD.TAD.ARP:DSD_AGR_POLIND@DF_COMM(1.2),CAN: Canada,A: Annual,MPD: Market Price Differential (MPD),CPC_EX_BV: Beef and veal,USD_T: US dollars per tonne,2022,0,2: Two,,,6: Millions
OECD.TAD.ARP:DSD_AGR_POLIND@DF_COMM(1.2),CAN: Canada,A: Annual,MPD: Market Price Differential (MPD),CPC_EX_PT: Poultry meat,USD_T: US dollars per tonne,2022,0,2: Two,,,6: Millions
OECD.TAD.ARP:DSD_AGR_POLIND@DF_COMM(1.2),CAN: Canada,A: Annual,MPD: Market Price Differential (MPD),CPC_EX_PT: Poultry meat,USD_T: US dollars per tonne,2023,0,2: Two,,,6: Millions
OECD.TAD.ARP:DSD_AGR_POLIND@DF_COMM(1.2),CAN: Canada,A: Annual,MPD: Market Price Differential (MPD),CPC_EX_PK: Pigmeat,USD_T: US dollars per tonne,2023,0,2: Two,,,6: Millions
OECD.TAD.ARP:DSD_AGR_POLIND@DF_COMM(1.2),CAN: Canada,A: Annual,MPD: Market Price Differential (MPD),CPC_EX_PK: Pigmeat,USD_T: US dollars per tonne,2024,0,2: Two,,,6: Millions
OECD.TAD.ARP:DSD_AGR_POLIND@DF_COMM(1.2),USA: United States,A: Annual,MPD: Market Price Differential (MPD),CPC_EX_BV: Beef and veal,USD_T: US dollars per tonne,2022,0,2: Two,,,6: Millions
OECD.TAD.ARP:DSD_AGR_POLIND@DF_COMM(1.2),USA: United States,A: Annual,MPD: Market Price Differential (MPD),CPC_022: Raw milk,USD_T: US dollars per tonne,2022,0,2: Two,,,6: Millions
OECD.TAD.ARP:DSD_AGR_POLIND@DF_COMM(1.2),USA: United States,A: Annual,MPD: Market Price Differential (MPD),CPC_EX_PK: Pigmeat,USD_T: US dollars per tonne,2022,0,2: Two,,,6: Millions
OECD.TAD.ARP:DSD_AGR_POLIND@DF_COMM(1.2),USA: United States,A: Annual,MPD: Market Price Differential (MPD),CPC_EX_PT: Poultry meat,USD_T: US dollars per tonne,2022,0,2: Two,,,6: Millions
OECD.TAD.ARP:DSD_AGR_POLIND@DF_COMM(1.2),USA: United States,A: Annual,MPD: Market Price Differential (MPD),CPC_EX_PT: Poultry meat,USD_T: US dollars per tonne,2023,0,2: Two,,,6: Millions
OECD.TAD.ARP:DSD_AGR_POLIND@DF_COMM(1.2),USA: United States,A: Annual,MPD: Market Price Differential (MPD),CPC_EX_PK: Pigmeat,USD_T: US dollars per tonne,2023,0,2: Two,,,6: Millions
OECD.TAD.ARP:DSD_AGR_POLIND@DF_COMM(1.2),USA: United States,A: Annual,MPD: Market Price Differential (MPD),CPC_022: Raw milk,USD_T: US dollars per tonne,2023,0,2: Two,,,6: Millions
OECD.TAD.ARP:DSD_AGR_POLIND@DF_COMM(1.2),USA: United States,A: Annual,MPD: Market Price Differential (MPD),CPC_EX_BV: Beef and veal,USD_T: US dollars per tonne,2023,0,2: Two,,,6: Millions
OECD.TAD.ARP:DSD_AGR_POLIND@DF_COMM(1.2),USA: United States,A: Annual,MPD: Market Price Differential (MPD),CPC_EX_BV: Beef and veal,USD_T: US dollars per tonne,2024,0,2: Two,,,6: Millions
OECD.TAD.ARP:DSD_AGR_POLIND@DF_COMM(1.2),USA: United States,A: Annual,MPD: Market Price Differential (MPD),CPC_022: Raw milk,USD_T: US dollars per tonne,2024,0,2: Two,,,6: Millions
OECD.TAD.ARP:DSD_AGR_POLIND@DF_COMM(1.2),USA: United States,A: Annual,MPD: Market Price Differential (MPD),CPC_EX_PK: Pigmeat,USD_T: US dollars per tonne,2024,0,2: Two,,,6: Millions
OECD.TAD.ARP:DSD_AGR_POLIND@DF_COMM(1.2),USA: United States,A: Annual,MPD: Market Price Differential (MPD),CPC_EX_PT: Poultry meat,USD_T: US dollars per tonne,2024,0,2: Two,,,6: Millions
OECD.TAD.ARP:DSD_AGR_POLIND@DF_COMM(1.2),NZL: New Zealand,A: Annual,MPD: Market Price Differential (MPD),CPC_EX_BV: Beef and veal,USD_T: US dollars per tonne,2022,0,2: Two,,,6: Millions
OECD.TAD.ARP:DSD_AGR_POLIND@DF_COMM(1.2),NZL: New Zealand,A: Annual,MPD: Market Price Differential (MPD),CPC_022: Raw milk,USD_T: US dollars per tonne,2022,0,2: Two,,,6: Millions
OECD.TAD.ARP:DSD_AGR_POLIND@DF_COMM(1.2),NZL: New Zealand,A: Annual,MPD: Market Price Differential (MPD),CPC_EX_PK: Pigmeat,USD_T: US dollars per tonne,2022,0,2: Two,,,6: Millions
OECD.TAD.ARP:DSD_AGR_POLIND@DF_COMM(1.2),NZL: New Zealand,A: Annual,MPD: Market Price Differential (MPD),CPC_EX_PT: Poultry meat,USD_T: US dollars per tonne,2022,0,2: Two,,,6: Millions
OECD.TAD.ARP:DSD_AGR_POLIND@DF_COMM(1.2),NZL: New Zealand,A: Annual,MPD: Market Price Differential (MPD),CPC_EX_PT: Poultry meat,USD_T: US dollars per tonne,2023,0,2: Two,,,6: Millions
OECD.TAD.ARP:DSD_AGR_POLIND@DF_COMM(1.2),NZL: New Zealand,A: Annual,MPD: Market Price Differential (MPD),CPC_EX_PK: Pigmeat,USD_T: US dollars per tonne,2023,0,2: Two,,,6: Millions
OECD.TAD.ARP:DSD_AGR_POLIND@DF_COMM(1.2),NZL: New Zealand,A: Annual,MPD: Market Price Differential (MPD),CPC_022: Raw milk,USD_T: US dollars per tonne,2023,0,2: Two,,,6: Millions
OECD.TAD.ARP:DSD_AGR_POLIND@DF_COMM(1.2),NZL: New Zealand,A: Annual,MPD: Market Price Differential (MPD),CPC_EX_BV: Beef and veal,USD_T: US dollars per tonne,2023,0,2: Two,,,6: Millions
OECD.TAD.ARP:DSD_AGR_POLIND@DF_COMM(1.2),NZL: New Zealand,A: Annual,MPD: Market Price Differential (MPD),CPC_EX_BV: Beef and veal,USD_T: US dollars per tonne,2024,0,2: Two,,,6: Millions
OECD.TAD.ARP:DSD_AGR_POLIND@DF_COMM(1.2),NZL: New Zealand,A: Annual,MPD: Market Price Differential (MPD),CPC_022: Raw milk,USD_T: US dollars per tonne,2024,0,2: Two,,,6: Millions
OECD.TAD.ARP:DSD_AGR_POLIND@DF_COMM(1.2),NZL: New Zealand,A: Annual,MPD: Market Price Differential (MPD),CPC_EX_PK: Pigmeat,USD_T: US dollars per tonne,2024,0,2: Two,,,6: Millions
OECD.TAD.ARP:DSD_AGR_POLIND@DF_COMM(1.2),NZL: New Zealand,A: Annual,MPD: Market Price Differential (MPD),CPC_EX_PT: Poultry meat,USD_T: US dollars per tonne,2024,0,2: Two,,,6: Millions
OECD.TAD.ARP:DSD_AGR_POLIND@DF_COMM(1.2),EU: European Union,A: Annual,MPD: Market Price Differential (MPD),CPC_022: Raw milk,USD_T: US dollars per tonne,2022,0,2: Two,,,6: Millions
OECD.TAD.ARP:DSD_AGR_POLIND@DF_COMM(1.2),EU: European Union,A: Annual,MPD: Market Price Differential (MPD),CPC_EX_PK: Pigmeat,USD_T: US dollars per tonne,2022,0,2: Two,,,6: Millions
OECD.TAD.ARP:DSD_AGR_POLIND@DF_COMM(1.2),EU: European Union,A: Annual,MPD: Market Price Differential (MPD),CPC_022: Raw milk,USD_T: US dollars per tonne,2023,0,2: Two,,,6: Millions
OECD.TAD.ARP:DSD_AGR_POLIND@DF_COMM(1.2),EU: European Union,A: Annual,MPD: Market Price Differential (MPD),CPC_022: Raw milk,USD_T: US dollars per tonne,2024,0,2: Two,,,6: Millions
OECD.TAD.ARP:DSD_AGR_POLIND@DF_COMM(1.2),BRA: Brazil,A: Annual,MPD: Market Price Differential (MPD),CPC_EX_BV: Beef and veal,USD_T: US dollars per tonne,2022,0,2: Two,,,6: Millions
OECD.TAD.ARP:DSD_AGR_POLIND@DF_COMM(1.2),BRA: Brazil,A: Annual,MPD: Market Price Differential (MPD),CPC_EX_PK: Pigmeat,USD_T: US dollars per tonne,2022,0,2: Two,,,6: Millions
OECD.TAD.ARP:DSD_AGR_POLIND@DF_COMM(1.2),BRA: Brazil,A: Annual,MPD: Market Price Differential (MPD),CPC_EX_PT: Poultry meat,USD_T: US dollars per tonne,2022,0,2: Two,,,6: Millions
OECD.TAD.ARP:DSD_AGR_POLIND@DF_COMM(1.2),BRA: Brazil,A: Annual,MPD: Market Price Differential (MPD),CPC_EX_PT: Poultry meat,USD_T: US dollars per tonne,2023,0,2: Two,,,6: Millions
OECD.TAD.ARP:DSD_AGR_POLIND@DF_COMM(1.2),BRA: Brazil,A: Annual,MPD: Market Price Differential (MPD),CPC_EX_PK: Pigmeat,USD_T: US dollars per tonne,2023,0,2: Two,,,6: Millions
OECD.TAD.ARP:DSD_AGR_POLIND@DF_COMM(1.2),BRA: Brazil,A: Annual,MPD: Market Price Differential (MPD),CPC_022: Raw milk,USD_T: US dollars per tonne,2023,0,2: Two,,,6: Millions
OECD.TAD.ARP:DSD_AGR_POLIND@DF_COMM(1.2),BRA: Brazil,A: Annual,MPD: Market Price Differential (MPD),CPC_EX_BV: Beef and veal,USD_T: US dollars per tonne,2023,0,2: Two,,,6: Millions
OECD.TAD.ARP:DSD_AGR_POLIND@DF_COMM(1.2),BRA: Brazil,A: Annual,MPD: Market Price Differential (MPD),CPC_EX_BV: Beef and veal,USD_T: US dollars per tonne,2024,0,2: Two,,,6: Millions
OECD.TAD.ARP:DSD_AGR_POLIND@DF_COMM(1.2),BRA: Brazil,A: Annual,MPD: Market Price Differential (MPD),CPC_EX_PT: Poultry meat,USD_T: US dollars per tonne,2024,0,2: Two,,,6: Millions
OECD.TAD.ARP:DSD_AGR_POLIND@DF_COMM(1.2),KOR: Korea,A: Annual,MPD: Market Price Differential (MPD),CPC_EX_PT: Poultry meat,USD_T: US dollars per tonne,2022,0,2: Two,,,6: Millions
OECD.TAD.ARP:DSD_AGR_POLIND@DF_COMM(1.2),KOR: Korea,A: Annual,MPD: Market Price Differential (MPD),CPC_EX_PT: Poultry meat,USD_T: US dollars per tonne,2024,0,2: Two,,,6: Millions
OECD.TAD.ARP:DSD_AGR_POLIND@DF_COMM(1.2),RUS: Russia,A: Annual,MPD: Market Price Differential (MPD),CPC_022: Raw milk,USD_T: US dollars per tonne,2023,0,2: Two,,,6: Millions
OECD.TAD.ARP:DSD_AGR_POLIND@DF_COMM(1.2),RUS: Russia,A: Annual,MPD: Market Price Differential (MPD),CPC_022: Raw milk,USD_T: US dollars per tonne,2024,0,2: Two,,,6: Millions
OECD.TAD.ARP:DSD_AGR_POLIND@DF_COMM(1.2),VNM: Viet Nam,A: Annual,MPD: Market Price Differential (MPD),CPC_EX_PK: Pigmeat,USD_T: US dollars per tonne,2022,0,2: Two,,,6: Millions
OECD.TAD.ARP:DSD_AGR_POLIND@DF_COMM(1.2),VNM: Viet Nam,A: Annual,MPD: Market Price Differential (MPD),CPC_EX_PK: Pigmeat,USD_T: US dollars per tonne,2023,0,2: Two,,,6: Millions
OECD.TAD.ARP:DSD_AGR_POLIND@DF_COMM(1.2),VNM: Viet Nam,A: Annual,MPD: Market Price Differential (MPD),CPC_EX_PK: Pigmeat,USD_T: US dollars per tonne,2024,0,2: Two,,,6: Millions
OECD.TAD.ARP:DSD_AGR_POLIND@DF_COMM(1.2),AUS: Australia,A: Annual,PNPC: Producer Nominal Protection Coefficient (producer NPC),CPC_022: Raw milk,FCTR: Factor,2022,0,2: Two,,,
OECD.TAD.ARP:DSD_AGR_POLIND@DF_COMM(1.2),OECD: OECD,A: Annual,"RP: Reference price, at farm gate",CPC_EX_BV: Beef and veal,USD_T: US dollars per tonne,2022,,2: Two,O: Missing value,,6: Millions
OECD.TAD.ARP:DSD_AGR_POLIND@DF_COMM(1.2),OECD: OECD,A: Annual,"RP: Reference price, at farm gate",CPC_EX_PT: Poultry meat,USD_T: US dollars per tonne,2022,,2: Two,O: Missing value,,6: Millions
OECD.TAD.ARP:DSD_AGR_POLIND@DF_COMM(1.2),OECD: OECD,A: Annual,"RP: Reference price, at farm gate",CPC_EX_PK: Pigmeat,USD_T: US dollars per tonne,2022,,2: Two,O: Missing value,,6: Millions
OECD.TAD.ARP:DSD_AGR_POLIND@DF_COMM(1.2),OECD: OECD,A: Annual,"RP: Reference price, at farm gate",CPC_022: Raw milk,USD_T: US dollars per tonne,2022,,2: Two,O: Missing value,,6: Millions
OECD.TAD.ARP:DSD_AGR_POLIND@DF_COMM(1.2),OECD: OECD,A: Annual,"RP: Reference price, at farm gate",CPC_022: Raw milk,USD_T: US dollars per tonne,2023,,2: Two,O: Missing value,,6: Millions
OECD.TAD.ARP:DSD_AGR_POLIND@DF_COMM(1.2),OECD: OECD,A: Annual,"RP: Reference price, at farm gate",CPC_EX_PK: Pigmeat,USD_T: US dollars per tonne,2023,,2: Two,O: Missing value,,6: Millions
OECD.TAD.ARP:DSD_AGR_POLIND@DF_COMM(1.2),OECD: OECD,A: Annual,"RP: Reference price, at farm gate",CPC_EX_PT: Poultry meat,USD_T: US dollars per tonne,2023,,2: Two,O: Missing value,,6: Millions
OECD.TAD.ARP:DSD_AGR_POLIND@DF_COMM(1.2),OECD: OECD,A: Annual,"RP: Reference price, at farm gate",CPC_EX_BV: Beef and veal,USD_T: US dollars per tonne,2023,,2: Two,O: Missing value,,6: Millions
OECD.TAD.ARP:DSD_AGR_POLIND@DF_COMM(1.2),OECD: OECD,A: Annual,"RP: Reference price, at farm gate",CPC_EX_BV: Beef and veal,USD_T: US dollars per tonne,2024,,2: Two,O: Missing value,,6: Millions
OECD.TAD.ARP:DSD_AGR_POLIND@DF_COMM(1.2),OECD: OECD,A: Annual,"RP: Reference price, at farm gate",CPC_EX_PT: Poultry meat,USD_T: US dollars per tonne,2024,,2: Two,O: Missing value,,6: Millions
OECD.TAD.ARP:DSD_AGR_POLIND@DF_COMM(1.2),OECD: OECD,A: Annual,"RP: Reference price, at farm gate",CPC_EX_PK: Pigmeat,USD_T: US dollars per tonne,2024,,2: Two,O: Missing value,,6: Millions
OECD.TAD.ARP:DSD_AGR_POLIND@DF_COMM(1.2),OECD: OECD,A: Annual,"RP: Reference price, at farm gate",CPC_022: Raw milk,USD_T: US dollars per tonne,2024,,2: Two,O: Missing value,,6: Millions
OECD.TAD.ARP:DSD_AGR_POLIND@DF_COMM(1.2),OECD: OECD,A: Annual,"PP: Producer price, at farm gate",CPC_022: Raw milk,USD_T: US dollars per tonne,2022,,2: Two,O: Missing value,,6: Millions
OECD.TAD.ARP:DSD_AGR_POLIND@DF_COMM(1.2),OECD: OECD,A: Annual,"PP: Producer price, at farm gate",CPC_EX_BV: Beef and veal,USD_T: US dollars per tonne,2022,,2: Two,O: Missing value,,6: Millions
OECD.TAD.ARP:DSD_AGR_POLIND@DF_COMM(1.2),OECD: OECD,A: Annual,"PP: Producer price, at farm gate",CPC_EX_PK: Pigmeat,USD_T: US dollars per tonne,2022,,2: Two,O: Missing value,,6: Millions
OECD.TAD.ARP:DSD_AGR_POLIND@DF_COMM(1.2),OECD: OECD,A: Annual,"PP: Producer price, at farm gate",CPC_EX_PT: Poultry meat,USD_T: US dollars per tonne,2022,,2: Two,O: Missing value,,6: Millions
OECD.TAD.ARP:DSD_AGR_POLIND@DF_COMM(1.2),OECD: OECD,A: Annual,"PP: Producer price, at farm gate",CPC_EX_PT: Poultry meat,USD_T: US dollars per tonne,2023,,2: Two,O: Missing value,,6: Millions
OECD.TAD.ARP:DSD_AGR_POLIND@DF_COMM(1.2),OECD: OECD,A: Annual,"PP: Producer price, at farm gate",CPC_EX_PK: Pigmeat,USD_T: US dollars per tonne,2023,,2: Two,O: Missing value,,6: Millions
OECD.TAD.ARP:DSD_AGR_POLIND@DF_COMM(1.2),OECD: OECD,A: Annual,"PP: Producer price, at farm gate",CPC_EX_BV: Beef and veal,USD_T: US dollars per tonne,2023,,2: Two,O: Missing value,,6: Millions
OECD.TAD.ARP:DSD_AGR_POLIND@DF_COMM(1.2),OECD: OECD,A: Annual,"PP: Producer price, at farm gate",CPC_022: Raw milk,USD_T: US dollars per tonne,2023,,2: Two,O: Missing value,,6: Millions
OECD.TAD.ARP:DSD_AGR_POLIND@DF_COMM(1.2),OECD: OECD,A: Annual,"PP: Producer price, at farm gate",CPC_022: Raw milk,USD_T: US dollars per tonne,2024,,2: Two,O: Missing value,,6: Millions
OECD.TAD.ARP:DSD_AGR_POLIND@DF_COMM(1.2),OECD: OECD,A: Annual,"PP: Producer price, at farm gate",CPC_EX_BV: Beef and veal,USD_T: US dollars per tonne,2024,,2: Two,O: Missing value,,6: Millions
OECD.TAD.ARP:DSD_AGR_POLIND@DF_COMM(1.2),OECD: OECD,A: Annual,"PP: Producer price, at farm gate",CPC_EX_PK: Pigmeat,USD_T: US dollars per tonne,2024,,2: Two,O: Missing value,,6: Millions
OECD.TAD.ARP:DSD_AGR_POLIND@DF_COMM(1.2),OECD: OECD,A: Annual,"PP: Producer price, at farm gate",CPC_EX_PT: Poultry meat,USD_T: US dollars per tonne,2024,,2: Two,O: Missing value,,6: Millions
OECD.TAD.ARP:DSD_AGR_POLIND@DF_COMM(1.2),OECD: OECD,A: Annual,MPD: Market Price Differential (MPD),CPC_EX_BV: Beef and veal,USD_T: US dollars per tonne,2022,,2: Two,O: Missing value,,6: Millions
OECD.TAD.ARP:DSD_AGR_POLIND@DF_COMM(1.2),OECD: OECD,A: Annual,MPD: Market Price Differential (MPD),CPC_EX_PK: Pigmeat,USD_T: US dollars per tonne,2022,,2: Two,O: Missing value,,6: Millions
OECD.TAD.ARP:DSD_AGR_POLIND@DF_COMM(1.2),OECD: OECD,A: Annual,MPD: Market Price Differential (MPD),CPC_022: Raw milk,USD_T: US dollars per tonne,2022,,2: Two,O: Missing value,,6: Millions
OECD.TAD.ARP:DSD_AGR_POLIND@DF_COMM(1.2),OECD: OECD,A: Annual,MPD: Market Price Differential (MPD),CPC_EX_PT: Poultry meat,USD_T: US dollars per tonne,2022,,2: Two,O: Missing value,,6: Millions
OECD.TAD.ARP:DSD_AGR_POLIND@DF_COMM(1.2),OECD: OECD,A: Annual,MPD: Market Price Differential (MPD),CPC_EX_PT: Poultry meat,USD_T: US dollars per tonne,2023,,2: Two,O: Missing value,,6: Millions
OECD.TAD.ARP:DSD_AGR_POLIND@DF_COMM(1.2),OECD: OECD,A: Annual,MPD: Market Price Differential (MPD),CPC_022: Raw milk,USD_T: US dollars per tonne,2023,,2: Two,O: Missing value,,6: Millions
OECD.TAD.ARP:DSD_AGR_POLIND@DF_COMM(1.2),OECD: OECD,A: Annual,MPD: Market Price Differential (MPD),CPC_EX_PK: Pigmeat,USD_T: US dollars per tonne,2023,,2: Two,O: Missing value,,6: Millions
OECD.TAD.ARP:DSD_AGR_POLIND@DF_COMM(1.2),OECD: OECD,A: Annual,MPD: Market Price Differential (MPD),CPC_EX_BV: Beef and veal,USD_T: US dollars per tonne,2023,,2: Two,O: Missing value,,6: Millions
OECD.TAD.ARP:DSD_AGR_POLIND@DF_COMM(1.2),OECD: OECD,A: Annual,MPD: Market Price Differential (MPD),CPC_EX_BV: Beef and veal,USD_T: US dollars per tonne,2024,,2: Two,O: Missing value,,6: Millions
OECD.TAD.ARP:DSD_AGR_POLIND@DF_COMM(1.2),OECD: OECD,A: Annual,MPD: Market Price Differential (MPD),CPC_EX_PK: Pigmeat,USD_T: US dollars per tonne,2024,,2: Two,O: Missing value,,6: Millions
OECD.TAD.ARP:DSD_AGR_POLIND@DF_COMM(1.2),OECD: OECD,A: Annual,MPD: Market Price Differential (MPD),CPC_022: Raw milk,USD_T: US dollars per tonne,2024,,2: Two,O: Missing value,,6: Millions
OECD.TAD.ARP:DSD_AGR_POLIND@DF_COMM(1.2),OECD: OECD,A: Annual,MPD: Market Price Differential (MPD),CPC_EX_PT: Poultry meat,USD_T: US dollars per tonne,2024,,2: Two,O: Missing value,,6: Millions
OECD.TAD.ARP:DSD_AGR_POLIND@DF_COMM(1.2),KOR: Korea,A: Annual,CNPC: Consumer Nominal Protection Coefficient (consumer NPC),CPC_EX_PK: Pigmeat,FCTR: Factor,2022,1.7582,2: Two,,,
OECD.TAD.ARP:DSD_AGR_POLIND@DF_COMM(1.2),KOR: Korea,A: Annual,CNPC: Consumer Nominal Protection Coefficient (consumer NPC),CPC_EX_PK: Pigmeat,FCTR: Factor,2023,1.7023,2: Two,,,
OECD.TAD.ARP:DSD_AGR_POLIND@DF_COMM(1.2),KOR: Korea,A: Annual,CNPC: Consumer Nominal Protection Coefficient (consumer NPC),CPC_EX_PK: Pigmeat,FCTR: Factor,2024,1.6981,2: Two,,,
OECD.TAD.ARP:DSD_AGR_POLIND@DF_COMM(1.2),EU: European Union,A: Annual,CNPC: Consumer Nominal Protection Coefficient (consumer NPC),CPC_EX_PK: Pigmeat,FCTR: Factor,2023,1.0444,2: Two,,,
OECD.TAD.ARP:DSD_AGR_POLIND@DF_COMM(1.2),EU: European Union,A: Annual,CNPC: Consumer Nominal Protection Coefficient (consumer NPC),CPC_EX_PK: Pigmeat,FCTR: Factor,2024,1.0214,2: Two,,,
OECD.TAD.ARP:DSD_AGR_POLIND@DF_COMM(1.2),OECD: OECD,A: Annual,CNPC: Consumer Nominal Protection Coefficient (consumer NPC),CPC_EX_PK: Pigmeat,FCTR: Factor,2022,1.0694,2: Two,,,
OECD.TAD.ARP:DSD_AGR_POLIND@DF_COMM(1.2),OECD: OECD,A: Annual,CNPC: Consumer Nominal Protection Coefficient (consumer NPC),CPC_EX_PK: Pigmeat,FCTR: Factor,2023,1.1022,2: Two,,,
OECD.TAD.ARP:DSD_AGR_POLIND@DF_COMM(1.2),OECD: OECD,A: Annual,CNPC: Consumer Nominal Protection Coefficient (consumer NPC),CPC_EX_PK: Pigmeat,FCTR: Factor,2024,1.0672,2: Two,,,
OECD.TAD.ARP:DSD_AGR_POLIND@DF_COMM(1.2),BRA: Brazil,A: Annual,CNPC: Consumer Nominal Protection Coefficient (consumer NPC),CPC_EX_PK: Pigmeat,FCTR: Factor,2024,1.663,2: Two,,,
OECD.TAD.ARP:DSD_AGR_POLIND@DF_COMM(1.2),RUS: Russia,A: Annual,CNPC: Consumer Nominal Protection Coefficient (consumer NPC),CPC_EX_PK: Pigmeat,FCTR: Factor,2022,1.6457,2: Two,,,
OECD.TAD.ARP:DSD_AGR_POLIND@DF_COMM(1.2),RUS: Russia,A: Annual,CNPC: Consumer Nominal Protection Coefficient (consumer NPC),CPC_EX_PK: Pigmeat,FCTR: Factor,2023,1.3021,2: Two,,,
OECD.TAD.ARP:DSD_AGR_POLIND@DF_COMM(1.2),RUS: Russia,A: Annual,CNPC: Consumer Nominal Protection Coefficient (consumer NPC),CPC_EX_PK: Pigmeat,FCTR: Factor,2024,1.1853,2: Two,,,
OECD.TAD.ARP:DSD_AGR_POLIND@DF_COMM(1.2),CAN: Canada,A: Annual,CNPC: Consumer Nominal Protection Coefficient (consumer NPC),CPC_EX_BV: Beef and veal,FCTR: Factor,2023,1.0088,2: Two,,,
OECD.TAD.ARP:DSD_AGR_POLIND@DF_COMM(1.2),CAN: Canada,A: Annual,CNPC: Consumer Nominal Protection Coefficient (consumer NPC),CPC_EX_BV: Beef and veal,FCTR: Factor,2024,1.0307,2: Two,,,
OECD.TAD.ARP:DSD_AGR_POLIND@DF_COMM(1.2),KOR: Korea,A: Annual,CNPC: Consumer Nominal Protection Coefficient (consumer NPC),CPC_EX_BV: Beef and veal,FCTR: Factor,2022,1.4101,2: Two,,,
OECD.TAD.ARP:DSD_AGR_POLIND@DF_COMM(1.2),KOR: Korea,A: Annual,CNPC: Consumer Nominal Protection Coefficient (consumer NPC),CPC_EX_BV: Beef and veal,FCTR: Factor,2023,1.4099,2: Two,,,
OECD.TAD.ARP:DSD_AGR_POLIND@DF_COMM(1.2),KOR: Korea,A: Annual,CNPC: Consumer Nominal Protection Coefficient (consumer NPC),CPC_EX_BV: Beef and veal,FCTR: Factor,2024,1.4099,2: Two,,,
OECD.TAD.ARP:DSD_AGR_POLIND@DF_COMM(1.2),EU: European Union,A: Annual,CNPC: Consumer Nominal Protection Coefficient (consumer NPC),CPC_EX_BV: Beef and veal,FCTR: Factor,2022,1.1993,2: Two,,,
OECD.TAD.ARP:DSD_AGR_POLIND@DF_COMM(1.2),EU: European Union,A: Annual,CNPC: Consumer Nominal Protection Coefficient (consumer NPC),CPC_EX_BV: Beef and veal,FCTR: Factor,2023,1.4574,2: Two,,,
OECD.TAD.ARP:DSD_AGR_POLIND@DF_COMM(1.2),EU: European Union,A: Annual,CNPC: Consumer Nominal Protection Coefficient (consumer NPC),CPC_EX_BV: Beef and veal,FCTR: Factor,2024,1.5908,2: Two,,,
OECD.TAD.ARP:DSD_AGR_POLIND@DF_COMM(1.2),OECD: OECD,A: Annual,CNPC: Consumer Nominal Protection Coefficient (consumer NPC),CPC_EX_BV: Beef and veal,FCTR: Factor,2022,1.0991,2: Two,,,
OECD.TAD.ARP:DSD_AGR_POLIND@DF_COMM(1.2),OECD: OECD,A: Annual,CNPC: Consumer Nominal Protection Coefficient (consumer NPC),CPC_EX_BV: Beef and veal,FCTR: Factor,2023,1.1262,2: Two,,,
OECD.TAD.ARP:DSD_AGR_POLIND@DF_COMM(1.2),OECD: OECD,A: Annual,CNPC: Consumer Nominal Protection Coefficient (consumer NPC),CPC_EX_BV: Beef and veal,FCTR: Factor,2024,1.1282,2: Two,,,
OECD.TAD.ARP:DSD_AGR_POLIND@DF_COMM(1.2),IND: India,A: Annual,CNPC: Consumer Nominal Protection Coefficient (consumer NPC),CPC_EX_BV: Beef and veal,FCTR: Factor,2022,0.8959,2: Two,,,
OECD.TAD.ARP:DSD_AGR_POLIND@DF_COMM(1.2),IND: India,A: Annual,CNPC: Consumer Nominal Protection Coefficient (consumer NPC),CPC_EX_BV: Beef and veal,FCTR: Factor,2023,0.8202,2: Two,,,
OECD.TAD.ARP:DSD_AGR_POLIND@DF_COMM(1.2),IND: India,A: Annual,CNPC: Consumer Nominal Protection Coefficient (consumer NPC),CPC_EX_BV: Beef and veal,FCTR: Factor,2024,0.779,2: Two,,,
OECD.TAD.ARP:DSD_AGR_POLIND@DF_COMM(1.2),RUS: Russia,A: Annual,CNPC: Consumer Nominal Protection Coefficient (consumer NPC),CPC_EX_BV: Beef and veal,FCTR: Factor,2022,1.1718,2: Two,,,
OECD.TAD.ARP:DSD_AGR_POLIND@DF_COMM(1.2),RUS: Russia,A: Annual,CNPC: Consumer Nominal Protection Coefficient (consumer NPC),CPC_EX_BV: Beef and veal,FCTR: Factor,2023,1.1837,2: Two,,,
OECD.TAD.ARP:DSD_AGR_POLIND@DF_COMM(1.2),RUS: Russia,A: Annual,CNPC: Consumer Nominal Protection Coefficient (consumer NPC),CPC_EX_BV: Beef and veal,FCTR: Factor,2024,1.1279,2: Two,,,
OECD.TAD.ARP:DSD_AGR_POLIND@DF_COMM(1.2),VNM: Viet Nam,A: Annual,CNPC: Consumer Nominal Protection Coefficient (consumer NPC),CPC_EX_BV: Beef and veal,FCTR: Factor,2022,1.3167,2: Two,,,
OECD.TAD.ARP:DSD_AGR_POLIND@DF_COMM(1.2),VNM: Viet Nam,A: Annual,CNPC: Consumer Nominal Protection Coefficient (consumer NPC),CPC_EX_BV: Beef and veal,FCTR: Factor,2023,1.478,2: Two,,,
OECD.TAD.ARP:DSD_AGR_POLIND@DF_COMM(1.2),VNM: Viet Nam,A: Annual,CNPC: Consumer Nominal Protection Coefficient (consumer NPC),CPC_EX_BV: Beef and veal,FCTR: Factor,2024,1.4655,2: Two,,,
OECD.TAD.ARP:DSD_AGR_POLIND@DF_COMM(1.2),CAN: Canada,A: Annual,CNPC: Consumer Nominal Protection Coefficient (consumer NPC),CPC_022: Raw milk,FCTR: Factor,2022,1.3998,2: Two,,,
OECD.TAD.ARP:DSD_AGR_POLIND@DF_COMM(1.2),CAN: Canada,A: Annual,CNPC: Consumer Nominal Protection Coefficient (consumer NPC),CPC_022: Raw milk,FCTR: Factor,2023,1.3445,2: Two,,,
OECD.TAD.ARP:DSD_AGR_POLIND@DF_COMM(1.2),CAN: Canada,A: Annual,CNPC: Consumer Nominal Protection Coefficient (consumer NPC),CPC_022: Raw milk,FCTR: Factor,2024,1.4292,2: Two,,,
OECD.TAD.ARP:DSD_AGR_POLIND@DF_COMM(1.2),KOR: Korea,A: Annual,CNPC: Consumer Nominal Protection Coefficient (consumer NPC),CPC_022: Raw milk,FCTR: Factor,2022,1.669,2: Two,,,
OECD.TAD.ARP:DSD_AGR_POLIND@DF_COMM(1.2),KOR: Korea,A: Annual,CNPC: Consumer Nominal Protection Coefficient (consumer NPC),CPC_022: Raw milk,FCTR: Factor,2023,1.4368,2: Two,,,
OECD.TAD.ARP:DSD_AGR_POLIND@DF_COMM(1.2),KOR: Korea,A: Annual,CNPC: Consumer Nominal Protection Coefficient (consumer NPC),CPC_022: Raw milk,FCTR: Factor,2024,1.6606,2: Two,,,
OECD.TAD.ARP:DSD_AGR_POLIND@DF_COMM(1.2),OECD: OECD,A: Annual,CNPC: Consumer Nominal Protection Coefficient (consumer NPC),CPC_022: Raw milk,FCTR: Factor,2022,1.0341,2: Two,,,
OECD.TAD.ARP:DSD_AGR_POLIND@DF_COMM(1.2),OECD: OECD,A: Annual,CNPC: Consumer Nominal Protection Coefficient (consumer NPC),CPC_022: Raw milk,FCTR: Factor,2023,1.048,2: Two,,,
OECD.TAD.ARP:DSD_AGR_POLIND@DF_COMM(1.2),OECD: OECD,A: Annual,CNPC: Consumer Nominal Protection Coefficient (consumer NPC),CPC_022: Raw milk,FCTR: Factor,2024,1.0569,2: Two,,,
OECD.TAD.ARP:DSD_AGR_POLIND@DF_COMM(1.2),BRA: Brazil,A: Annual,CNPC: Consumer Nominal Protection Coefficient (consumer NPC),CPC_022: Raw milk,FCTR: Factor,2022,1.203,2: Two,,,
OECD.TAD.ARP:DSD_AGR_POLIND@DF_COMM(1.2),BRA: Brazil,A: Annual,CNPC: Consumer Nominal Protection Coefficient (consumer NPC),CPC_022: Raw milk,FCTR: Factor,2024,1.0785,2: Two,,,
OECD.TAD.ARP:DSD_AGR_POLIND@DF_COMM(1.2),IND: India,A: Annual,CNPC: Consumer Nominal Protection Coefficient (consumer NPC),CPC_022: Raw milk,FCTR: Factor,2022,0.6005,2: Two,,,
OECD.TAD.ARP:DSD_AGR_POLIND@DF_COMM(1.2),IND: India,A: Annual,CNPC: Consumer Nominal Protection Coefficient (consumer NPC),CPC_022: Raw milk,FCTR: Factor,2023,0.7272,2: Two,,,
OECD.TAD.ARP:DSD_AGR_POLIND@DF_COMM(1.2),IND: India,A: Annual,CNPC: Consumer Nominal Protection Coefficient (consumer NPC),CPC_022: Raw milk,FCTR: Factor,2024,0.6072,2: Two,,,
OECD.TAD.ARP:DSD_AGR_POLIND@DF_COMM(1.2),RUS: Russia,A: Annual,CNPC: Consumer Nominal Protection Coefficient (consumer NPC),CPC_022: Raw milk,FCTR: Factor,2022,1.1638,2: Two,,,
OECD.TAD.ARP:DSD_AGR_POLIND@DF_COMM(1.2),CAN: Canada,A: Annual,CNPC: Consumer Nominal Protection Coefficient (consumer NPC),CPC_EX_PT: Poultry meat,FCTR: Factor,2024,1.0201,2: Two,,,
OECD.TAD.ARP:DSD_AGR_POLIND@DF_COMM(1.2),KOR: Korea,A: Annual,CNPC: Consumer Nominal Protection Coefficient (consumer NPC),CPC_EX_PT: Poultry meat,FCTR: Factor,2023,1.2073,2: Two,,,
OECD.TAD.ARP:DSD_AGR_POLIND@DF_COMM(1.2),EU: European Union,A: Annual,CNPC: Consumer Nominal Protection Coefficient (consumer NPC),CPC_EX_PT: Poultry meat,FCTR: Factor,2022,1.3032,2: Two,,,
OECD.TAD.ARP:DSD_AGR_POLIND@DF_COMM(1.2),EU: European Union,A: Annual,CNPC: Consumer Nominal Protection Coefficient (consumer NPC),CPC_EX_PT: Poultry meat,FCTR: Factor,2023,1.448,2: Two,,,
OECD.TAD.ARP:DSD_AGR_POLIND@DF_COMM(1.2),EU: European Union,A: Annual,CNPC: Consumer Nominal Protection Coefficient (consumer NPC),CPC_EX_PT: Poultry meat,FCTR: Factor,2024,1.4076,2: Two,,,
OECD.TAD.ARP:DSD_AGR_POLIND@DF_COMM(1.2),OECD: OECD,A: Annual,CNPC: Consumer Nominal Protection Coefficient (consumer NPC),CPC_EX_PT: Poultry meat,FCTR: Factor,2022,1.0667,2: Two,,,
OECD.TAD.ARP:DSD_AGR_POLIND@DF_COMM(1.2),OECD: OECD,A: Annual,CNPC: Consumer Nominal Protection Coefficient (consumer NPC),CPC_EX_PT: Poultry meat,FCTR: Factor,2023,1.1388,2: Two,,,
OECD.TAD.ARP:DSD_AGR_POLIND@DF_COMM(1.2),OECD: OECD,A: Annual,CNPC: Consumer Nominal Protection Coefficient (consumer NPC),CPC_EX_PT: Poultry meat,FCTR: Factor,2024,1.1348,2: Two,,,
OECD.TAD.ARP:DSD_AGR_POLIND@DF_COMM(1.2),IND: India,A: Annual,CNPC: Consumer Nominal Protection Coefficient (consumer NPC),CPC_EX_PT: Poultry meat,FCTR: Factor,2022,1.2155,2: Two,,,
OECD.TAD.ARP:DSD_AGR_POLIND@DF_COMM(1.2),IND: India,A: Annual,CNPC: Consumer Nominal Protection Coefficient (consumer NPC),CPC_EX_PT: Poultry meat,FCTR: Factor,2023,1.2929,2: Two,,,
OECD.TAD.ARP:DSD_AGR_POLIND@DF_COMM(1.2),IND: India,A: Annual,CNPC: Consumer Nominal Protection Coefficient (consumer NPC),CPC_EX_PT: Poultry meat,FCTR: Factor,2024,1.3942,2: Two,,,
OECD.TAD.ARP:DSD_AGR_POLIND@DF_COMM(1.2),RUS: Russia,A: Annual,CNPC: Consumer Nominal Protection Coefficient (consumer NPC),CPC_EX_PT: Poultry meat,FCTR: Factor,2022,1.0701,2: Two,,,
OECD.TAD.ARP:DSD_AGR_POLIND@DF_COMM(1.2),RUS: Russia,A: Annual,CNPC: Consumer Nominal Protection Coefficient (consumer NPC),CPC_EX_PT: Poultry meat,FCTR: Factor,2023,1.044,2: Two,,,
OECD.TAD.ARP:DSD_AGR_POLIND@DF_COMM(1.2),RUS: Russia,A: Annual,CNPC: Consumer Nominal Protection Coefficient (consumer NPC),CPC_EX_PT: Poultry meat,FCTR: Factor,2024,1.0102,2: Two,,,
OECD.TAD.ARP:DSD_AGR_POLIND@DF_COMM(1.2),VNM: Viet Nam,A: Annual,CNPC: Consumer Nominal Protection Coefficient (consumer NPC),CPC_EX_PT: Poultry meat,FCTR: Factor,2022,0.601,2: Two,,,
OECD.TAD.ARP:DSD_AGR_POLIND@DF_COMM(1.2),VNM: Viet Nam,A: Annual,CNPC: Consumer Nominal Protection Coefficient (consumer NPC),CPC_EX_PT: Poultry meat,FCTR: Factor,2023,0.5199,2: Two,,,
OECD.TAD.ARP:DSD_AGR_POLIND@DF_COMM(1.2),VNM: Viet Nam,A: Annual,CNPC: Consumer Nominal Protection Coefficient (consumer NPC),CPC_EX_PT: Poultry meat,FCTR: Factor,2024,0.5456,2: Two,,,
OECD.TAD.ARP:DSD_AGR_POLIND@DF_COMM(1.2),CAN: Canada,A: Annual,PNPC: Producer Nominal Protection Coefficient (producer NPC),CPC_022: Raw milk,FCTR: Factor,2022,1.3998,2: Two,,,
OECD.TAD.ARP:DSD_AGR_POLIND@DF_COMM(1.2),CAN: Canada,A: Annual,PNPC: Producer Nominal Protection Coefficient (producer NPC),CPC_022: Raw milk,FCTR: Factor,2023,1.3445,2: Two,,,
OECD.TAD.ARP:DSD_AGR_POLIND@DF_COMM(1.2),CAN: Canada,A: Annual,PNPC: Producer Nominal Protection Coefficient (producer NPC),CPC_022: Raw milk,FCTR: Factor,2024,1.4292,2: Two,,,
OECD.TAD.ARP:DSD_AGR_POLIND@DF_COMM(1.2),KOR: Korea,A: Annual,PNPC: Producer Nominal Protection Coefficient (producer NPC),CPC_022: Raw milk,FCTR: Factor,2022,1.669,2: Two,,,
OECD.TAD.ARP:DSD_AGR_POLIND@DF_COMM(1.2),KOR: Korea,A: Annual,PNPC: Producer Nominal Protection Coefficient (producer NPC),CPC_022: Raw milk,FCTR: Factor,2023,1.4368,2: Two,,,
OECD.TAD.ARP:DSD_AGR_POLIND@DF_COMM(1.2),KOR: Korea,A: Annual,PNPC: Producer Nominal Protection Coefficient (producer NPC),CPC_022: Raw milk,FCTR: Factor,2024,1.6606,2: Two,,,
OECD.TAD.ARP:DSD_AGR_POLIND@DF_COMM(1.2),USA: United States,A: Annual,PNPC: Producer Nominal Protection Coefficient (producer NPC),CPC_022: Raw milk,FCTR: Factor,2022,1.0009,2: Two,,,
OECD.TAD.ARP:DSD_AGR_POLIND@DF_COMM(1.2),EU: European Union,A: Annual,PNPC: Producer Nominal Protection Coefficient (producer NPC),CPC_022: Raw milk,FCTR: Factor,2022,1.0028,2: Two,,,
OECD.TAD.ARP:DSD_AGR_POLIND@DF_COMM(1.2),EU: European Union,A: Annual,PNPC: Producer Nominal Protection Coefficient (producer NPC),CPC_022: Raw milk,FCTR: Factor,2023,1.0031,2: Two,,,
OECD.TAD.ARP:DSD_AGR_POLIND@DF_COMM(1.2),EU: European Union,A: Annual,PNPC: Producer Nominal Protection Coefficient (producer NPC),CPC_022: Raw milk,FCTR: Factor,2024,1.0028,2: Two,,,
OECD.TAD.ARP:DSD_AGR_POLIND@DF_COMM(1.2),OECD: OECD,A: Annual,PNPC: Producer Nominal Protection Coefficient (producer NPC),CPC_022: Raw milk,FCTR: Factor,2022,1.0296,2: Two,,,
OECD.TAD.ARP:DSD_AGR_POLIND@DF_COMM(1.2),OECD: OECD,A: Annual,PNPC: Producer Nominal Protection Coefficient (producer NPC),CPC_022: Raw milk,FCTR: Factor,2023,1.0409,2: Two,,,
OECD.TAD.ARP:DSD_AGR_POLIND@DF_COMM(1.2),OECD: OECD,A: Annual,PNPC: Producer Nominal Protection Coefficient (producer NPC),CPC_022: Raw milk,FCTR: Factor,2024,1.046,2: Two,,,
OECD.TAD.ARP:DSD_AGR_POLIND@DF_COMM(1.2),BRA: Brazil,A: Annual,PNPC: Producer Nominal Protection Coefficient (producer NPC),CPC_022: Raw milk,FCTR: Factor,2022,1.203,2: Two,,,
OECD.TAD.ARP:DSD_AGR_POLIND@DF_COMM(1.2),BRA: Brazil,A: Annual,PNPC: Producer Nominal Protection Coefficient (producer NPC),CPC_022: Raw milk,FCTR: Factor,2024,1.0785,2: Two,,,
OECD.TAD.ARP:DSD_AGR_POLIND@DF_COMM(1.2),IND: India,A: Annual,PNPC: Producer Nominal Protection Coefficient (producer NPC),CPC_022: Raw milk,FCTR: Factor,2022,0.6005,2: Two,,,
OECD.TAD.ARP:DSD_AGR_POLIND@DF_COMM(1.2),IND: India,A: Annual,PNPC: Producer Nominal Protection Coefficient (producer NPC),CPC_022: Raw milk,FCTR: Factor,2023,0.7272,2: Two,,,
OECD.TAD.ARP:DSD_AGR_POLIND@DF_COMM(1.2),IND: India,A: Annual,PNPC: Producer Nominal Protection Coefficient (producer NPC),CPC_022: Raw milk,FCTR: Factor,2024,0.6072,2: Two,,,
OECD.TAD.ARP:DSD_AGR_POLIND@DF_COMM(1.2),RUS: Russia,A: Annual,PNPC: Producer Nominal Protection Coefficient (producer NPC),CPC_022: Raw milk,FCTR: Factor,2022,1.1768,2: Two,,,
OECD.TAD.ARP:DSD_AGR_POLIND@DF_COMM(1.2),RUS: Russia,A: Annual,PNPC: Producer Nominal Protection Coefficient (producer NPC),CPC_022: Raw milk,FCTR: Factor,2023,1.0131,2: Two,,,
OECD.TAD.ARP:DSD_AGR_POLIND@DF_COMM(1.2),RUS: Russia,A: Annual,PNPC: Producer Nominal Protection Coefficient (producer NPC),CPC_022: Raw milk,FCTR: Factor,2024,1.0117,2: Two,,,
OECD.TAD.ARP:DSD_AGR_POLIND@DF_COMM(1.2),CAN: Canada,A: Annual,PNPC: Producer Nominal Protection Coefficient (producer NPC),CPC_EX_PT: Poultry meat,FCTR: Factor,2024,1.0222,2: Two,,,
OECD.TAD.ARP:DSD_AGR_POLIND@DF_COMM(1.2),KOR: Korea,A: Annual,PNPC: Producer Nominal Protection Coefficient (producer NPC),CPC_EX_PT: Poultry meat,FCTR: Factor,2023,1.2073,2: Two,,,
OECD.TAD.ARP:DSD_AGR_POLIND@DF_COMM(1.2),EU: European Union,A: Annual,PNPC: Producer Nominal Protection Coefficient (producer NPC),CPC_EX_PT: Poultry meat,FCTR: Factor,2022,1.3032,2: Two,,,
OECD.TAD.ARP:DSD_AGR_POLIND@DF_COMM(1.2),EU: European Union,A: Annual,PNPC: Producer Nominal Protection Coefficient (producer NPC),CPC_EX_PT: Poultry meat,FCTR: Factor,2023,1.448,2: Two,,,
OECD.TAD.ARP:DSD_AGR_POLIND@DF_COMM(1.2),EU: European Union,A: Annual,PNPC: Producer Nominal Protection Coefficient (producer NPC),CPC_EX_PT: Poultry meat,FCTR: Factor,2024,1.4076,2: Two,,,
OECD.TAD.ARP:DSD_AGR_POLIND@DF_COMM(1.2),OECD: OECD,A: Annual,PNPC: Producer Nominal Protection Coefficient (producer NPC),CPC_EX_PT: Poultry meat,FCTR: Factor,2022,1.0669,2: Two,,,
OECD.TAD.ARP:DSD_AGR_POLIND@DF_COMM(1.2),OECD: OECD,A: Annual,PNPC: Producer Nominal Protection Coefficient (producer NPC),CPC_EX_PT: Poultry meat,FCTR: Factor,2023,1.1373,2: Two,,,
OECD.TAD.ARP:DSD_AGR_POLIND@DF_COMM(1.2),OECD: OECD,A: Annual,PNPC: Producer Nominal Protection Coefficient (producer NPC),CPC_EX_PT: Poultry meat,FCTR: Factor,2024,1.1349,2: Two,,,
OECD.TAD.ARP:DSD_AGR_POLIND@DF_COMM(1.2),IND: India,A: Annual,PNPC: Producer Nominal Protection Coefficient (producer NPC),CPC_EX_PT: Poultry meat,FCTR: Factor,2022,1.2155,2: Two,,,
OECD.TAD.ARP:DSD_AGR_POLIND@DF_COMM(1.2),IND: India,A: Annual,PNPC: Producer Nominal Protection Coefficient (producer NPC),CPC_EX_PT: Poultry meat,FCTR: Factor,2023,1.2929,2: Two,,,
OECD.TAD.ARP:DSD_AGR_POLIND@DF_COMM(1.2),IND: India,A: Annual,PNPC: Producer Nominal Protection Coefficient (producer NPC),CPC_EX_PT: Poultry meat,FCTR: Factor,2024,1.3942,2: Two,,,
OECD.TAD.ARP:DSD_AGR_POLIND@DF_COMM(1.2),RUS: Russia,A: Annual,PNPC: Producer Nominal Protection Coefficient (producer NPC),CPC_EX_PT: Poultry meat,FCTR: Factor,2022,1.0701,2: Two,,,
OECD.TAD.ARP:DSD_AGR_POLIND@DF_COMM(1.2),RUS: Russia,A: Annual,PNPC: Producer Nominal Protection Coefficient (producer NPC),CPC_EX_PT: Poultry meat,FCTR: Factor,2023,1.044,2: Two,,,
OECD.TAD.ARP:DSD_AGR_POLIND@DF_COMM(1.2),RUS: Russia,A: Annual,PNPC: Producer Nominal Protection Coefficient (producer NPC),CPC_EX_PT: Poultry meat,FCTR: Factor,2024,1.0102,2: Two,,,
OECD.TAD.ARP:DSD_AGR_POLIND@DF_COMM(1.2),VNM: Viet Nam,A: Annual,PNPC: Producer Nominal Protection Coefficient (producer NPC),CPC_EX_PT: Poultry meat,FCTR: Factor,2022,0.601,2: Two,,,
OECD.TAD.ARP:DSD_AGR_POLIND@DF_COMM(1.2),VNM: Viet Nam,A: Annual,PNPC: Producer Nominal Protection Coefficient (producer NPC),CPC_EX_PT: Poultry meat,FCTR: Factor,2023,0.5199,2: Two,,,
OECD.TAD.ARP:DSD_AGR_POLIND@DF_COMM(1.2),VNM: Viet Nam,A: Annual,PNPC: Producer Nominal Protection Coefficient (producer NPC),CPC_EX_PT: Poultry meat,FCTR: Factor,2024,0.5456,2: Two,,,
OECD.TAD.ARP:DSD_AGR_POLIND@DF_COMM(1.2),CAN: Canada,A: Annual,PNPC: Producer Nominal Protection Coefficient (producer NPC),CPC_EX_BV: Beef and veal,FCTR: Factor,2023,1.0088,2: Two,,,
OECD.TAD.ARP:DSD_AGR_POLIND@DF_COMM(1.2),CAN: Canada,A: Annual,PNPC: Producer Nominal Protection Coefficient (producer NPC),CPC_EX_BV: Beef and veal,FCTR: Factor,2024,1.0307,2: Two,,,
OECD.TAD.ARP:DSD_AGR_POLIND@DF_COMM(1.2),KOR: Korea,A: Annual,PNPC: Producer Nominal Protection Coefficient (producer NPC),CPC_EX_BV: Beef and veal,FCTR: Factor,2022,1.4101,2: Two,,,
OECD.TAD.ARP:DSD_AGR_POLIND@DF_COMM(1.2),KOR: Korea,A: Annual,PNPC: Producer Nominal Protection Coefficient (producer NPC),CPC_EX_BV: Beef and veal,FCTR: Factor,2023,1.4099,2: Two,,,
OECD.TAD.ARP:DSD_AGR_POLIND@DF_COMM(1.2),KOR: Korea,A: Annual,PNPC: Producer Nominal Protection Coefficient (producer NPC),CPC_EX_BV: Beef and veal,FCTR: Factor,2024,1.4099,2: Two,,,
OECD.TAD.ARP:DSD_AGR_POLIND@DF_COMM(1.2),EU: European Union,A: Annual,PNPC: Producer Nominal Protection Coefficient (producer NPC),CPC_EX_BV: Beef and veal,FCTR: Factor,2022,1.1993,2: Two,,,
OECD.TAD.ARP:DSD_AGR_POLIND@DF_COMM(1.2),EU: European Union,A: Annual,PNPC: Producer Nominal Protection Coefficient (producer NPC),CPC_EX_BV: Beef and veal,FCTR: Factor,2023,1.4574,2: Two,,,
OECD.TAD.ARP:DSD_AGR_POLIND@DF_COMM(1.2),EU: European Union,A: Annual,PNPC: Producer Nominal Protection Coefficient (producer NPC),CPC_EX_BV: Beef and veal,FCTR: Factor,2024,1.5908,2: Two,,,
OECD.TAD.ARP:DSD_AGR_POLIND@DF_COMM(1.2),OECD: OECD,A: Annual,PNPC: Producer Nominal Protection Coefficient (producer NPC),CPC_EX_BV: Beef and veal,FCTR: Factor,2022,1.0734,2: Two,,,
OECD.TAD.ARP:DSD_AGR_POLIND@DF_COMM(1.2),OECD: OECD,A: Annual,PNPC: Producer Nominal Protection Coefficient (producer NPC),CPC_EX_BV: Beef and veal,FCTR: Factor,2023,1.1085,2: Two,,,
OECD.TAD.ARP:DSD_AGR_POLIND@DF_COMM(1.2),OECD: OECD,A: Annual,PNPC: Producer Nominal Protection Coefficient (producer NPC),CPC_EX_BV: Beef and veal,FCTR: Factor,2024,1.1158,2: Two,,,
OECD.TAD.ARP:DSD_AGR_POLIND@DF_COMM(1.2),IND: India,A: Annual,PNPC: Producer Nominal Protection Coefficient (producer NPC),CPC_EX_BV: Beef and veal,FCTR: Factor,2022,0.8959,2: Two,,,
OECD.TAD.ARP:DSD_AGR_POLIND@DF_COMM(1.2),IND: India,A: Annual,PNPC: Producer Nominal Protection Coefficient (producer NPC),CPC_EX_BV: Beef and veal,FCTR: Factor,2023,0.8202,2: Two,,,
OECD.TAD.ARP:DSD_AGR_POLIND@DF_COMM(1.2),IND: India,A: Annual,PNPC: Producer Nominal Protection Coefficient (producer NPC),CPC_EX_BV: Beef and veal,FCTR: Factor,2024,0.779,2: Two,,,
OECD.TAD.ARP:DSD_AGR_POLIND@DF_COMM(1.2),RUS: Russia,A: Annual,PNPC: Producer Nominal Protection Coefficient (producer NPC),CPC_EX_BV: Beef and veal,FCTR: Factor,2022,1.1718,2: Two,,,
OECD.TAD.ARP:DSD_AGR_POLIND@DF_COMM(1.2),RUS: Russia,A: Annual,PNPC: Producer Nominal Protection Coefficient (producer NPC),CPC_EX_BV: Beef and veal,FCTR: Factor,2023,1.1837,2: Two,,,
OECD.TAD.ARP:DSD_AGR_POLIND@DF_COMM(1.2),RUS: Russia,A: Annual,PNPC: Producer Nominal Protection Coefficient (producer NPC),CPC_EX_BV: Beef and veal,FCTR: Factor,2024,1.1279,2: Two,,,
OECD.TAD.ARP:DSD_AGR_POLIND@DF_COMM(1.2),VNM: Viet Nam,A: Annual,PNPC: Producer Nominal Protection Coefficient (producer NPC),CPC_EX_BV: Beef and veal,FCTR: Factor,2022,1.3167,2: Two,,,
OECD.TAD.ARP:DSD_AGR_POLIND@DF_COMM(1.2),VNM: Viet Nam,A: Annual,PNPC: Producer Nominal Protection Coefficient (producer NPC),CPC_EX_BV: Beef and veal,FCTR: Factor,2023,1.478,2: Two,,,
OECD.TAD.ARP:DSD_AGR_POLIND@DF_COMM(1.2),VNM: Viet Nam,A: Annual,PNPC: Producer Nominal Protection Coefficient (producer NPC),CPC_EX_BV: Beef and veal,FCTR: Factor,2024,1.4655,2: Two,,,
OECD.TAD.ARP:DSD_AGR_POLIND@DF_COMM(1.2),KOR: Korea,A: Annual,PNPC: Producer Nominal Protection Coefficient (producer NPC),CPC_EX_PK: Pigmeat,FCTR: Factor,2022,1.7582,2: Two,,,
OECD.TAD.ARP:DSD_AGR_POLIND@DF_COMM(1.2),KOR: Korea,A: Annual,PNPC: Producer Nominal Protection Coefficient (producer NPC),CPC_EX_PK: Pigmeat,FCTR: Factor,2023,1.7023,2: Two,,,
OECD.TAD.ARP:DSD_AGR_POLIND@DF_COMM(1.2),KOR: Korea,A: Annual,PNPC: Producer Nominal Protection Coefficient (producer NPC),CPC_EX_PK: Pigmeat,FCTR: Factor,2024,1.6981,2: Two,,,
OECD.TAD.ARP:DSD_AGR_POLIND@DF_COMM(1.2),EU: European Union,A: Annual,PNPC: Producer Nominal Protection Coefficient (producer NPC),CPC_EX_PK: Pigmeat,FCTR: Factor,2023,1.0444,2: Two,,,
OECD.TAD.ARP:DSD_AGR_POLIND@DF_COMM(1.2),EU: European Union,A: Annual,PNPC: Producer Nominal Protection Coefficient (producer NPC),CPC_EX_PK: Pigmeat,FCTR: Factor,2024,1.0214,2: Two,,,
OECD.TAD.ARP:DSD_AGR_POLIND@DF_COMM(1.2),OECD: OECD,A: Annual,PNPC: Producer Nominal Protection Coefficient (producer NPC),CPC_EX_PK: Pigmeat,FCTR: Factor,2022,1.0521,2: Two,,,
OECD.TAD.ARP:DSD_AGR_POLIND@DF_COMM(1.2),OECD: OECD,A: Annual,PNPC: Producer Nominal Protection Coefficient (producer NPC),CPC_EX_PK: Pigmeat,FCTR: Factor,2023,1.0808,2: Two,,,
OECD.TAD.ARP:DSD_AGR_POLIND@DF_COMM(1.2),OECD: OECD,A: Annual,PNPC: Producer Nominal Protection Coefficient (producer NPC),CPC_EX_PK: Pigmeat,FCTR: Factor,2024,1.0582,2: Two,,,
OECD.TAD.ARP:DSD_AGR_POLIND@DF_COMM(1.2),BRA: Brazil,A: Annual,PNPC: Producer Nominal Protection Coefficient (producer NPC),CPC_EX_PK: Pigmeat,FCTR: Factor,2024,1.663,2: Two,,,
OECD.TAD.ARP:DSD_AGR_POLIND@DF_COMM(1.2),RUS: Russia,A: Annual,PNPC: Producer Nominal Protection Coefficient (producer NPC),CPC_EX_PK: Pigmeat,FCTR: Factor,2022,1.6457,2: Two,,,
OECD.TAD.ARP:DSD_AGR_POLIND@DF_COMM(1.2),RUS: Russia,A: Annual,PNPC: Producer Nominal Protection Coefficient (producer NPC),CPC_EX_PK: Pigmeat,FCTR: Factor,2023,1.3021,2: Two,,,
OECD.TAD.ARP:DSD_AGR_POLIND@DF_COMM(1.2),RUS: Russia,A: Annual,PNPC: Producer Nominal Protection Coefficient (producer NPC),CPC_EX_PK: Pigmeat,FCTR: Factor,2024,1.1853,2: Two,,,
OECD.TAD.ARP:DSD_AGR_POLIND@DF_COMM(1.2),KOR: Korea,A: Annual,CNPC: Consumer Nominal Protection Coefficient (consumer NPC),CPC_EX_PT: Poultry meat,FCTR: Factor,2022,1,2: Two,,,
OECD.TAD.ARP:DSD_AGR_POLIND@DF_COMM(1.2),KOR: Korea,A: Annual,CNPC: Consumer Nominal Protection Coefficient (consumer NPC),CPC_EX_PT: Poultry meat,FCTR: Factor,2024,1,2: Two,,,
OECD.TAD.ARP:DSD_AGR_POLIND@DF_COMM(1.2),RUS: Russia,A: Annual,CNPC: Consumer Nominal Protection Coefficient (consumer NPC),CPC_022: Raw milk,FCTR: Factor,2023,1,2: Two,,,
OECD.TAD.ARP:DSD_AGR_POLIND@DF_COMM(1.2),RUS: Russia,A: Annual,CNPC: Consumer Nominal Protection Coefficient (consumer NPC),CPC_022: Raw milk,FCTR: Factor,2024,1,2: Two,,,
OECD.TAD.ARP:DSD_AGR_POLIND@DF_COMM(1.2),VNM: Viet Nam,A: Annual,CNPC: Consumer Nominal Protection Coefficient (consumer NPC),CPC_EX_PK: Pigmeat,FCTR: Factor,2022,1,2: Two,,,
OECD.TAD.ARP:DSD_AGR_POLIND@DF_COMM(1.2),VNM: Viet Nam,A: Annual,CNPC: Consumer Nominal Protection Coefficient (consumer NPC),CPC_EX_PK: Pigmeat,FCTR: Factor,2023,1,2: Two,,,
OECD.TAD.ARP:DSD_AGR_POLIND@DF_COMM(1.2),VNM: Viet Nam,A: Annual,CNPC: Consumer Nominal Protection Coefficient (consumer NPC),CPC_EX_PK: Pigmeat,FCTR: Factor,2024,1,2: Two,,,
OECD.TAD.ARP:DSD_AGR_POLIND@DF_COMM(1.2),BRA: Brazil,A: Annual,CNPC: Consumer Nominal Protection Coefficient (consumer NPC),CPC_EX_BV: Beef and veal,FCTR: Factor,2022,1,2: Two,,,
OECD.TAD.ARP:DSD_AGR_POLIND@DF_COMM(1.2),BRA: Brazil,A: Annual,CNPC: Consumer Nominal Protection Coefficient (consumer NPC),CPC_EX_PK: Pigmeat,FCTR: Factor,2022,1,2: Two,,,
OECD.TAD.ARP:DSD_AGR_POLIND@DF_COMM(1.2),BRA: Brazil,A: Annual,CNPC: Consumer Nominal Protection Coefficient (consumer NPC),CPC_EX_PT: Poultry meat,FCTR: Factor,2022,1,2: Two,,,
OECD.TAD.ARP:DSD_AGR_POLIND@DF_COMM(1.2),BRA: Brazil,A: Annual,CNPC: Consumer Nominal Protection Coefficient (consumer NPC),CPC_EX_PT: Poultry meat,FCTR: Factor,2023,1,2: Two,,,
OECD.TAD.ARP:DSD_AGR_POLIND@DF_COMM(1.2),BRA: Brazil,A: Annual,CNPC: Consumer Nominal Protection Coefficient (consumer NPC),CPC_EX_PK: Pigmeat,FCTR: Factor,2023,1,2: Two,,,
OECD.TAD.ARP:DSD_AGR_POLIND@DF_COMM(1.2),BRA: Brazil,A: Annual,CNPC: Consumer Nominal Protection Coefficient (consumer NPC),CPC_EX_BV: Beef and veal,FCTR: Factor,2023,1,2: Two,,,
OECD.TAD.ARP:DSD_AGR_POLIND@DF_COMM(1.2),BRA: Brazil,A: Annual,CNPC: Consumer Nominal Protection Coefficient (consumer NPC),CPC_022: Raw milk,FCTR: Factor,2023,1,2: Two,,,
OECD.TAD.ARP:DSD_AGR_POLIND@DF_COMM(1.2),BRA: Brazil,A: Annual,CNPC: Consumer Nominal Protection Coefficient (consumer NPC),CPC_EX_BV: Beef and veal,FCTR: Factor,2024,1,2: Two,,,
OECD.TAD.ARP:DSD_AGR_POLIND@DF_COMM(1.2),BRA: Brazil,A: Annual,CNPC: Consumer Nominal Protection Coefficient (consumer NPC),CPC_EX_PT: Poultry meat,FCTR: Factor,2024,1,2: Two,,,
OECD.TAD.ARP:DSD_AGR_POLIND@DF_COMM(1.2),EU: European Union,A: Annual,CNPC: Consumer Nominal Protection Coefficient (consumer NPC),CPC_EX_PK: Pigmeat,FCTR: Factor,2022,1,2: Two,,,
OECD.TAD.ARP:DSD_AGR_POLIND@DF_COMM(1.2),EU: European Union,A: Annual,CNPC: Consumer Nominal Protection Coefficient (consumer NPC),CPC_022: Raw milk,FCTR: Factor,2022,1,2: Two,,,
OECD.TAD.ARP:DSD_AGR_POLIND@DF_COMM(1.2),EU: European Union,A: Annual,CNPC: Consumer Nominal Protection Coefficient (consumer NPC),CPC_022: Raw milk,FCTR: Factor,2023,1,2: Two,,,
OECD.TAD.ARP:DSD_AGR_POLIND@DF_COMM(1.2),EU: European Union,A: Annual,CNPC: Consumer Nominal Protection Coefficient (consumer NPC),CPC_022: Raw milk,FCTR: Factor,2024,1,2: Two,,,
OECD.TAD.ARP:DSD_AGR_POLIND@DF_COMM(1.2),NZL: New Zealand,A: Annual,CNPC: Consumer Nominal Protection Coefficient (consumer NPC),CPC_EX_PK: Pigmeat,FCTR: Factor,2022,1,2: Two,,,
OECD.TAD.ARP:DSD_AGR_POLIND@DF_COMM(1.2),NZL: New Zealand,A: Annual,CNPC: Consumer Nominal Protection Coefficient (consumer NPC),CPC_EX_BV: Beef and veal,FCTR: Factor,2022,1,2: Two,,,
OECD.TAD.ARP:DSD_AGR_POLIND@DF_COMM(1.2),NZL: New Zealand,A: Annual,CNPC: Consumer Nominal Protection Coefficient (consumer NPC),CPC_EX_PT: Poultry meat,FCTR: Factor,2022,1,2: Two,,,
OECD.TAD.ARP:DSD_AGR_POLIND@DF_COMM(1.2),NZL: New Zealand,A: Annual,CNPC: Consumer Nominal Protection Coefficient (consumer NPC),CPC_022: Raw milk,FCTR: Factor,2022,1,2: Two,,,
OECD.TAD.ARP:DSD_AGR_POLIND@DF_COMM(1.2),NZL: New Zealand,A: Annual,CNPC: Consumer Nominal Protection Coefficient (consumer NPC),CPC_022: Raw milk,FCTR: Factor,2023,1,2: Two,,,
OECD.TAD.ARP:DSD_AGR_POLIND@DF_COMM(1.2),NZL: New Zealand,A: Annual,CNPC: Consumer Nominal Protection Coefficient (consumer NPC),CPC_EX_PT: Poultry meat,FCTR: Factor,2023,1,2: Two,,,
OECD.TAD.ARP:DSD_AGR_POLIND@DF_COMM(1.2),NZL: New Zealand,A: Annual,CNPC: Consumer Nominal Protection Coefficient (consumer NPC),CPC_EX_BV: Beef and veal,FCTR: Factor,2023,1,2: Two,,,
OECD.TAD.ARP:DSD_AGR_POLIND@DF_COMM(1.2),NZL: New Zealand,A: Annual,CNPC: Consumer Nominal Protection Coefficient (consumer NPC),CPC_EX_PK: Pigmeat,FCTR: Factor,2023,1,2: Two,,,
OECD.TAD.ARP:DSD_AGR_POLIND@DF_COMM(1.2),NZL: New Zealand,A: Annual,CNPC: Consumer Nominal Protection Coefficient (consumer NPC),CPC_EX_PK: Pigmeat,FCTR: Factor,2024,1,2: Two,,,
OECD.TAD.ARP:DSD_AGR_POLIND@DF_COMM(1.2),NZL: New Zealand,A: Annual,CNPC: Consumer Nominal Protection Coefficient (consumer NPC),CPC_EX_BV: Beef and veal,FCTR: Factor,2024,1,2: Two,,,
OECD.TAD.ARP:DSD_AGR_POLIND@DF_COMM(1.2),NZL: New Zealand,A: Annual,CNPC: Consumer Nominal Protection Coefficient (consumer NPC),CPC_EX_PT: Poultry meat,FCTR: Factor,2024,1,2: Two,,,
OECD.TAD.ARP:DSD_AGR_POLIND@DF_COMM(1.2),NZL: New Zealand,A: Annual,CNPC: Consumer Nominal Protection Coefficient (consumer NPC),CPC_022: Raw milk,FCTR: Factor,2024,1,2: Two,,,
OECD.TAD.ARP:DSD_AGR_POLIND@DF_COMM(1.2),USA: United States,A: Annual,CNPC: Consumer Nominal Protection Coefficient (consumer NPC),CPC_EX_BV: Beef and veal,FCTR: Factor,2022,1,2: Two,,,
OECD.TAD.ARP:DSD_AGR_POLIND@DF_COMM(1.2),USA: United States,A: Annual,CNPC: Consumer Nominal Protection Coefficient (consumer NPC),CPC_EX_PT: Poultry meat,FCTR: Factor,2022,1,2: Two,,,
OECD.TAD.ARP:DSD_AGR_POLIND@DF_COMM(1.2),USA: United States,A: Annual,CNPC: Consumer Nominal Protection Coefficient (consumer NPC),CPC_EX_PK: Pigmeat,FCTR: Factor,2022,1,2: Two,,,
OECD.TAD.ARP:DSD_AGR_POLIND@DF_COMM(1.2),USA: United States,A: Annual,CNPC: Consumer Nominal Protection Coefficient (consumer NPC),CPC_022: Raw milk,FCTR: Factor,2022,1,2: Two,,,
OECD.TAD.ARP:DSD_AGR_POLIND@DF_COMM(1.2),USA: United States,A: Annual,CNPC: Consumer Nominal Protection Coefficient (consumer NPC),CPC_022: Raw milk,FCTR: Factor,2023,1,2: Two,,,
OECD.TAD.ARP:DSD_AGR_POLIND@DF_COMM(1.2),USA: United States,A: Annual,CNPC: Consumer Nominal Protection Coefficient (consumer NPC),CPC_EX_PK: Pigmeat,FCTR: Factor,2023,1,2: Two,,,
OECD.TAD.ARP:DSD_AGR_POLIND@DF_COMM(1.2),USA: United States,A: Annual,CNPC: Consumer Nominal Protection Coefficient (consumer NPC),CPC_EX_PT: Poultry meat,FCTR: Factor,2023,1,2: Two,,,
OECD.TAD.ARP:DSD_AGR_POLIND@DF_COMM(1.2),USA: United States,A: Annual,CNPC: Consumer Nominal Protection Coefficient (consumer NPC),CPC_EX_BV: Beef and veal,FCTR: Factor,2023,1,2: Two,,,
OECD.TAD.ARP:DSD_AGR_POLIND@DF_COMM(1.2),USA: United States,A: Annual,CNPC: Consumer Nominal Protection Coefficient (consumer NPC),CPC_EX_BV: Beef and veal,FCTR: Factor,2024,1,2: Two,,,
OECD.TAD.ARP:DSD_AGR_POLIND@DF_COMM(1.2),USA: United States,A: Annual,CNPC: Consumer Nominal Protection Coefficient (consumer NPC),CPC_EX_PT: Poultry meat,FCTR: Factor,2024,1,2: Two,,,
OECD.TAD.ARP:DSD_AGR_POLIND@DF_COMM(1.2),USA: United States,A: Annual,CNPC: Consumer Nominal Protection Coefficient (consumer NPC),CPC_EX_PK: Pigmeat,FCTR: Factor,2024,1,2: Two,,,
OECD.TAD.ARP:DSD_AGR_POLIND@DF_COMM(1.2),USA: United States,A: Annual,CNPC: Consumer Nominal Protection Coefficient (consumer NPC),CPC_022: Raw milk,FCTR: Factor,2024,1,2: Two,,,
OECD.TAD.ARP:DSD_AGR_POLIND@DF_COMM(1.2),CAN: Canada,A: Annual,CNPC: Consumer Nominal Protection Coefficient (consumer NPC),CPC_EX_PK: Pigmeat,FCTR: Factor,2022,1,2: Two,,,
OECD.TAD.ARP:DSD_AGR_POLIND@DF_COMM(1.2),CAN: Canada,A: Annual,CNPC: Consumer Nominal Protection Coefficient (consumer NPC),CPC_EX_PT: Poultry meat,FCTR: Factor,2022,1,2: Two,,,
OECD.TAD.ARP:DSD_AGR_POLIND@DF_COMM(1.2),CAN: Canada,A: Annual,CNPC: Consumer Nominal Protection Coefficient (consumer NPC),CPC_EX_BV: Beef and veal,FCTR: Factor,2022,1,2: Two,,,
OECD.TAD.ARP:DSD_AGR_POLIND@DF_COMM(1.2),CAN: Canada,A: Annual,CNPC: Consumer Nominal Protection Coefficient (consumer NPC),CPC_EX_PT: Poultry meat,FCTR: Factor,2023,1,2: Two,,,
OECD.TAD.ARP:DSD_AGR_POLIND@DF_COMM(1.2),CAN: Canada,A: Annual,CNPC: Consumer Nominal Protection Coefficient (consumer NPC),CPC_EX_PK: Pigmeat,FCTR: Factor,2023,1,2: Two,,,
OECD.TAD.ARP:DSD_AGR_POLIND@DF_COMM(1.2),CAN: Canada,A: Annual,CNPC: Consumer Nominal Protection Coefficient (consumer NPC),CPC_EX_PK: Pigmeat,FCTR: Factor,2024,1,2: Two,,,
OECD.TAD.ARP:DSD_AGR_POLIND@DF_COMM(1.2),AUS: Australia,A: Annual,CNPC: Consumer Nominal Protection Coefficient (consumer NPC),CPC_022: Raw milk,FCTR: Factor,2022,1,2: Two,,,
OECD.TAD.ARP:DSD_AGR_POLIND@DF_COMM(1.2),AUS: Australia,A: Annual,CNPC: Consumer Nominal Protection Coefficient (consumer NPC),CPC_EX_PT: Poultry meat,FCTR: Factor,2022,1,2: Two,,,
OECD.TAD.ARP:DSD_AGR_POLIND@DF_COMM(1.2),AUS: Australia,A: Annual,CNPC: Consumer Nominal Protection Coefficient (consumer NPC),CPC_EX_PK: Pigmeat,FCTR: Factor,2022,1,2: Two,,,
OECD.TAD.ARP:DSD_AGR_POLIND@DF_COMM(1.2),AUS: Australia,A: Annual,CNPC: Consumer Nominal Protection Coefficient (consumer NPC),CPC_EX_BV: Beef and veal,FCTR: Factor,2022,1,2: Two,,,
OECD.TAD.ARP:DSD_AGR_POLIND@DF_COMM(1.2),AUS: Australia,A: Annual,CNPC: Consumer Nominal Protection Coefficient (consumer NPC),CPC_EX_BV: Beef and veal,FCTR: Factor,2023,1,2: Two,,,
OECD.TAD.ARP:DSD_AGR_POLIND@DF_COMM(1.2),AUS: Australia,A: Annual,CNPC: Consumer Nominal Protection Coefficient (consumer NPC),CPC_EX_PK: Pigmeat,FCTR: Factor,2023,1,2: Two,,,
OECD.TAD.ARP:DSD_AGR_POLIND@DF_COMM(1.2),AUS: Australia,A: Annual,CNPC: Consumer Nominal Protection Coefficient (consumer NPC),CPC_EX_PT: Poultry meat,FCTR: Factor,2023,1,2: Two,,,
OECD.TAD.ARP:DSD_AGR_POLIND@DF_COMM(1.2),AUS: Australia,A: Annual,CNPC: Consumer Nominal Protection Coefficient (consumer NPC),CPC_022: Raw milk,FCTR: Factor,2023,1,2: Two,,,
OECD.TAD.ARP:DSD_AGR_POLIND@DF_COMM(1.2),AUS: Australia,A: Annual,CNPC: Consumer Nominal Protection Coefficient (consumer NPC),CPC_022: Raw milk,FCTR: Factor,2024,1,2: Two,,,
OECD.TAD.ARP:DSD_AGR_POLIND@DF_COMM(1.2),AUS: Australia,A: Annual,CNPC: Consumer Nominal Protection Coefficient (consumer NPC),CPC_EX_PT: Poultry meat,FCTR: Factor,2024,1,2: Two,,,
OECD.TAD.ARP:DSD_AGR_POLIND@DF_COMM(1.2),AUS: Australia,A: Annual,CNPC: Consumer Nominal Protection Coefficient (consumer NPC),CPC_EX_PK: Pigmeat,FCTR: Factor,2024,1,2: Two,,,
OECD.TAD.ARP:DSD_AGR_POLIND@DF_COMM(1.2),AUS: Australia,A: Annual,CNPC: Consumer Nominal Protection Coefficient (consumer NPC),CPC_EX_BV: Beef and veal,FCTR: Factor,2024,1,2: Two,,,
OECD.TAD.ARP:DSD_AGR_POLIND@DF_COMM(1.2),AUS: Australia,A: Annual,PNPC: Producer Nominal Protection Coefficient (producer NPC),CPC_EX_PT: Poultry meat,FCTR: Factor,2022,1,2: Two,,,
OECD.TAD.ARP:DSD_AGR_POLIND@DF_COMM(1.2),AUS: Australia,A: Annual,PNPC: Producer Nominal Protection Coefficient (producer NPC),CPC_EX_PK: Pigmeat,FCTR: Factor,2022,1,2: Two,,,
OECD.TAD.ARP:DSD_AGR_POLIND@DF_COMM(1.2),AUS: Australia,A: Annual,PNPC: Producer Nominal Protection Coefficient (producer NPC),CPC_EX_BV: Beef and veal,FCTR: Factor,2022,1,2: Two,,,
OECD.TAD.ARP:DSD_AGR_POLIND@DF_COMM(1.2),AUS: Australia,A: Annual,PNPC: Producer Nominal Protection Coefficient (producer NPC),CPC_EX_BV: Beef and veal,FCTR: Factor,2023,1,2: Two,,,
OECD.TAD.ARP:DSD_AGR_POLIND@DF_COMM(1.2),AUS: Australia,A: Annual,PNPC: Producer Nominal Protection Coefficient (producer NPC),CPC_EX_PK: Pigmeat,FCTR: Factor,2023,1,2: Two,,,
OECD.TAD.ARP:DSD_AGR_POLIND@DF_COMM(1.2),AUS: Australia,A: Annual,PNPC: Producer Nominal Protection Coefficient (producer NPC),CPC_EX_PT: Poultry meat,FCTR: Factor,2023,1,2: Two,,,
OECD.TAD.ARP:DSD_AGR_POLIND@DF_COMM(1.2),AUS: Australia,A: Annual,PNPC: Producer Nominal Protection Coefficient (producer NPC),CPC_022: Raw milk,FCTR: Factor,2023,1,2: Two,,,
OECD.TAD.ARP:DSD_AGR_POLIND@DF_COMM(1.2),AUS: Australia,A: Annual,PNPC: Producer Nominal Protection Coefficient (producer NPC),CPC_022: Raw milk,FCTR: Factor,2024,1,2: Two,,,
OECD.TAD.ARP:DSD_AGR_POLIND@DF_COMM(1.2),AUS: Australia,A: Annual,PNPC: Producer Nominal Protection Coefficient (producer NPC),CPC_EX_PT: Poultry meat,FCTR: Factor,2024,1,2: Two,,,
OECD.TAD.ARP:DSD_AGR_POLIND@DF_COMM(1.2),AUS: Australia,A: Annual,PNPC: Producer Nominal Protection Coefficient (producer NPC),CPC_EX_PK: Pigmeat,FCTR: Factor,2024,1,2: Two,,,
OECD.TAD.ARP:DSD_AGR_POLIND@DF_COMM(1.2),AUS: Australia,A: Annual,PNPC: Producer Nominal Protection Coefficient (producer NPC),CPC_EX_BV: Beef and veal,FCTR: Factor,2024,1,2: Two,,,
OECD.TAD.ARP:DSD_AGR_POLIND@DF_COMM(1.2),CAN: Canada,A: Annual,PNPC: Producer Nominal Protection Coefficient (producer NPC),CPC_EX_BV: Beef and veal,FCTR: Factor,2022,1,2: Two,,,
OECD.TAD.ARP:DSD_AGR_POLIND@DF_COMM(1.2),CAN: Canada,A: Annual,PNPC: Producer Nominal Protection Coefficient (producer NPC),CPC_EX_PT: Poultry meat,FCTR: Factor,2022,1,2: Two,,,
OECD.TAD.ARP:DSD_AGR_POLIND@DF_COMM(1.2),CAN: Canada,A: Annual,PNPC: Producer Nominal Protection Coefficient (producer NPC),CPC_EX_PK: Pigmeat,FCTR: Factor,2022,1,2: Two,,,
OECD.TAD.ARP:DSD_AGR_POLIND@DF_COMM(1.2),CAN: Canada,A: Annual,PNPC: Producer Nominal Protection Coefficient (producer NPC),CPC_EX_PK: Pigmeat,FCTR: Factor,2023,1,2: Two,,,
OECD.TAD.ARP:DSD_AGR_POLIND@DF_COMM(1.2),CAN: Canada,A: Annual,PNPC: Producer Nominal Protection Coefficient (producer NPC),CPC_EX_PT: Poultry meat,FCTR: Factor,2023,1,2: Two,,,
OECD.TAD.ARP:DSD_AGR_POLIND@DF_COMM(1.2),CAN: Canada,A: Annual,PNPC: Producer Nominal Protection Coefficient (producer NPC),CPC_EX_PK: Pigmeat,FCTR: Factor,2024,1,2: Two,,,
OECD.TAD.ARP:DSD_AGR_POLIND@DF_COMM(1.2),NZL: New Zealand,A: Annual,PNPC: Producer Nominal Protection Coefficient (producer NPC),CPC_EX_PK: Pigmeat,FCTR: Factor,2022,1,2: Two,,,
OECD.TAD.ARP:DSD_AGR_POLIND@DF_COMM(1.2),NZL: New Zealand,A: Annual,PNPC: Producer Nominal Protection Coefficient (producer NPC),CPC_EX_PT: Poultry meat,FCTR: Factor,2022,1,2: Two,,,
OECD.TAD.ARP:DSD_AGR_POLIND@DF_COMM(1.2),NZL: New Zealand,A: Annual,PNPC: Producer Nominal Protection Coefficient (producer NPC),CPC_EX_BV: Beef and veal,FCTR: Factor,2022,1,2: Two,,,
OECD.TAD.ARP:DSD_AGR_POLIND@DF_COMM(1.2),NZL: New Zealand,A: Annual,PNPC: Producer Nominal Protection Coefficient (producer NPC),CPC_022: Raw milk,FCTR: Factor,2022,1,2: Two,,,
OECD.TAD.ARP:DSD_AGR_POLIND@DF_COMM(1.2),NZL: New Zealand,A: Annual,PNPC: Producer Nominal Protection Coefficient (producer NPC),CPC_022: Raw milk,FCTR: Factor,2023,1,2: Two,,,
OECD.TAD.ARP:DSD_AGR_POLIND@DF_COMM(1.2),NZL: New Zealand,A: Annual,PNPC: Producer Nominal Protection Coefficient (producer NPC),CPC_EX_BV: Beef and veal,FCTR: Factor,2023,1,2: Two,,,
OECD.TAD.ARP:DSD_AGR_POLIND@DF_COMM(1.2),NZL: New Zealand,A: Annual,PNPC: Producer Nominal Protection Coefficient (producer NPC),CPC_EX_PT: Poultry meat,FCTR: Factor,2023,1,2: Two,,,
OECD.TAD.ARP:DSD_AGR_POLIND@DF_COMM(1.2),NZL: New Zealand,A: Annual,PNPC: Producer Nominal Protection Coefficient (producer NPC),CPC_EX_PK: Pigmeat,FCTR: Factor,2023,1,2: Two,,,
OECD.TAD.ARP:DSD_AGR_POLIND@DF_COMM(1.2),NZL: New Zealand,A: Annual,PNPC: Producer Nominal Protection Coefficient (producer NPC),CPC_EX_PK: Pigmeat,FCTR: Factor,2024,1,2: Two,,,
OECD.TAD.ARP:DSD_AGR_POLIND@DF_COMM(1.2),NZL: New Zealand,A: Annual,PNPC: Producer Nominal Protection Coefficient (producer NPC),CPC_EX_PT: Poultry meat,FCTR: Factor,2024,1,2: Two,,,
OECD.TAD.ARP:DSD_AGR_POLIND@DF_COMM(1.2),NZL: New Zealand,A: Annual,PNPC: Producer Nominal Protection Coefficient (producer NPC),CPC_EX_BV: Beef and veal,FCTR: Factor,2024,1,2: Two,,,
OECD.TAD.ARP:DSD_AGR_POLIND@DF_COMM(1.2),NZL: New Zealand,A: Annual,PNPC: Producer Nominal Protection Coefficient (producer NPC),CPC_022: Raw milk,FCTR: Factor,2024,1,2: Two,,,
OECD.TAD.ARP:DSD_AGR_POLIND@DF_COMM(1.2),USA: United States,A: Annual,PNPC: Producer Nominal Protection Coefficient (producer NPC),CPC_022: Raw milk,FCTR: Factor,2023,1,2: Two,,,
OECD.TAD.ARP:DSD_AGR_POLIND@DF_COMM(1.2),USA: United States,A: Annual,PNPC: Producer Nominal Protection Coefficient (producer NPC),CPC_022: Raw milk,FCTR: Factor,2024,1,2: Two,,,
OECD.TAD.ARP:DSD_AGR_POLIND@DF_COMM(1.2),BRA: Brazil,A: Annual,PNPC: Producer Nominal Protection Coefficient (producer NPC),CPC_022: Raw milk,FCTR: Factor,2023,1,2: Two,,,
OECD.TAD.ARP:DSD_AGR_POLIND@DF_COMM(1.2),KOR: Korea,A: Annual,PNPC: Producer Nominal Protection Coefficient (producer NPC),CPC_EX_PT: Poultry meat,FCTR: Factor,2022,1,2: Two,,,
OECD.TAD.ARP:DSD_AGR_POLIND@DF_COMM(1.2),KOR: Korea,A: Annual,PNPC: Producer Nominal Protection Coefficient (producer NPC),CPC_EX_PT: Poultry meat,FCTR: Factor,2024,1,2: Two,,,
OECD.TAD.ARP:DSD_AGR_POLIND@DF_COMM(1.2),USA: United States,A: Annual,PNPC: Producer Nominal Protection Coefficient (producer NPC),CPC_EX_PT: Poultry meat,FCTR: Factor,2022,1,2: Two,,,
OECD.TAD.ARP:DSD_AGR_POLIND@DF_COMM(1.2),USA: United States,A: Annual,PNPC: Producer Nominal Protection Coefficient (producer NPC),CPC_EX_PT: Poultry meat,FCTR: Factor,2023,1,2: Two,,,
OECD.TAD.ARP:DSD_AGR_POLIND@DF_COMM(1.2),USA: United States,A: Annual,PNPC: Producer Nominal Protection Coefficient (producer NPC),CPC_EX_PT: Poultry meat,FCTR: Factor,2024,1,2: Two,,,
OECD.TAD.ARP:DSD_AGR_POLIND@DF_COMM(1.2),BRA: Brazil,A: Annual,PNPC: Producer Nominal Protection Coefficient (producer NPC),CPC_EX_PT: Poultry meat,FCTR: Factor,2022,1,2: Two,,,
OECD.TAD.ARP:DSD_AGR_POLIND@DF_COMM(1.2),BRA: Brazil,A: Annual,PNPC: Producer Nominal Protection Coefficient (producer NPC),CPC_EX_PT: Poultry meat,FCTR: Factor,2023,1,2: Two,,,
OECD.TAD.ARP:DSD_AGR_POLIND@DF_COMM(1.2),BRA: Brazil,A: Annual,PNPC: Producer Nominal Protection Coefficient (producer NPC),CPC_EX_PT: Poultry meat,FCTR: Factor,2024,1,2: Two,,,
OECD.TAD.ARP:DSD_AGR_POLIND@DF_COMM(1.2),USA: United States,A: Annual,PNPC: Producer Nominal Protection Coefficient (producer NPC),CPC_EX_PK: Pigmeat,FCTR: Factor,2022,1,2: Two,,,
OECD.TAD.ARP:DSD_AGR_POLIND@DF_COMM(1.2),USA: United States,A: Annual,PNPC: Producer Nominal Protection Coefficient (producer NPC),CPC_EX_PK: Pigmeat,FCTR: Factor,2023,1,2: Two,,,
OECD.TAD.ARP:DSD_AGR_POLIND@DF_COMM(1.2),USA: United States,A: Annual,PNPC: Producer Nominal Protection Coefficient (producer NPC),CPC_EX_PK: Pigmeat,FCTR: Factor,2024,1,2: Two,,,
OECD.TAD.ARP:DSD_AGR_POLIND@DF_COMM(1.2),EU: European Union,A: Annual,PNPC: Producer Nominal Protection Coefficient (producer NPC),CPC_EX_PK: Pigmeat,FCTR: Factor,2022,1,2: Two,,,
OECD.TAD.ARP:DSD_AGR_POLIND@DF_COMM(1.2),BRA: Brazil,A: Annual,PNPC: Producer Nominal Protection Coefficient (producer NPC),CPC_EX_PK: Pigmeat,FCTR: Factor,2022,1,2: Two,,,
OECD.TAD.ARP:DSD_AGR_POLIND@DF_COMM(1.2),BRA: Brazil,A: Annual,PNPC: Producer Nominal Protection Coefficient (producer NPC),CPC_EX_PK: Pigmeat,FCTR: Factor,2023,1,2: Two,,,
OECD.TAD.ARP:DSD_AGR_POLIND@DF_COMM(1.2),VNM: Viet Nam,A: Annual,PNPC: Producer Nominal Protection Coefficient (producer NPC),CPC_EX_PK: Pigmeat,FCTR: Factor,2022,1,2: Two,,,
OECD.TAD.ARP:DSD_AGR_POLIND@DF_COMM(1.2),VNM: Viet Nam,A: Annual,PNPC: Producer Nominal Protection Coefficient (producer NPC),CPC_EX_PK: Pigmeat,FCTR: Factor,2023,1,2: Two,,,
OECD.TAD.ARP:DSD_AGR_POLIND@DF_COMM(1.2),VNM: Viet Nam,A: Annual,PNPC: Producer Nominal Protection Coefficient (producer NPC),CPC_EX_PK: Pigmeat,FCTR: Factor,2024,1,2: Two,,,
OECD.TAD.ARP:DSD_AGR_POLIND@DF_COMM(1.2),USA: United States,A: Annual,PNPC: Producer Nominal Protection Coefficient (producer NPC),CPC_EX_BV: Beef and veal,FCTR: Factor,2022,1,2: Two,,,
OECD.TAD.ARP:DSD_AGR_POLIND@DF_COMM(1.2),USA: United States,A: Annual,PNPC: Producer Nominal Protection Coefficient (producer NPC),CPC_EX_BV: Beef and veal,FCTR: Factor,2023,1,2: Two,,,
OECD.TAD.ARP:DSD_AGR_POLIND@DF_COMM(1.2),USA: United States,A: Annual,PNPC: Producer Nominal Protection Coefficient (producer NPC),CPC_EX_BV: Beef and veal,FCTR: Factor,2024,1,2: Two,,,
OECD.TAD.ARP:DSD_AGR_POLIND@DF_COMM(1.2),BRA: Brazil,A: Annual,PNPC: Producer Nominal Protection Coefficient (producer NPC),CPC_EX_BV: Beef and veal,FCTR: Factor,2022,1,2: Two,,,
OECD.TAD.ARP:DSD_AGR_POLIND@DF_COMM(1.2),BRA: Brazil,A: Annual,PNPC: Producer Nominal Protection Coefficient (producer NPC),CPC_EX_BV: Beef and veal,FCTR: Factor,2023,1,2: Two,,,
OECD.TAD.ARP:DSD_AGR_POLIND@DF_COMM(1.2),BRA: Brazil,A: Annual,PNPC: Producer Nominal Protection Coefficient (producer NPC),CPC_EX_BV: Beef and veal,FCTR: Factor,2024,1,2: Two,,,
OECD.TAD.ARP:DSD_AGR_POLIND@DF_COMM(1.2),AUS: Australia,A: Annual,QP: Level of production,CPC_EX_PK: Pigmeat,T: Tonnes,2022,453.426,2: Two,,,6: Millions
OECD.TAD.ARP:DSD_AGR_POLIND@DF_COMM(1.2),AUS: Australia,A: Annual,QP: Level of production,CPC_EX_PK: Pigmeat,T: Tonnes,2023,468.433,2: Two,,,6: Millions
OECD.TAD.ARP:DSD_AGR_POLIND@DF_COMM(1.2),AUS: Australia,A: Annual,QP: Level of production,CPC_EX_PK: Pigmeat,T: Tonnes,2024,477.9308,2: Two,,,6: Millions
OECD.TAD.ARP:DSD_AGR_POLIND@DF_COMM(1.2),CAN: Canada,A: Annual,QP: Level of production,CPC_EX_PK: Pigmeat,T: Tonnes,2022,2929.6894,2: Two,,,6: Millions
OECD.TAD.ARP:DSD_AGR_POLIND@DF_COMM(1.2),CAN: Canada,A: Annual,QP: Level of production,CPC_EX_PK: Pigmeat,T: Tonnes,2023,2991.8,2: Two,,,6: Millions
OECD.TAD.ARP:DSD_AGR_POLIND@DF_COMM(1.2),CAN: Canada,A: Annual,QP: Level of production,CPC_EX_PK: Pigmeat,T: Tonnes,2024,2950.1126,2: Two,,,6: Millions
OECD.TAD.ARP:DSD_AGR_POLIND@DF_COMM(1.2),KOR: Korea,A: Annual,QP: Level of production,CPC_EX_PK: Pigmeat,T: Tonnes,2022,1664,2: Two,,,6: Millions
OECD.TAD.ARP:DSD_AGR_POLIND@DF_COMM(1.2),KOR: Korea,A: Annual,QP: Level of production,CPC_EX_PK: Pigmeat,T: Tonnes,2023,1671,2: Two,,,6: Millions
OECD.TAD.ARP:DSD_AGR_POLIND@DF_COMM(1.2),KOR: Korea,A: Annual,QP: Level of production,CPC_EX_PK: Pigmeat,T: Tonnes,2024,1704.7181,2: Two,,,6: Millions
OECD.TAD.ARP:DSD_AGR_POLIND@DF_COMM(1.2),NZL: New Zealand,A: Annual,QP: Level of production,CPC_EX_PK: Pigmeat,T: Tonnes,2022,44.9043,2: Two,,,6: Millions
OECD.TAD.ARP:DSD_AGR_POLIND@DF_COMM(1.2),NZL: New Zealand,A: Annual,QP: Level of production,CPC_EX_PK: Pigmeat,T: Tonnes,2023,44.6942,2: Two,,,6: Millions
OECD.TAD.ARP:DSD_AGR_POLIND@DF_COMM(1.2),NZL: New Zealand,A: Annual,QP: Level of production,CPC_EX_PK: Pigmeat,T: Tonnes,2024,40.3023,2: Two,,,6: Millions
OECD.TAD.ARP:DSD_AGR_POLIND@DF_COMM(1.2),USA: United States,A: Annual,QP: Level of production,CPC_EX_PK: Pigmeat,T: Tonnes,2022,12252.1092,2: Two,,,6: Millions
OECD.TAD.ARP:DSD_AGR_POLIND@DF_COMM(1.2),USA: United States,A: Annual,QP: Level of production,CPC_EX_PK: Pigmeat,T: Tonnes,2023,12391.3635,2: Two,,,6: Millions
OECD.TAD.ARP:DSD_AGR_POLIND@DF_COMM(1.2),USA: United States,A: Annual,QP: Level of production,CPC_EX_PK: Pigmeat,T: Tonnes,2024,12612.2653,2: Two,,,6: Millions
OECD.TAD.ARP:DSD_AGR_POLIND@DF_COMM(1.2),EU: European Union,A: Annual,QP: Level of production,CPC_EX_PK: Pigmeat,T: Tonnes,2022,22065.93,2: Two,,,6: Millions
OECD.TAD.ARP:DSD_AGR_POLIND@DF_COMM(1.2),EU: European Union,A: Annual,QP: Level of production,CPC_EX_PK: Pigmeat,T: Tonnes,2023,20641.16,2: Two,,,6: Millions
OECD.TAD.ARP:DSD_AGR_POLIND@DF_COMM(1.2),EU: European Union,A: Annual,QP: Level of production,CPC_EX_PK: Pigmeat,T: Tonnes,2024,19661.36,2: Two,,,6: Millions
OECD.TAD.ARP:DSD_AGR_POLIND@DF_COMM(1.2),BRA: Brazil,A: Annual,QP: Level of production,CPC_EX_PK: Pigmeat,T: Tonnes,2022,5186,2: Two,,,6: Millions
OECD.TAD.ARP:DSD_AGR_POLIND@DF_COMM(1.2),BRA: Brazil,A: Annual,QP: Level of production,CPC_EX_PK: Pigmeat,T: Tonnes,2023,5299,2: Two,,,6: Millions
OECD.TAD.ARP:DSD_AGR_POLIND@DF_COMM(1.2),BRA: Brazil,A: Annual,QP: Level of production,CPC_EX_PK: Pigmeat,T: Tonnes,2024,5364.3,2: Two,,,6: Millions
OECD.TAD.ARP:DSD_AGR_POLIND@DF_COMM(1.2),RUS: Russia,A: Annual,QP: Level of production,CPC_EX_PK: Pigmeat,T: Tonnes,2022,3896.6492,2: Two,,,6: Millions
OECD.TAD.ARP:DSD_AGR_POLIND@DF_COMM(1.2),RUS: Russia,A: Annual,QP: Level of production,CPC_EX_PK: Pigmeat,T: Tonnes,2023,4086.7591,2: Two,,,6: Millions
OECD.TAD.ARP:DSD_AGR_POLIND@DF_COMM(1.2),RUS: Russia,A: Annual,QP: Level of production,CPC_EX_PK: Pigmeat,T: Tonnes,2024,4232.7176,2: Two,,,6: Millions
OECD.TAD.ARP:DSD_AGR_POLIND@DF_COMM(1.2),VNM: Viet Nam,A: Annual,QP: Level of production,CPC_EX_PK: Pigmeat,T: Tonnes,2022,3359.008,2: Two,,,6: Millions
OECD.TAD.ARP:DSD_AGR_POLIND@DF_COMM(1.2),VNM: Viet Nam,A: Annual,QP: Level of production,CPC_EX_PK: Pigmeat,T: Tonnes,2023,3600.7216,2: Two,,,6: Millions
OECD.TAD.ARP:DSD_AGR_POLIND@DF_COMM(1.2),VNM: Viet Nam,A: Annual,QP: Level of production,CPC_EX_PK: Pigmeat,T: Tonnes,2024,3836.604,2: Two,,,6: Millions
OECD.TAD.ARP:DSD_AGR_POLIND@DF_COMM(1.2),AUS: Australia,A: Annual,QP: Level of production,CPC_022: Raw milk,T: Tonnes,2022,8378.4374,2: Two,,,6: Millions
OECD.TAD.ARP:DSD_AGR_POLIND@DF_COMM(1.2),AUS: Australia,A: Annual,QP: Level of production,CPC_022: Raw milk,T: Tonnes,2023,8635.5925,2: Two,,,6: Millions
OECD.TAD.ARP:DSD_AGR_POLIND@DF_COMM(1.2),AUS: Australia,A: Annual,QP: Level of production,CPC_022: Raw milk,T: Tonnes,2024,8601.0501,2: Two,,,6: Millions
OECD.TAD.ARP:DSD_AGR_POLIND@DF_COMM(1.2),CAN: Canada,A: Annual,QP: Level of production,CPC_022: Raw milk,T: Tonnes,2022,10221.5264,2: Two,,,6: Millions
OECD.TAD.ARP:DSD_AGR_POLIND@DF_COMM(1.2),CAN: Canada,A: Annual,QP: Level of production,CPC_022: Raw milk,T: Tonnes,2023,10274.0728,2: Two,,,6: Millions
OECD.TAD.ARP:DSD_AGR_POLIND@DF_COMM(1.2),CAN: Canada,A: Annual,QP: Level of production,CPC_022: Raw milk,T: Tonnes,2024,10390.8065,2: Two,,,6: Millions
OECD.TAD.ARP:DSD_AGR_POLIND@DF_COMM(1.2),KOR: Korea,A: Annual,QP: Level of production,CPC_022: Raw milk,T: Tonnes,2022,1975,2: Two,,,6: Millions
OECD.TAD.ARP:DSD_AGR_POLIND@DF_COMM(1.2),KOR: Korea,A: Annual,QP: Level of production,CPC_022: Raw milk,T: Tonnes,2023,1958.896,2: Two,,,6: Millions
OECD.TAD.ARP:DSD_AGR_POLIND@DF_COMM(1.2),KOR: Korea,A: Annual,QP: Level of production,CPC_022: Raw milk,T: Tonnes,2024,1942,2: Two,,,6: Millions
OECD.TAD.ARP:DSD_AGR_POLIND@DF_COMM(1.2),NZL: New Zealand,A: Annual,QP: Level of production,CPC_022: Raw milk,T: Tonnes,2022,21724.2895,2: Two,,,6: Millions
OECD.TAD.ARP:DSD_AGR_POLIND@DF_COMM(1.2),NZL: New Zealand,A: Annual,QP: Level of production,CPC_022: Raw milk,T: Tonnes,2023,21841.3451,2: Two,,,6: Millions
OECD.TAD.ARP:DSD_AGR_POLIND@DF_COMM(1.2),NZL: New Zealand,A: Annual,QP: Level of production,CPC_022: Raw milk,T: Tonnes,2024,22279.1036,2: Two,,,6: Millions
OECD.TAD.ARP:DSD_AGR_POLIND@DF_COMM(1.2),USA: United States,A: Annual,QP: Level of production,CPC_022: Raw milk,T: Tonnes,2022,102701.6239,2: Two,,,6: Millions
OECD.TAD.ARP:DSD_AGR_POLIND@DF_COMM(1.2),USA: United States,A: Annual,QP: Level of production,CPC_022: Raw milk,T: Tonnes,2023,102653.9962,2: Two,,,6: Millions
OECD.TAD.ARP:DSD_AGR_POLIND@DF_COMM(1.2),USA: United States,A: Annual,QP: Level of production,CPC_022: Raw milk,T: Tonnes,2024,102467.5678,2: Two,,,6: Millions
OECD.TAD.ARP:DSD_AGR_POLIND@DF_COMM(1.2),EU: European Union,A: Annual,QP: Level of production,CPC_022: Raw milk,T: Tonnes,2022,144910.4232,2: Two,,,6: Millions
OECD.TAD.ARP:DSD_AGR_POLIND@DF_COMM(1.2),EU: European Union,A: Annual,QP: Level of production,CPC_022: Raw milk,T: Tonnes,2023,145124.9378,2: Two,,,6: Millions
OECD.TAD.ARP:DSD_AGR_POLIND@DF_COMM(1.2),EU: European Union,A: Annual,QP: Level of production,CPC_022: Raw milk,T: Tonnes,2024,152771.2514,2: Two,,,6: Millions
OECD.TAD.ARP:DSD_AGR_POLIND@DF_COMM(1.2),BRA: Brazil,A: Annual,QP: Level of production,CPC_022: Raw milk,T: Tonnes,2022,37080.1341,2: Two,,,6: Millions
OECD.TAD.ARP:DSD_AGR_POLIND@DF_COMM(1.2),BRA: Brazil,A: Annual,QP: Level of production,CPC_022: Raw milk,T: Tonnes,2023,37376.0336,2: Two,,,6: Millions
OECD.TAD.ARP:DSD_AGR_POLIND@DF_COMM(1.2),BRA: Brazil,A: Annual,QP: Level of production,CPC_022: Raw milk,T: Tonnes,2024,37862.9095,2: Two,,,6: Millions
OECD.TAD.ARP:DSD_AGR_POLIND@DF_COMM(1.2),IND: India,A: Annual,QP: Level of production,CPC_022: Raw milk,T: Tonnes,2022,232754.074,2: Two,,,6: Millions
OECD.TAD.ARP:DSD_AGR_POLIND@DF_COMM(1.2),IND: India,A: Annual,QP: Level of production,CPC_022: Raw milk,T: Tonnes,2023,244854.106,2: Two,,,6: Millions
OECD.TAD.ARP:DSD_AGR_POLIND@DF_COMM(1.2),IND: India,A: Annual,QP: Level of production,CPC_022: Raw milk,T: Tonnes,2024,253423.9998,2: Two,,,6: Millions
OECD.TAD.ARP:DSD_AGR_POLIND@DF_COMM(1.2),RUS: Russia,A: Annual,QP: Level of production,CPC_022: Raw milk,T: Tonnes,2022,32977.846,2: Two,,,6: Millions
OECD.TAD.ARP:DSD_AGR_POLIND@DF_COMM(1.2),RUS: Russia,A: Annual,QP: Level of production,CPC_022: Raw milk,T: Tonnes,2023,33810.646,2: Two,,,6: Millions
OECD.TAD.ARP:DSD_AGR_POLIND@DF_COMM(1.2),RUS: Russia,A: Annual,QP: Level of production,CPC_022: Raw milk,T: Tonnes,2024,34072.352,2: Two,,,6: Millions
OECD.TAD.ARP:DSD_AGR_POLIND@DF_COMM(1.2),AUS: Australia,A: Annual,QP: Level of production,CPC_EX_BV: Beef and veal,T: Tonnes,2022,2194.8104,2: Two,,,6: Millions
OECD.TAD.ARP:DSD_AGR_POLIND@DF_COMM(1.2),AUS: Australia,A: Annual,QP: Level of production,CPC_EX_BV: Beef and veal,T: Tonnes,2023,2594.6589,2: Two,,,6: Millions
OECD.TAD.ARP:DSD_AGR_POLIND@DF_COMM(1.2),AUS: Australia,A: Annual,QP: Level of production,CPC_EX_BV: Beef and veal,T: Tonnes,2024,2934.1036,2: Two,,,6: Millions
OECD.TAD.ARP:DSD_AGR_POLIND@DF_COMM(1.2),CAN: Canada,A: Annual,QP: Level of production,CPC_EX_BV: Beef and veal,T: Tonnes,2022,1519.9464,2: Two,,,6: Millions
OECD.TAD.ARP:DSD_AGR_POLIND@DF_COMM(1.2),CAN: Canada,A: Annual,QP: Level of production,CPC_EX_BV: Beef and veal,T: Tonnes,2023,1456.4767,2: Two,,,6: Millions
OECD.TAD.ARP:DSD_AGR_POLIND@DF_COMM(1.2),CAN: Canada,A: Annual,QP: Level of production,CPC_EX_BV: Beef and veal,T: Tonnes,2024,1441.1236,2: Two,,,6: Millions
OECD.TAD.ARP:DSD_AGR_POLIND@DF_COMM(1.2),KOR: Korea,A: Annual,QP: Level of production,CPC_EX_BV: Beef and veal,T: Tonnes,2022,415,2: Two,,,6: Millions
OECD.TAD.ARP:DSD_AGR_POLIND@DF_COMM(1.2),KOR: Korea,A: Annual,QP: Level of production,CPC_EX_BV: Beef and veal,T: Tonnes,2023,431,2: Two,,,6: Millions
OECD.TAD.ARP:DSD_AGR_POLIND@DF_COMM(1.2),KOR: Korea,A: Annual,QP: Level of production,CPC_EX_BV: Beef and veal,T: Tonnes,2024,465,2: Two,,,6: Millions
OECD.TAD.ARP:DSD_AGR_POLIND@DF_COMM(1.2),NZL: New Zealand,A: Annual,QP: Level of production,CPC_EX_BV: Beef and veal,T: Tonnes,2022,706.5559,2: Two,,,6: Millions
OECD.TAD.ARP:DSD_AGR_POLIND@DF_COMM(1.2),NZL: New Zealand,A: Annual,QP: Level of production,CPC_EX_BV: Beef and veal,T: Tonnes,2023,703.8946,2: Two,,,6: Millions
OECD.TAD.ARP:DSD_AGR_POLIND@DF_COMM(1.2),NZL: New Zealand,A: Annual,QP: Level of production,CPC_EX_BV: Beef and veal,T: Tonnes,2024,666.391,2: Two,,,6: Millions
OECD.TAD.ARP:DSD_AGR_POLIND@DF_COMM(1.2),USA: United States,A: Annual,QP: Level of production,CPC_EX_BV: Beef and veal,T: Tonnes,2022,12399.1912,2: Two,,,6: Millions
OECD.TAD.ARP:DSD_AGR_POLIND@DF_COMM(1.2),USA: United States,A: Annual,QP: Level of production,CPC_EX_BV: Beef and veal,T: Tonnes,2023,11818.6207,2: Two,,,6: Millions
OECD.TAD.ARP:DSD_AGR_POLIND@DF_COMM(1.2),USA: United States,A: Annual,QP: Level of production,CPC_EX_BV: Beef and veal,T: Tonnes,2024,11824.3365,2: Two,,,6: Millions
OECD.TAD.ARP:DSD_AGR_POLIND@DF_COMM(1.2),EU: European Union,A: Annual,QP: Level of production,CPC_EX_BV: Beef and veal,T: Tonnes,2022,6640.27,2: Two,,,6: Millions
OECD.TAD.ARP:DSD_AGR_POLIND@DF_COMM(1.2),EU: European Union,A: Annual,QP: Level of production,CPC_EX_BV: Beef and veal,T: Tonnes,2023,6384.77,2: Two,,,6: Millions
OECD.TAD.ARP:DSD_AGR_POLIND@DF_COMM(1.2),EU: European Union,A: Annual,QP: Level of production,CPC_EX_BV: Beef and veal,T: Tonnes,2024,6255.25,2: Two,,,6: Millions
OECD.TAD.ARP:DSD_AGR_POLIND@DF_COMM(1.2),BRA: Brazil,A: Annual,QP: Level of production,CPC_EX_BV: Beef and veal,T: Tonnes,2022,8674,2: Two,,,6: Millions
OECD.TAD.ARP:DSD_AGR_POLIND@DF_COMM(1.2),BRA: Brazil,A: Annual,QP: Level of production,CPC_EX_BV: Beef and veal,T: Tonnes,2023,9517,2: Two,,,6: Millions
OECD.TAD.ARP:DSD_AGR_POLIND@DF_COMM(1.2),BRA: Brazil,A: Annual,QP: Level of production,CPC_EX_BV: Beef and veal,T: Tonnes,2024,9820.9,2: Two,,,6: Millions
OECD.TAD.ARP:DSD_AGR_POLIND@DF_COMM(1.2),IND: India,A: Annual,QP: Level of production,CPC_EX_BV: Beef and veal,T: Tonnes,2022,4488.85,2: Two,,,6: Millions
OECD.TAD.ARP:DSD_AGR_POLIND@DF_COMM(1.2),IND: India,A: Annual,QP: Level of production,CPC_EX_BV: Beef and veal,T: Tonnes,2023,4565,2: Two,,,6: Millions
OECD.TAD.ARP:DSD_AGR_POLIND@DF_COMM(1.2),IND: India,A: Annual,QP: Level of production,CPC_EX_BV: Beef and veal,T: Tonnes,2024,4635,2: Two,,,6: Millions
OECD.TAD.ARP:DSD_AGR_POLIND@DF_COMM(1.2),RUS: Russia,A: Annual,QP: Level of production,CPC_EX_BV: Beef and veal,T: Tonnes,2022,1350.5361,2: Two,,,6: Millions
OECD.TAD.ARP:DSD_AGR_POLIND@DF_COMM(1.2),RUS: Russia,A: Annual,QP: Level of production,CPC_EX_BV: Beef and veal,T: Tonnes,2023,1385.2054,2: Two,,,6: Millions
OECD.TAD.ARP:DSD_AGR_POLIND@DF_COMM(1.2),RUS: Russia,A: Annual,QP: Level of production,CPC_EX_BV: Beef and veal,T: Tonnes,2024,1388.6486,2: Two,,,6: Millions
OECD.TAD.ARP:DSD_AGR_POLIND@DF_COMM(1.2),VNM: Viet Nam,A: Annual,QP: Level of production,CPC_EX_BV: Beef and veal,T: Tonnes,2022,244.3655,2: Two,,,6: Millions
OECD.TAD.ARP:DSD_AGR_POLIND@DF_COMM(1.2),VNM: Viet Nam,A: Annual,QP: Level of production,CPC_EX_BV: Beef and veal,T: Tonnes,2023,250.3507,2: Two,,,6: Millions
OECD.TAD.ARP:DSD_AGR_POLIND@DF_COMM(1.2),VNM: Viet Nam,A: Annual,QP: Level of production,CPC_EX_BV: Beef and veal,T: Tonnes,2024,254.7208,2: Two,,,6: Millions
OECD.TAD.ARP:DSD_AGR_POLIND@DF_COMM(1.2),AUS: Australia,A: Annual,QP: Level of production,CPC_EX_PT: Poultry meat,T: Tonnes,2022,1420.1854,2: Two,,,6: Millions
OECD.TAD.ARP:DSD_AGR_POLIND@DF_COMM(1.2),AUS: Australia,A: Annual,QP: Level of production,CPC_EX_PT: Poultry meat,T: Tonnes,2023,1494.9061,2: Two,,,6: Millions
OECD.TAD.ARP:DSD_AGR_POLIND@DF_COMM(1.2),AUS: Australia,A: Annual,QP: Level of production,CPC_EX_PT: Poultry meat,T: Tonnes,2024,1545.2965,2: Two,,,6: Millions
OECD.TAD.ARP:DSD_AGR_POLIND@DF_COMM(1.2),CAN: Canada,A: Annual,QP: Level of production,CPC_EX_PT: Poultry meat,T: Tonnes,2022,1492.08,2: Two,,,6: Millions
OECD.TAD.ARP:DSD_AGR_POLIND@DF_COMM(1.2),CAN: Canada,A: Annual,QP: Level of production,CPC_EX_PT: Poultry meat,T: Tonnes,2023,1546.05,2: Two,,,6: Millions
OECD.TAD.ARP:DSD_AGR_POLIND@DF_COMM(1.2),CAN: Canada,A: Annual,QP: Level of production,CPC_EX_PT: Poultry meat,T: Tonnes,2024,1563.9628,2: Two,,,6: Millions
OECD.TAD.ARP:DSD_AGR_POLIND@DF_COMM(1.2),KOR: Korea,A: Annual,QP: Level of production,CPC_EX_PT: Poultry meat,T: Tonnes,2022,614,2: Two,,,6: Millions
OECD.TAD.ARP:DSD_AGR_POLIND@DF_COMM(1.2),KOR: Korea,A: Annual,QP: Level of production,CPC_EX_PT: Poultry meat,T: Tonnes,2023,624,2: Two,,,6: Millions
OECD.TAD.ARP:DSD_AGR_POLIND@DF_COMM(1.2),KOR: Korea,A: Annual,QP: Level of production,CPC_EX_PT: Poultry meat,T: Tonnes,2024,618,2: Two,,,6: Millions
OECD.TAD.ARP:DSD_AGR_POLIND@DF_COMM(1.2),NZL: New Zealand,A: Annual,QP: Level of production,CPC_EX_PT: Poultry meat,T: Tonnes,2022,227.6,2: Two,,,6: Millions
OECD.TAD.ARP:DSD_AGR_POLIND@DF_COMM(1.2),NZL: New Zealand,A: Annual,QP: Level of production,CPC_EX_PT: Poultry meat,T: Tonnes,2023,235.3681,2: Two,,,6: Millions
OECD.TAD.ARP:DSD_AGR_POLIND@DF_COMM(1.2),NZL: New Zealand,A: Annual,QP: Level of production,CPC_EX_PT: Poultry meat,T: Tonnes,2024,238.8987,2: Two,,,6: Millions
OECD.TAD.ARP:DSD_AGR_POLIND@DF_COMM(1.2),USA: United States,A: Annual,QP: Level of production,CPC_EX_PT: Poultry meat,T: Tonnes,2022,23362.0611,2: Two,,,6: Millions
OECD.TAD.ARP:DSD_AGR_POLIND@DF_COMM(1.2),USA: United States,A: Annual,QP: Level of production,CPC_EX_PT: Poultry meat,T: Tonnes,2023,23557.1079,2: Two,,,6: Millions
OECD.TAD.ARP:DSD_AGR_POLIND@DF_COMM(1.2),USA: United States,A: Annual,QP: Level of production,CPC_EX_PT: Poultry meat,T: Tonnes,2024,23665.9712,2: Two,,,6: Millions
OECD.TAD.ARP:DSD_AGR_POLIND@DF_COMM(1.2),EU: European Union,A: Annual,QP: Level of production,CPC_EX_PT: Poultry meat,T: Tonnes,2022,12981.6118,2: Two,,,6: Millions
OECD.TAD.ARP:DSD_AGR_POLIND@DF_COMM(1.2),EU: European Union,A: Annual,QP: Level of production,CPC_EX_PT: Poultry meat,T: Tonnes,2023,13299.7278,2: Two,,,6: Millions
OECD.TAD.ARP:DSD_AGR_POLIND@DF_COMM(1.2),EU: European Union,A: Annual,QP: Level of production,CPC_EX_PT: Poultry meat,T: Tonnes,2024,13101.5849,2: Two,,,6: Millions
OECD.TAD.ARP:DSD_AGR_POLIND@DF_COMM(1.2),BRA: Brazil,A: Annual,QP: Level of production,CPC_EX_PT: Poultry meat,T: Tonnes,2022,14783,2: Two,,,6: Millions
OECD.TAD.ARP:DSD_AGR_POLIND@DF_COMM(1.2),BRA: Brazil,A: Annual,QP: Level of production,CPC_EX_PT: Poultry meat,T: Tonnes,2023,14921,2: Two,,,6: Millions
OECD.TAD.ARP:DSD_AGR_POLIND@DF_COMM(1.2),BRA: Brazil,A: Annual,QP: Level of production,CPC_EX_PT: Poultry meat,T: Tonnes,2024,15189.3,2: Two,,,6: Millions
OECD.TAD.ARP:DSD_AGR_POLIND@DF_COMM(1.2),IND: India,A: Annual,QP: Level of production,CPC_EX_PT: Poultry meat,T: Tonnes,2022,5261.9884,2: Two,,,6: Millions
OECD.TAD.ARP:DSD_AGR_POLIND@DF_COMM(1.2),IND: India,A: Annual,QP: Level of production,CPC_EX_PT: Poultry meat,T: Tonnes,2023,5598.6873,2: Two,,,6: Millions
OECD.TAD.ARP:DSD_AGR_POLIND@DF_COMM(1.2),IND: India,A: Annual,QP: Level of production,CPC_EX_PT: Poultry meat,T: Tonnes,2024,5822.6348,2: Two,,,6: Millions
OECD.TAD.ARP:DSD_AGR_POLIND@DF_COMM(1.2),RUS: Russia,A: Annual,QP: Level of production,CPC_EX_PT: Poultry meat,T: Tonnes,2022,4964.0106,2: Two,,,6: Millions
OECD.TAD.ARP:DSD_AGR_POLIND@DF_COMM(1.2),RUS: Russia,A: Annual,QP: Level of production,CPC_EX_PT: Poultry meat,T: Tonnes,2023,4965.5322,2: Two,,,6: Millions
OECD.TAD.ARP:DSD_AGR_POLIND@DF_COMM(1.2),RUS: Russia,A: Annual,QP: Level of production,CPC_EX_PT: Poultry meat,T: Tonnes,2024,5062.7957,2: Two,,,6: Millions
OECD.TAD.ARP:DSD_AGR_POLIND@DF_COMM(1.2),VNM: Viet Nam,A: Annual,QP: Level of production,CPC_EX_PT: Poultry meat,T: Tonnes,2022,1612.016,2: Two,,,6: Millions
OECD.TAD.ARP:DSD_AGR_POLIND@DF_COMM(1.2),VNM: Viet Nam,A: Annual,QP: Level of production,CPC_EX_PT: Poultry meat,T: Tonnes,2023,1708.4624,2: Two,,,6: Millions
OECD.TAD.ARP:DSD_AGR_POLIND@DF_COMM(1.2),VNM: Viet Nam,A: Annual,QP: Level of production,CPC_EX_PT: Poultry meat,T: Tonnes,2024,1800.198,2: Two,,,6: Millions
OECD.TAD.ARP:DSD_AGR_POLIND@DF_COMM(1.2),AUS: Australia,A: Annual,QC: Level of consumption,CPC_EX_PT: Poultry meat,T: Tonnes,2022,1322.1791,2: Two,,,6: Millions
OECD.TAD.ARP:DSD_AGR_POLIND@DF_COMM(1.2),AUS: Australia,A: Annual,QC: Level of consumption,CPC_EX_PT: Poultry meat,T: Tonnes,2023,1394.2517,2: Two,,,6: Millions
OECD.TAD.ARP:DSD_AGR_POLIND@DF_COMM(1.2),AUS: Australia,A: Annual,QC: Level of consumption,CPC_EX_PT: Poultry meat,T: Tonnes,2024,1442.9631,2: Two,,,6: Millions
OECD.TAD.ARP:DSD_AGR_POLIND@DF_COMM(1.2),CAN: Canada,A: Annual,QC: Level of consumption,CPC_EX_PT: Poultry meat,T: Tonnes,2022,1502.2363,2: Two,,,6: Millions
OECD.TAD.ARP:DSD_AGR_POLIND@DF_COMM(1.2),CAN: Canada,A: Annual,QC: Level of consumption,CPC_EX_PT: Poultry meat,T: Tonnes,2023,1545.2027,2: Two,,,6: Millions
OECD.TAD.ARP:DSD_AGR_POLIND@DF_COMM(1.2),CAN: Canada,A: Annual,QC: Level of consumption,CPC_EX_PT: Poultry meat,T: Tonnes,2024,1582.0284,2: Two,,,6: Millions
OECD.TAD.ARP:DSD_AGR_POLIND@DF_COMM(1.2),KOR: Korea,A: Annual,QC: Level of consumption,CPC_EX_PT: Poultry meat,T: Tonnes,2022,765,2: Two,,,6: Millions
OECD.TAD.ARP:DSD_AGR_POLIND@DF_COMM(1.2),KOR: Korea,A: Annual,QC: Level of consumption,CPC_EX_PT: Poultry meat,T: Tonnes,2023,839,2: Two,,,6: Millions
OECD.TAD.ARP:DSD_AGR_POLIND@DF_COMM(1.2),KOR: Korea,A: Annual,QC: Level of consumption,CPC_EX_PT: Poultry meat,T: Tonnes,2024,748,2: Two,,,6: Millions
OECD.TAD.ARP:DSD_AGR_POLIND@DF_COMM(1.2),NZL: New Zealand,A: Annual,QC: Level of consumption,CPC_EX_PT: Poultry meat,T: Tonnes,2022,208.7659,2: Two,,,6: Millions
OECD.TAD.ARP:DSD_AGR_POLIND@DF_COMM(1.2),NZL: New Zealand,A: Annual,QC: Level of consumption,CPC_EX_PT: Poultry meat,T: Tonnes,2023,215.6741,2: Two,,,6: Millions
OECD.TAD.ARP:DSD_AGR_POLIND@DF_COMM(1.2),NZL: New Zealand,A: Annual,QC: Level of consumption,CPC_EX_PT: Poultry meat,T: Tonnes,2024,223.266,2: Two,,,6: Millions
OECD.TAD.ARP:DSD_AGR_POLIND@DF_COMM(1.2),USA: United States,A: Annual,QC: Level of consumption,CPC_EX_PT: Poultry meat,T: Tonnes,2022,19887.0543,2: Two,,,6: Millions
OECD.TAD.ARP:DSD_AGR_POLIND@DF_COMM(1.2),USA: United States,A: Annual,QC: Level of consumption,CPC_EX_PT: Poultry meat,T: Tonnes,2023,20111.1313,2: Two,,,6: Millions
OECD.TAD.ARP:DSD_AGR_POLIND@DF_COMM(1.2),USA: United States,A: Annual,QC: Level of consumption,CPC_EX_PT: Poultry meat,T: Tonnes,2024,20518.0078,2: Two,,,6: Millions
OECD.TAD.ARP:DSD_AGR_POLIND@DF_COMM(1.2),EU: European Union,A: Annual,QC: Level of consumption,CPC_EX_PT: Poultry meat,T: Tonnes,2022,11952.373,2: Two,,,6: Millions
OECD.TAD.ARP:DSD_AGR_POLIND@DF_COMM(1.2),EU: European Union,A: Annual,QC: Level of consumption,CPC_EX_PT: Poultry meat,T: Tonnes,2023,12403.1092,2: Two,,,6: Millions
OECD.TAD.ARP:DSD_AGR_POLIND@DF_COMM(1.2),EU: European Union,A: Annual,QC: Level of consumption,CPC_EX_PT: Poultry meat,T: Tonnes,2024,12875.9418,2: Two,,,6: Millions
OECD.TAD.ARP:DSD_AGR_POLIND@DF_COMM(1.2),BRA: Brazil,A: Annual,QC: Level of consumption,CPC_EX_PT: Poultry meat,T: Tonnes,2022,10135,2: Two,,,6: Millions
OECD.TAD.ARP:DSD_AGR_POLIND@DF_COMM(1.2),BRA: Brazil,A: Annual,QC: Level of consumption,CPC_EX_PT: Poultry meat,T: Tonnes,2023,9914,2: Two,,,6: Millions
OECD.TAD.ARP:DSD_AGR_POLIND@DF_COMM(1.2),BRA: Brazil,A: Annual,QC: Level of consumption,CPC_EX_PT: Poultry meat,T: Tonnes,2024,10470.173,2: Two,,,6: Millions
OECD.TAD.ARP:DSD_AGR_POLIND@DF_COMM(1.2),IND: India,A: Annual,QC: Level of consumption,CPC_EX_PT: Poultry meat,T: Tonnes,2022,5308.8,2: Two,,,6: Millions
OECD.TAD.ARP:DSD_AGR_POLIND@DF_COMM(1.2),IND: India,A: Annual,QC: Level of consumption,CPC_EX_PT: Poultry meat,T: Tonnes,2023,5667.1286,2: Two,,,6: Millions
OECD.TAD.ARP:DSD_AGR_POLIND@DF_COMM(1.2),IND: India,A: Annual,QC: Level of consumption,CPC_EX_PT: Poultry meat,T: Tonnes,2024,5893.8137,2: Two,,,6: Millions
OECD.TAD.ARP:DSD_AGR_POLIND@DF_COMM(1.2),RUS: Russia,A: Annual,QC: Level of consumption,CPC_EX_PT: Poultry meat,T: Tonnes,2022,4639.88,2: Two,,,6: Millions
OECD.TAD.ARP:DSD_AGR_POLIND@DF_COMM(1.2),RUS: Russia,A: Annual,QC: Level of consumption,CPC_EX_PT: Poultry meat,T: Tonnes,2023,5238.367,2: Two,,,6: Millions
OECD.TAD.ARP:DSD_AGR_POLIND@DF_COMM(1.2),RUS: Russia,A: Annual,QC: Level of consumption,CPC_EX_PT: Poultry meat,T: Tonnes,2024,5316.32,2: Two,,,6: Millions
OECD.TAD.ARP:DSD_AGR_POLIND@DF_COMM(1.2),VNM: Viet Nam,A: Annual,QC: Level of consumption,CPC_EX_PT: Poultry meat,T: Tonnes,2022,1861.9509,2: Two,,,6: Millions
OECD.TAD.ARP:DSD_AGR_POLIND@DF_COMM(1.2),VNM: Viet Nam,A: Annual,QC: Level of consumption,CPC_EX_PT: Poultry meat,T: Tonnes,2023,1977.4872,2: Two,,,6: Millions
OECD.TAD.ARP:DSD_AGR_POLIND@DF_COMM(1.2),VNM: Viet Nam,A: Annual,QC: Level of consumption,CPC_EX_PT: Poultry meat,T: Tonnes,2024,2054.3305,2: Two,,,6: Millions
OECD.TAD.ARP:DSD_AGR_POLIND@DF_COMM(1.2),AUS: Australia,A: Annual,QC: Level of consumption,CPC_EX_BV: Beef and veal,T: Tonnes,2022,568.3473,2: Two,,,6: Millions
OECD.TAD.ARP:DSD_AGR_POLIND@DF_COMM(1.2),AUS: Australia,A: Annual,QC: Level of consumption,CPC_EX_BV: Beef and veal,T: Tonnes,2023,543.6921,2: Two,,,6: Millions
OECD.TAD.ARP:DSD_AGR_POLIND@DF_COMM(1.2),AUS: Australia,A: Annual,QC: Level of consumption,CPC_EX_BV: Beef and veal,T: Tonnes,2024,556.9105,2: Two,,,6: Millions
OECD.TAD.ARP:DSD_AGR_POLIND@DF_COMM(1.2),CAN: Canada,A: Annual,QC: Level of consumption,CPC_EX_BV: Beef and veal,T: Tonnes,2022,1002.33,2: Two,,,6: Millions
OECD.TAD.ARP:DSD_AGR_POLIND@DF_COMM(1.2),CAN: Canada,A: Annual,QC: Level of consumption,CPC_EX_BV: Beef and veal,T: Tonnes,2023,958.46,2: Two,,,6: Millions
OECD.TAD.ARP:DSD_AGR_POLIND@DF_COMM(1.2),CAN: Canada,A: Annual,QC: Level of consumption,CPC_EX_BV: Beef and veal,T: Tonnes,2024,974.7431,2: Two,,,6: Millions
OECD.TAD.ARP:DSD_AGR_POLIND@DF_COMM(1.2),KOR: Korea,A: Annual,QC: Level of consumption,CPC_EX_BV: Beef and veal,T: Tonnes,2022,767,2: Two,,,6: Millions
OECD.TAD.ARP:DSD_AGR_POLIND@DF_COMM(1.2),KOR: Korea,A: Annual,QC: Level of consumption,CPC_EX_BV: Beef and veal,T: Tonnes,2023,757,2: Two,,,6: Millions
OECD.TAD.ARP:DSD_AGR_POLIND@DF_COMM(1.2),KOR: Korea,A: Annual,QC: Level of consumption,CPC_EX_BV: Beef and veal,T: Tonnes,2024,766,2: Two,,,6: Millions
OECD.TAD.ARP:DSD_AGR_POLIND@DF_COMM(1.2),NZL: New Zealand,A: Annual,QC: Level of consumption,CPC_EX_BV: Beef and veal,T: Tonnes,2022,70.7329,2: Two,,,6: Millions
OECD.TAD.ARP:DSD_AGR_POLIND@DF_COMM(1.2),NZL: New Zealand,A: Annual,QC: Level of consumption,CPC_EX_BV: Beef and veal,T: Tonnes,2023,66.4549,2: Two,,,6: Millions
OECD.TAD.ARP:DSD_AGR_POLIND@DF_COMM(1.2),NZL: New Zealand,A: Annual,QC: Level of consumption,CPC_EX_BV: Beef and veal,T: Tonnes,2024,70.0789,2: Two,,,6: Millions
OECD.TAD.ARP:DSD_AGR_POLIND@DF_COMM(1.2),USA: United States,A: Annual,QC: Level of consumption,CPC_EX_BV: Beef and veal,T: Tonnes,2022,12799.4593,2: Two,,,6: Millions
OECD.TAD.ARP:DSD_AGR_POLIND@DF_COMM(1.2),USA: United States,A: Annual,QC: Level of consumption,CPC_EX_BV: Beef and veal,T: Tonnes,2023,12637.3492,2: Two,,,6: Millions
OECD.TAD.ARP:DSD_AGR_POLIND@DF_COMM(1.2),USA: United States,A: Annual,QC: Level of consumption,CPC_EX_BV: Beef and veal,T: Tonnes,2024,13048.6256,2: Two,,,6: Millions
OECD.TAD.ARP:DSD_AGR_POLIND@DF_COMM(1.2),EU: European Union,A: Annual,QC: Level of consumption,CPC_EX_BV: Beef and veal,T: Tonnes,2022,6537.5691,2: Two,,,6: Millions
OECD.TAD.ARP:DSD_AGR_POLIND@DF_COMM(1.2),EU: European Union,A: Annual,QC: Level of consumption,CPC_EX_BV: Beef and veal,T: Tonnes,2023,6264.5595,2: Two,,,6: Millions
OECD.TAD.ARP:DSD_AGR_POLIND@DF_COMM(1.2),EU: European Union,A: Annual,QC: Level of consumption,CPC_EX_BV: Beef and veal,T: Tonnes,2024,6145.5993,2: Two,,,6: Millions
OECD.TAD.ARP:DSD_AGR_POLIND@DF_COMM(1.2),BRA: Brazil,A: Annual,QC: Level of consumption,CPC_EX_BV: Beef and veal,T: Tonnes,2022,5736,2: Two,,,6: Millions
OECD.TAD.ARP:DSD_AGR_POLIND@DF_COMM(1.2),BRA: Brazil,A: Annual,QC: Level of consumption,CPC_EX_BV: Beef and veal,T: Tonnes,2023,6548,2: Two,,,6: Millions
OECD.TAD.ARP:DSD_AGR_POLIND@DF_COMM(1.2),BRA: Brazil,A: Annual,QC: Level of consumption,CPC_EX_BV: Beef and veal,T: Tonnes,2024,6611.859,2: Two,,,6: Millions
OECD.TAD.ARP:DSD_AGR_POLIND@DF_COMM(1.2),IND: India,A: Annual,QC: Level of consumption,CPC_EX_BV: Beef and veal,T: Tonnes,2022,2887.5,2: Two,,,6: Millions
OECD.TAD.ARP:DSD_AGR_POLIND@DF_COMM(1.2),IND: India,A: Annual,QC: Level of consumption,CPC_EX_BV: Beef and veal,T: Tonnes,2023,2990,2: Two,,,6: Millions
OECD.TAD.ARP:DSD_AGR_POLIND@DF_COMM(1.2),IND: India,A: Annual,QC: Level of consumption,CPC_EX_BV: Beef and veal,T: Tonnes,2024,2990,2: Two,,,6: Millions
OECD.TAD.ARP:DSD_AGR_POLIND@DF_COMM(1.2),RUS: Russia,A: Annual,QC: Level of consumption,CPC_EX_BV: Beef and veal,T: Tonnes,2022,1817.959,2: Two,,,6: Millions
OECD.TAD.ARP:DSD_AGR_POLIND@DF_COMM(1.2),RUS: Russia,A: Annual,QC: Level of consumption,CPC_EX_BV: Beef and veal,T: Tonnes,2023,1879.4552,2: Two,,,6: Millions
OECD.TAD.ARP:DSD_AGR_POLIND@DF_COMM(1.2),RUS: Russia,A: Annual,QC: Level of consumption,CPC_EX_BV: Beef and veal,T: Tonnes,2024,1941.5958,2: Two,,,6: Millions
OECD.TAD.ARP:DSD_AGR_POLIND@DF_COMM(1.2),VNM: Viet Nam,A: Annual,QC: Level of consumption,CPC_EX_BV: Beef and veal,T: Tonnes,2022,499.1461,2: Two,,,6: Millions
OECD.TAD.ARP:DSD_AGR_POLIND@DF_COMM(1.2),VNM: Viet Nam,A: Annual,QC: Level of consumption,CPC_EX_BV: Beef and veal,T: Tonnes,2023,488.9489,2: Two,,,6: Millions
OECD.TAD.ARP:DSD_AGR_POLIND@DF_COMM(1.2),VNM: Viet Nam,A: Annual,QC: Level of consumption,CPC_EX_BV: Beef and veal,T: Tonnes,2024,487.939,2: Two,,,6: Millions
OECD.TAD.ARP:DSD_AGR_POLIND@DF_COMM(1.2),AUS: Australia,A: Annual,QC: Level of consumption,CPC_022: Raw milk,T: Tonnes,2022,6050,2: Two,,,6: Millions
OECD.TAD.ARP:DSD_AGR_POLIND@DF_COMM(1.2),AUS: Australia,A: Annual,QC: Level of consumption,CPC_022: Raw milk,T: Tonnes,2023,6050,2: Two,,,6: Millions
OECD.TAD.ARP:DSD_AGR_POLIND@DF_COMM(1.2),AUS: Australia,A: Annual,QC: Level of consumption,CPC_022: Raw milk,T: Tonnes,2024,6050,2: Two,,,6: Millions
OECD.TAD.ARP:DSD_AGR_POLIND@DF_COMM(1.2),CAN: Canada,A: Annual,QC: Level of consumption,CPC_022: Raw milk,T: Tonnes,2022,11674.6548,2: Two,,,6: Millions
OECD.TAD.ARP:DSD_AGR_POLIND@DF_COMM(1.2),CAN: Canada,A: Annual,QC: Level of consumption,CPC_022: Raw milk,T: Tonnes,2023,12002.3896,2: Two,,,6: Millions
OECD.TAD.ARP:DSD_AGR_POLIND@DF_COMM(1.2),CAN: Canada,A: Annual,QC: Level of consumption,CPC_022: Raw milk,T: Tonnes,2024,12010.2945,2: Two,,,6: Millions
OECD.TAD.ARP:DSD_AGR_POLIND@DF_COMM(1.2),KOR: Korea,A: Annual,QC: Level of consumption,CPC_022: Raw milk,T: Tonnes,2022,4540,2: Two,,,6: Millions
OECD.TAD.ARP:DSD_AGR_POLIND@DF_COMM(1.2),KOR: Korea,A: Annual,QC: Level of consumption,CPC_022: Raw milk,T: Tonnes,2023,4611.4771,2: Two,,,6: Millions
OECD.TAD.ARP:DSD_AGR_POLIND@DF_COMM(1.2),KOR: Korea,A: Annual,QC: Level of consumption,CPC_022: Raw milk,T: Tonnes,2024,4011,2: Two,,,6: Millions
OECD.TAD.ARP:DSD_AGR_POLIND@DF_COMM(1.2),NZL: New Zealand,A: Annual,QC: Level of consumption,CPC_022: Raw milk,T: Tonnes,2022,1167.0129,2: Two,,,6: Millions
OECD.TAD.ARP:DSD_AGR_POLIND@DF_COMM(1.2),NZL: New Zealand,A: Annual,QC: Level of consumption,CPC_022: Raw milk,T: Tonnes,2023,1357.1362,2: Two,,,6: Millions
OECD.TAD.ARP:DSD_AGR_POLIND@DF_COMM(1.2),NZL: New Zealand,A: Annual,QC: Level of consumption,CPC_022: Raw milk,T: Tonnes,2024,1369.8806,2: Two,,,6: Millions
OECD.TAD.ARP:DSD_AGR_POLIND@DF_COMM(1.2),USA: United States,A: Annual,QC: Level of consumption,CPC_022: Raw milk,T: Tonnes,2022,99609.9066,2: Two,,,6: Millions
OECD.TAD.ARP:DSD_AGR_POLIND@DF_COMM(1.2),USA: United States,A: Annual,QC: Level of consumption,CPC_022: Raw milk,T: Tonnes,2023,101061.417,2: Two,,,6: Millions
OECD.TAD.ARP:DSD_AGR_POLIND@DF_COMM(1.2),USA: United States,A: Annual,QC: Level of consumption,CPC_022: Raw milk,T: Tonnes,2024,101106.7767,2: Two,,,6: Millions
OECD.TAD.ARP:DSD_AGR_POLIND@DF_COMM(1.2),EU: European Union,A: Annual,QC: Level of consumption,CPC_022: Raw milk,T: Tonnes,2022,129361.0141,2: Two,,,6: Millions
OECD.TAD.ARP:DSD_AGR_POLIND@DF_COMM(1.2),EU: European Union,A: Annual,QC: Level of consumption,CPC_022: Raw milk,T: Tonnes,2023,129509.5652,2: Two,,,6: Millions
OECD.TAD.ARP:DSD_AGR_POLIND@DF_COMM(1.2),EU: European Union,A: Annual,QC: Level of consumption,CPC_022: Raw milk,T: Tonnes,2024,130060.3296,2: Two,,,6: Millions
OECD.TAD.ARP:DSD_AGR_POLIND@DF_COMM(1.2),BRA: Brazil,A: Annual,QC: Level of consumption,CPC_022: Raw milk,T: Tonnes,2022,27636.1385,2: Two,,,6: Millions
OECD.TAD.ARP:DSD_AGR_POLIND@DF_COMM(1.2),BRA: Brazil,A: Annual,QC: Level of consumption,CPC_022: Raw milk,T: Tonnes,2023,27912.4999,2: Two,,,6: Millions
OECD.TAD.ARP:DSD_AGR_POLIND@DF_COMM(1.2),BRA: Brazil,A: Annual,QC: Level of consumption,CPC_022: Raw milk,T: Tonnes,2024,28191.6249,2: Two,,,6: Millions
OECD.TAD.ARP:DSD_AGR_POLIND@DF_COMM(1.2),IND: India,A: Annual,QC: Level of consumption,CPC_022: Raw milk,T: Tonnes,2022,174974.8903,2: Two,,,6: Millions
OECD.TAD.ARP:DSD_AGR_POLIND@DF_COMM(1.2),IND: India,A: Annual,QC: Level of consumption,CPC_022: Raw milk,T: Tonnes,2023,174980.2913,2: Two,,,6: Millions
OECD.TAD.ARP:DSD_AGR_POLIND@DF_COMM(1.2),IND: India,A: Annual,QC: Level of consumption,CPC_022: Raw milk,T: Tonnes,2024,174977.5908,2: Two,,,6: Millions
OECD.TAD.ARP:DSD_AGR_POLIND@DF_COMM(1.2),RUS: Russia,A: Annual,QC: Level of consumption,CPC_022: Raw milk,T: Tonnes,2022,38000.137,2: Two,,,6: Millions
OECD.TAD.ARP:DSD_AGR_POLIND@DF_COMM(1.2),RUS: Russia,A: Annual,QC: Level of consumption,CPC_022: Raw milk,T: Tonnes,2023,39741.3639,2: Two,,,6: Millions
OECD.TAD.ARP:DSD_AGR_POLIND@DF_COMM(1.2),RUS: Russia,A: Annual,QC: Level of consumption,CPC_022: Raw milk,T: Tonnes,2024,32635,2: Two,,,6: Millions
OECD.TAD.ARP:DSD_AGR_POLIND@DF_COMM(1.2),AUS: Australia,A: Annual,QC: Level of consumption,CPC_EX_PK: Pigmeat,T: Tonnes,2022,714.0048,2: Two,,,6: Millions
OECD.TAD.ARP:DSD_AGR_POLIND@DF_COMM(1.2),AUS: Australia,A: Annual,QC: Level of consumption,CPC_EX_PK: Pigmeat,T: Tonnes,2023,718.2479,2: Two,,,6: Millions
OECD.TAD.ARP:DSD_AGR_POLIND@DF_COMM(1.2),AUS: Australia,A: Annual,QC: Level of consumption,CPC_EX_PK: Pigmeat,T: Tonnes,2024,723.8288,2: Two,,,6: Millions
OECD.TAD.ARP:DSD_AGR_POLIND@DF_COMM(1.2),CAN: Canada,A: Annual,QC: Level of consumption,CPC_EX_PK: Pigmeat,T: Tonnes,2022,1011.09,2: Two,,,6: Millions
OECD.TAD.ARP:DSD_AGR_POLIND@DF_COMM(1.2),CAN: Canada,A: Annual,QC: Level of consumption,CPC_EX_PK: Pigmeat,T: Tonnes,2023,1152.78,2: Two,,,6: Millions
OECD.TAD.ARP:DSD_AGR_POLIND@DF_COMM(1.2),CAN: Canada,A: Annual,QC: Level of consumption,CPC_EX_PK: Pigmeat,T: Tonnes,2024,1167.5699,2: Two,,,6: Millions
OECD.TAD.ARP:DSD_AGR_POLIND@DF_COMM(1.2),KOR: Korea,A: Annual,QC: Level of consumption,CPC_EX_PK: Pigmeat,T: Tonnes,2022,1550,2: Two,,,6: Millions
OECD.TAD.ARP:DSD_AGR_POLIND@DF_COMM(1.2),KOR: Korea,A: Annual,QC: Level of consumption,CPC_EX_PK: Pigmeat,T: Tonnes,2023,1521,2: Two,,,6: Millions
OECD.TAD.ARP:DSD_AGR_POLIND@DF_COMM(1.2),KOR: Korea,A: Annual,QC: Level of consumption,CPC_EX_PK: Pigmeat,T: Tonnes,2024,1584,2: Two,,,6: Millions
OECD.TAD.ARP:DSD_AGR_POLIND@DF_COMM(1.2),NZL: New Zealand,A: Annual,QC: Level of consumption,CPC_EX_PK: Pigmeat,T: Tonnes,2022,122.3495,2: Two,,,6: Millions
OECD.TAD.ARP:DSD_AGR_POLIND@DF_COMM(1.2),NZL: New Zealand,A: Annual,QC: Level of consumption,CPC_EX_PK: Pigmeat,T: Tonnes,2023,110.1396,2: Two,,,6: Millions
OECD.TAD.ARP:DSD_AGR_POLIND@DF_COMM(1.2),NZL: New Zealand,A: Annual,QC: Level of consumption,CPC_EX_PK: Pigmeat,T: Tonnes,2024,110.3719,2: Two,,,6: Millions
OECD.TAD.ARP:DSD_AGR_POLIND@DF_COMM(1.2),USA: United States,A: Annual,QC: Level of consumption,CPC_EX_PK: Pigmeat,T: Tonnes,2022,9956.9083,2: Two,,,6: Millions
OECD.TAD.ARP:DSD_AGR_POLIND@DF_COMM(1.2),USA: United States,A: Annual,QC: Level of consumption,CPC_EX_PK: Pigmeat,T: Tonnes,2023,9829.4475,2: Two,,,6: Millions
OECD.TAD.ARP:DSD_AGR_POLIND@DF_COMM(1.2),USA: United States,A: Annual,QC: Level of consumption,CPC_EX_PK: Pigmeat,T: Tonnes,2024,9921.5277,2: Two,,,6: Millions
OECD.TAD.ARP:DSD_AGR_POLIND@DF_COMM(1.2),EU: European Union,A: Annual,QC: Level of consumption,CPC_EX_PK: Pigmeat,T: Tonnes,2022,18407.268,2: Two,,,6: Millions
OECD.TAD.ARP:DSD_AGR_POLIND@DF_COMM(1.2),EU: European Union,A: Annual,QC: Level of consumption,CPC_EX_PK: Pigmeat,T: Tonnes,2023,17929.1564,2: Two,,,6: Millions
OECD.TAD.ARP:DSD_AGR_POLIND@DF_COMM(1.2),EU: European Union,A: Annual,QC: Level of consumption,CPC_EX_PK: Pigmeat,T: Tonnes,2024,17900.5989,2: Two,,,6: Millions
OECD.TAD.ARP:DSD_AGR_POLIND@DF_COMM(1.2),BRA: Brazil,A: Annual,QC: Level of consumption,CPC_EX_PK: Pigmeat,T: Tonnes,2022,4100,2: Two,,,6: Millions
OECD.TAD.ARP:DSD_AGR_POLIND@DF_COMM(1.2),BRA: Brazil,A: Annual,QC: Level of consumption,CPC_EX_PK: Pigmeat,T: Tonnes,2023,4104,2: Two,,,6: Millions
OECD.TAD.ARP:DSD_AGR_POLIND@DF_COMM(1.2),BRA: Brazil,A: Annual,QC: Level of consumption,CPC_EX_PK: Pigmeat,T: Tonnes,2024,3976.5071,2: Two,,,6: Millions
OECD.TAD.ARP:DSD_AGR_POLIND@DF_COMM(1.2),RUS: Russia,A: Annual,QC: Level of consumption,CPC_EX_PK: Pigmeat,T: Tonnes,2022,4471.955,2: Two,,,6: Millions
OECD.TAD.ARP:DSD_AGR_POLIND@DF_COMM(1.2),RUS: Russia,A: Annual,QC: Level of consumption,CPC_EX_PK: Pigmeat,T: Tonnes,2023,4563.824,2: Two,,,6: Millions
OECD.TAD.ARP:DSD_AGR_POLIND@DF_COMM(1.2),RUS: Russia,A: Annual,QC: Level of consumption,CPC_EX_PK: Pigmeat,T: Tonnes,2024,4723.4,2: Two,,,6: Millions
OECD.TAD.ARP:DSD_AGR_POLIND@DF_COMM(1.2),VNM: Viet Nam,A: Annual,QC: Level of consumption,CPC_EX_PK: Pigmeat,T: Tonnes,2022,3454.9856,2: Two,,,6: Millions
OECD.TAD.ARP:DSD_AGR_POLIND@DF_COMM(1.2),VNM: Viet Nam,A: Annual,QC: Level of consumption,CPC_EX_PK: Pigmeat,T: Tonnes,2023,3705.7772,2: Two,,,6: Millions
OECD.TAD.ARP:DSD_AGR_POLIND@DF_COMM(1.2),VNM: Viet Nam,A: Annual,QC: Level of consumption,CPC_EX_PK: Pigmeat,T: Tonnes,2024,3954.7003,2: Two,,,6: Millions
OECD.TAD.ARP:DSD_AGR_POLIND@DF_COMM(1.2),OECD: OECD,A: Annual,QP: Level of production,CPC_EX_PT: Poultry meat,T: Tonnes,2022,52696.5802,2: Two,,,6: Millions
OECD.TAD.ARP:DSD_AGR_POLIND@DF_COMM(1.2),OECD: OECD,A: Annual,QP: Level of production,CPC_EX_PK: Pigmeat,T: Tonnes,2022,44498.1731,2: Two,,,6: Millions
OECD.TAD.ARP:DSD_AGR_POLIND@DF_COMM(1.2),OECD: OECD,A: Annual,QP: Level of production,CPC_EX_BV: Beef and veal,T: Tonnes,2022,30273.6535,2: Two,,,6: Millions
OECD.TAD.ARP:DSD_AGR_POLIND@DF_COMM(1.2),OECD: OECD,A: Annual,QP: Level of production,CPC_022: Raw milk,T: Tonnes,2022,362901.0597,2: Two,,,6: Millions
OECD.TAD.ARP:DSD_AGR_POLIND@DF_COMM(1.2),OECD: OECD,A: Annual,QP: Level of production,CPC_022: Raw milk,T: Tonnes,2023,363797.1907,2: Two,,,6: Millions
OECD.TAD.ARP:DSD_AGR_POLIND@DF_COMM(1.2),OECD: OECD,A: Annual,QP: Level of production,CPC_EX_BV: Beef and veal,T: Tonnes,2023,29936.1993,2: Two,,,6: Millions
OECD.TAD.ARP:DSD_AGR_POLIND@DF_COMM(1.2),OECD: OECD,A: Annual,QP: Level of production,CPC_EX_PK: Pigmeat,T: Tonnes,2023,43293.3577,2: Two,,,6: Millions
OECD.TAD.ARP:DSD_AGR_POLIND@DF_COMM(1.2),OECD: OECD,A: Annual,QP: Level of production,CPC_EX_PT: Poultry meat,T: Tonnes,2023,53482.5191,2: Two,,,6: Millions
OECD.TAD.ARP:DSD_AGR_POLIND@DF_COMM(1.2),OECD: OECD,A: Annual,QP: Level of production,CPC_EX_PT: Poultry meat,T: Tonnes,2024,53752.0776,2: Two,,,6: Millions
OECD.TAD.ARP:DSD_AGR_POLIND@DF_COMM(1.2),OECD: OECD,A: Annual,QP: Level of production,CPC_EX_PK: Pigmeat,T: Tonnes,2024,42627.0046,2: Two,,,6: Millions
OECD.TAD.ARP:DSD_AGR_POLIND@DF_COMM(1.2),OECD: OECD,A: Annual,QP: Level of production,CPC_EX_BV: Beef and veal,T: Tonnes,2024,30171.4606,2: Two,,,6: Millions
OECD.TAD.ARP:DSD_AGR_POLIND@DF_COMM(1.2),OECD: OECD,A: Annual,QP: Level of production,CPC_022: Raw milk,T: Tonnes,2024,348547.6375,2: Two,,,6: Millions
OECD.TAD.ARP:DSD_AGR_POLIND@DF_COMM(1.2),OECD: OECD,A: Annual,QC: Level of consumption,CPC_022: Raw milk,T: Tonnes,2022,336014.2886,2: Two,,,6: Millions
OECD.TAD.ARP:DSD_AGR_POLIND@DF_COMM(1.2),OECD: OECD,A: Annual,QC: Level of consumption,CPC_EX_BV: Beef and veal,T: Tonnes,2022,28999.7763,2: Two,,,6: Millions
OECD.TAD.ARP:DSD_AGR_POLIND@DF_COMM(1.2),OECD: OECD,A: Annual,QC: Level of consumption,CPC_EX_PT: Poultry meat,T: Tonnes,2022,49510.3225,2: Two,,,6: Millions
OECD.TAD.ARP:DSD_AGR_POLIND@DF_COMM(1.2),OECD: OECD,A: Annual,QC: Level of consumption,CPC_EX_PK: Pigmeat,T: Tonnes,2022,39731.6371,2: Two,,,6: Millions
OECD.TAD.ARP:DSD_AGR_POLIND@DF_COMM(1.2),OECD: OECD,A: Annual,QC: Level of consumption,CPC_EX_PK: Pigmeat,T: Tonnes,2023,39388.0552,2: Two,,,6: Millions
OECD.TAD.ARP:DSD_AGR_POLIND@DF_COMM(1.2),OECD: OECD,A: Annual,QC: Level of consumption,CPC_EX_PT: Poultry meat,T: Tonnes,2023,50748.3566,2: Two,,,6: Millions
OECD.TAD.ARP:DSD_AGR_POLIND@DF_COMM(1.2),OECD: OECD,A: Annual,QC: Level of consumption,CPC_EX_BV: Beef and veal,T: Tonnes,2023,28723.9236,2: Two,,,6: Millions
OECD.TAD.ARP:DSD_AGR_POLIND@DF_COMM(1.2),OECD: OECD,A: Annual,QC: Level of consumption,CPC_022: Raw milk,T: Tonnes,2023,343922.0093,2: Two,,,6: Millions
OECD.TAD.ARP:DSD_AGR_POLIND@DF_COMM(1.2),OECD: OECD,A: Annual,QC: Level of consumption,CPC_022: Raw milk,T: Tonnes,2024,323195.8029,2: Two,,,6: Millions
OECD.TAD.ARP:DSD_AGR_POLIND@DF_COMM(1.2),OECD: OECD,A: Annual,QC: Level of consumption,CPC_EX_BV: Beef and veal,T: Tonnes,2024,29140.9085,2: Two,,,6: Millions
OECD.TAD.ARP:DSD_AGR_POLIND@DF_COMM(1.2),OECD: OECD,A: Annual,QC: Level of consumption,CPC_EX_PT: Poultry meat,T: Tonnes,2024,51771.8071,2: Two,,,6: Millions
OECD.TAD.ARP:DSD_AGR_POLIND@DF_COMM(1.2),OECD: OECD,A: Annual,QC: Level of consumption,CPC_EX_PK: Pigmeat,T: Tonnes,2024,40123.1022,2: Two,,,6: Millions
OECD.TAD.ARP:DSD_AGR_POLIND@DF_COMM(1.2),AUS: Australia,A: Annual,"RP: Reference price, at farm gate",CPC_EX_BV: Beef and veal,USD_T: US dollars per tonne,2022,4759.1699,2: Two,,,6: Millions
OECD.TAD.ARP:DSD_AGR_POLIND@DF_COMM(1.2),AUS: Australia,A: Annual,"RP: Reference price, at farm gate",CPC_EX_BV: Beef and veal,USD_T: US dollars per tonne,2023,3510.6616,2: Two,,,6: Millions
OECD.TAD.ARP:DSD_AGR_POLIND@DF_COMM(1.2),AUS: Australia,A: Annual,"RP: Reference price, at farm gate",CPC_EX_BV: Beef and veal,USD_T: US dollars per tonne,2024,4117.2076,2: Two,,,6: Millions
OECD.TAD.ARP:DSD_AGR_POLIND@DF_COMM(1.2),CAN: Canada,A: Annual,"RP: Reference price, at farm gate",CPC_EX_BV: Beef and veal,USD_T: US dollars per tonne,2022,4834.0037,2: Two,,,6: Millions
OECD.TAD.ARP:DSD_AGR_POLIND@DF_COMM(1.2),CAN: Canada,A: Annual,"RP: Reference price, at farm gate",CPC_EX_BV: Beef and veal,USD_T: US dollars per tonne,2023,3937.4636,2: Two,,,6: Millions
OECD.TAD.ARP:DSD_AGR_POLIND@DF_COMM(1.2),CAN: Canada,A: Annual,"RP: Reference price, at farm gate",CPC_EX_BV: Beef and veal,USD_T: US dollars per tonne,2024,4272.2864,2: Two,,,6: Millions
OECD.TAD.ARP:DSD_AGR_POLIND@DF_COMM(1.2),KOR: Korea,A: Annual,"RP: Reference price, at farm gate",CPC_EX_BV: Beef and veal,USD_T: US dollars per tonne,2022,9832.0741,2: Two,,,6: Millions
OECD.TAD.ARP:DSD_AGR_POLIND@DF_COMM(1.2),KOR: Korea,A: Annual,"RP: Reference price, at farm gate",CPC_EX_BV: Beef and veal,USD_T: US dollars per tonne,2023,8573.2044,2: Two,,,6: Millions
OECD.TAD.ARP:DSD_AGR_POLIND@DF_COMM(1.2),KOR: Korea,A: Annual,"RP: Reference price, at farm gate",CPC_EX_BV: Beef and veal,USD_T: US dollars per tonne,2024,8257.9712,2: Two,,,6: Millions
OECD.TAD.ARP:DSD_AGR_POLIND@DF_COMM(1.2),NZL: New Zealand,A: Annual,"RP: Reference price, at farm gate",CPC_EX_BV: Beef and veal,USD_T: US dollars per tonne,2022,3392.9546,2: Two,,,6: Millions
OECD.TAD.ARP:DSD_AGR_POLIND@DF_COMM(1.2),NZL: New Zealand,A: Annual,"RP: Reference price, at farm gate",CPC_EX_BV: Beef and veal,USD_T: US dollars per tonne,2023,3131.9654,2: Two,,,6: Millions
OECD.TAD.ARP:DSD_AGR_POLIND@DF_COMM(1.2),NZL: New Zealand,A: Annual,"RP: Reference price, at farm gate",CPC_EX_BV: Beef and veal,USD_T: US dollars per tonne,2024,3278.5898,2: Two,,,6: Millions
OECD.TAD.ARP:DSD_AGR_POLIND@DF_COMM(1.2),USA: United States,A: Annual,"RP: Reference price, at farm gate",CPC_EX_BV: Beef and veal,USD_T: US dollars per tonne,2022,4774.2647,2: Two,,,6: Millions
OECD.TAD.ARP:DSD_AGR_POLIND@DF_COMM(1.2),USA: United States,A: Annual,"RP: Reference price, at farm gate",CPC_EX_BV: Beef and veal,USD_T: US dollars per tonne,2023,3446.1544,2: Two,,,6: Millions
OECD.TAD.ARP:DSD_AGR_POLIND@DF_COMM(1.2),USA: United States,A: Annual,"RP: Reference price, at farm gate",CPC_EX_BV: Beef and veal,USD_T: US dollars per tonne,2024,3423.0331,2: Two,,,6: Millions
OECD.TAD.ARP:DSD_AGR_POLIND@DF_COMM(1.2),EU: European Union,A: Annual,"RP: Reference price, at farm gate",CPC_EX_BV: Beef and veal,USD_T: US dollars per tonne,2022,4089.1123,2: Two,,,6: Millions
OECD.TAD.ARP:DSD_AGR_POLIND@DF_COMM(1.2),EU: European Union,A: Annual,"RP: Reference price, at farm gate",CPC_EX_BV: Beef and veal,USD_T: US dollars per tonne,2023,3434.1245,2: Two,,,6: Millions
OECD.TAD.ARP:DSD_AGR_POLIND@DF_COMM(1.2),EU: European Union,A: Annual,"RP: Reference price, at farm gate",CPC_EX_BV: Beef and veal,USD_T: US dollars per tonne,2024,3263.1759,2: Two,,,6: Millions
OECD.TAD.ARP:DSD_AGR_POLIND@DF_COMM(1.2),BRA: Brazil,A: Annual,"RP: Reference price, at farm gate",CPC_EX_BV: Beef and veal,USD_T: US dollars per tonne,2022,4135.7994,2: Two,,,6: Millions
OECD.TAD.ARP:DSD_AGR_POLIND@DF_COMM(1.2),BRA: Brazil,A: Annual,"RP: Reference price, at farm gate",CPC_EX_BV: Beef and veal,USD_T: US dollars per tonne,2023,3547.9769,2: Two,,,6: Millions
OECD.TAD.ARP:DSD_AGR_POLIND@DF_COMM(1.2),BRA: Brazil,A: Annual,"RP: Reference price, at farm gate",CPC_EX_BV: Beef and veal,USD_T: US dollars per tonne,2024,3220.3308,2: Two,,,6: Millions
OECD.TAD.ARP:DSD_AGR_POLIND@DF_COMM(1.2),IND: India,A: Annual,"RP: Reference price, at farm gate",CPC_EX_BV: Beef and veal,USD_T: US dollars per tonne,2022,1452.4569,2: Two,,,6: Millions
OECD.TAD.ARP:DSD_AGR_POLIND@DF_COMM(1.2),IND: India,A: Annual,"RP: Reference price, at farm gate",CPC_EX_BV: Beef and veal,USD_T: US dollars per tonne,2023,1565.8704,2: Two,,,6: Millions
OECD.TAD.ARP:DSD_AGR_POLIND@DF_COMM(1.2),IND: India,A: Annual,"RP: Reference price, at farm gate",CPC_EX_BV: Beef and veal,USD_T: US dollars per tonne,2024,1736.1289,2: Two,,,6: Millions
OECD.TAD.ARP:DSD_AGR_POLIND@DF_COMM(1.2),RUS: Russia,A: Annual,"RP: Reference price, at farm gate",CPC_EX_BV: Beef and veal,USD_T: US dollars per tonne,2022,4043.5541,2: Two,,,6: Millions
OECD.TAD.ARP:DSD_AGR_POLIND@DF_COMM(1.2),RUS: Russia,A: Annual,"RP: Reference price, at farm gate",CPC_EX_BV: Beef and veal,USD_T: US dollars per tonne,2023,3452.1628,2: Two,,,6: Millions
OECD.TAD.ARP:DSD_AGR_POLIND@DF_COMM(1.2),RUS: Russia,A: Annual,"RP: Reference price, at farm gate",CPC_EX_BV: Beef and veal,USD_T: US dollars per tonne,2024,3417.0372,2: Two,,,6: Millions
OECD.TAD.ARP:DSD_AGR_POLIND@DF_COMM(1.2),VNM: Viet Nam,A: Annual,"RP: Reference price, at farm gate",CPC_EX_BV: Beef and veal,USD_T: US dollars per tonne,2022,5568.8679,2: Two,,,6: Millions
OECD.TAD.ARP:DSD_AGR_POLIND@DF_COMM(1.2),VNM: Viet Nam,A: Annual,"RP: Reference price, at farm gate",CPC_EX_BV: Beef and veal,USD_T: US dollars per tonne,2023,4666.8784,2: Two,,,6: Millions
OECD.TAD.ARP:DSD_AGR_POLIND@DF_COMM(1.2),VNM: Viet Nam,A: Annual,"RP: Reference price, at farm gate",CPC_EX_BV: Beef and veal,USD_T: US dollars per tonne,2024,4682.3903,2: Two,,,6: Millions
OECD.TAD.ARP:DSD_AGR_POLIND@DF_COMM(1.2),AUS: Australia,A: Annual,"RP: Reference price, at farm gate",CPC_EX_PT: Poultry meat,USD_T: US dollars per tonne,2022,1792.5403,2: Two,,,6: Millions
OECD.TAD.ARP:DSD_AGR_POLIND@DF_COMM(1.2),AUS: Australia,A: Annual,"RP: Reference price, at farm gate",CPC_EX_PT: Poultry meat,USD_T: US dollars per tonne,2023,1802.925,2: Two,,,6: Millions
OECD.TAD.ARP:DSD_AGR_POLIND@DF_COMM(1.2),AUS: Australia,A: Annual,"RP: Reference price, at farm gate",CPC_EX_PT: Poultry meat,USD_T: US dollars per tonne,2024,1796.2009,2: Two,,,6: Millions
OECD.TAD.ARP:DSD_AGR_POLIND@DF_COMM(1.2),CAN: Canada,A: Annual,"RP: Reference price, at farm gate",CPC_EX_PT: Poultry meat,USD_T: US dollars per tonne,2022,2169.0907,2: Two,,,6: Millions
OECD.TAD.ARP:DSD_AGR_POLIND@DF_COMM(1.2),CAN: Canada,A: Annual,"RP: Reference price, at farm gate",CPC_EX_PT: Poultry meat,USD_T: US dollars per tonne,2023,2172.144,2: Two,,,6: Millions
OECD.TAD.ARP:DSD_AGR_POLIND@DF_COMM(1.2),CAN: Canada,A: Annual,"RP: Reference price, at farm gate",CPC_EX_PT: Poultry meat,USD_T: US dollars per tonne,2024,2040.1156,2: Two,,,6: Millions
OECD.TAD.ARP:DSD_AGR_POLIND@DF_COMM(1.2),KOR: Korea,A: Annual,"RP: Reference price, at farm gate",CPC_EX_PT: Poultry meat,USD_T: US dollars per tonne,2022,2967.6581,2: Two,,,6: Millions
OECD.TAD.ARP:DSD_AGR_POLIND@DF_COMM(1.2),KOR: Korea,A: Annual,"RP: Reference price, at farm gate",CPC_EX_PT: Poultry meat,USD_T: US dollars per tonne,2023,2505.9692,2: Two,,,6: Millions
OECD.TAD.ARP:DSD_AGR_POLIND@DF_COMM(1.2),KOR: Korea,A: Annual,"RP: Reference price, at farm gate",CPC_EX_PT: Poultry meat,USD_T: US dollars per tonne,2024,2468.249,2: Two,,,6: Millions
OECD.TAD.ARP:DSD_AGR_POLIND@DF_COMM(1.2),NZL: New Zealand,A: Annual,"RP: Reference price, at farm gate",CPC_EX_PT: Poultry meat,USD_T: US dollars per tonne,2022,2473.0484,2: Two,,,6: Millions
OECD.TAD.ARP:DSD_AGR_POLIND@DF_COMM(1.2),NZL: New Zealand,A: Annual,"RP: Reference price, at farm gate",CPC_EX_PT: Poultry meat,USD_T: US dollars per tonne,2023,2088.3076,2: Two,,,6: Millions
OECD.TAD.ARP:DSD_AGR_POLIND@DF_COMM(1.2),NZL: New Zealand,A: Annual,"RP: Reference price, at farm gate",CPC_EX_PT: Poultry meat,USD_T: US dollars per tonne,2024,2056.8741,2: Two,,,6: Millions
OECD.TAD.ARP:DSD_AGR_POLIND@DF_COMM(1.2),USA: United States,A: Annual,"RP: Reference price, at farm gate",CPC_EX_PT: Poultry meat,USD_T: US dollars per tonne,2022,2473.0484,2: Two,,,6: Millions
OECD.TAD.ARP:DSD_AGR_POLIND@DF_COMM(1.2),USA: United States,A: Annual,"RP: Reference price, at farm gate",CPC_EX_PT: Poultry meat,USD_T: US dollars per tonne,2023,2088.3076,2: Two,,,6: Millions
OECD.TAD.ARP:DSD_AGR_POLIND@DF_COMM(1.2),USA: United States,A: Annual,"RP: Reference price, at farm gate",CPC_EX_PT: Poultry meat,USD_T: US dollars per tonne,2024,2056.8741,2: Two,,,6: Millions
OECD.TAD.ARP:DSD_AGR_POLIND@DF_COMM(1.2),EU: European Union,A: Annual,"RP: Reference price, at farm gate",CPC_EX_PT: Poultry meat,USD_T: US dollars per tonne,2022,1340.0358,2: Two,,,6: Millions
OECD.TAD.ARP:DSD_AGR_POLIND@DF_COMM(1.2),EU: European Union,A: Annual,"RP: Reference price, at farm gate",CPC_EX_PT: Poultry meat,USD_T: US dollars per tonne,2023,1317.2035,2: Two,,,6: Millions
OECD.TAD.ARP:DSD_AGR_POLIND@DF_COMM(1.2),EU: European Union,A: Annual,"RP: Reference price, at farm gate",CPC_EX_PT: Poultry meat,USD_T: US dollars per tonne,2024,1354.811,2: Two,,,6: Millions
OECD.TAD.ARP:DSD_AGR_POLIND@DF_COMM(1.2),BRA: Brazil,A: Annual,"RP: Reference price, at farm gate",CPC_EX_PT: Poultry meat,USD_T: US dollars per tonne,2022,1668.663,2: Two,,,6: Millions
OECD.TAD.ARP:DSD_AGR_POLIND@DF_COMM(1.2),BRA: Brazil,A: Annual,"RP: Reference price, at farm gate",CPC_EX_PT: Poultry meat,USD_T: US dollars per tonne,2023,1825.3821,2: Two,,,6: Millions
OECD.TAD.ARP:DSD_AGR_POLIND@DF_COMM(1.2),BRA: Brazil,A: Annual,"RP: Reference price, at farm gate",CPC_EX_PT: Poultry meat,USD_T: US dollars per tonne,2024,1831.5179,2: Two,,,6: Millions
OECD.TAD.ARP:DSD_AGR_POLIND@DF_COMM(1.2),IND: India,A: Annual,"RP: Reference price, at farm gate",CPC_EX_PT: Poultry meat,USD_T: US dollars per tonne,2022,2029.2439,2: Two,,,6: Millions
OECD.TAD.ARP:DSD_AGR_POLIND@DF_COMM(1.2),IND: India,A: Annual,"RP: Reference price, at farm gate",CPC_EX_PT: Poultry meat,USD_T: US dollars per tonne,2023,1882.9191,2: Two,,,6: Millions
OECD.TAD.ARP:DSD_AGR_POLIND@DF_COMM(1.2),IND: India,A: Annual,"RP: Reference price, at farm gate",CPC_EX_PT: Poultry meat,USD_T: US dollars per tonne,2024,1838.9276,2: Two,,,6: Millions
OECD.TAD.ARP:DSD_AGR_POLIND@DF_COMM(1.2),RUS: Russia,A: Annual,"RP: Reference price, at farm gate",CPC_EX_PT: Poultry meat,USD_T: US dollars per tonne,2022,1933.7351,2: Two,,,6: Millions
OECD.TAD.ARP:DSD_AGR_POLIND@DF_COMM(1.2),RUS: Russia,A: Annual,"RP: Reference price, at farm gate",CPC_EX_PT: Poultry meat,USD_T: US dollars per tonne,2023,1783.2324,2: Two,,,6: Millions
OECD.TAD.ARP:DSD_AGR_POLIND@DF_COMM(1.2),RUS: Russia,A: Annual,"RP: Reference price, at farm gate",CPC_EX_PT: Poultry meat,USD_T: US dollars per tonne,2024,1766.3213,2: Two,,,6: Millions
OECD.TAD.ARP:DSD_AGR_POLIND@DF_COMM(1.2),VNM: Viet Nam,A: Annual,"RP: Reference price, at farm gate",CPC_EX_PT: Poultry meat,USD_T: US dollars per tonne,2022,3665.1015,2: Two,,,6: Millions
OECD.TAD.ARP:DSD_AGR_POLIND@DF_COMM(1.2),VNM: Viet Nam,A: Annual,"RP: Reference price, at farm gate",CPC_EX_PT: Poultry meat,USD_T: US dollars per tonne,2023,3648.8361,2: Two,,,6: Millions
OECD.TAD.ARP:DSD_AGR_POLIND@DF_COMM(1.2),VNM: Viet Nam,A: Annual,"RP: Reference price, at farm gate",CPC_EX_PT: Poultry meat,USD_T: US dollars per tonne,2024,3579.307,2: Two,,,6: Millions
OECD.TAD.ARP:DSD_AGR_POLIND@DF_COMM(1.2),AUS: Australia,A: Annual,"RP: Reference price, at farm gate",CPC_022: Raw milk,USD_T: US dollars per tonne,2022,518.8449,2: Two,,,6: Millions
OECD.TAD.ARP:DSD_AGR_POLIND@DF_COMM(1.2),AUS: Australia,A: Annual,"RP: Reference price, at farm gate",CPC_022: Raw milk,USD_T: US dollars per tonne,2023,494.2894,2: Two,,,6: Millions
OECD.TAD.ARP:DSD_AGR_POLIND@DF_COMM(1.2),AUS: Australia,A: Annual,"RP: Reference price, at farm gate",CPC_022: Raw milk,USD_T: US dollars per tonne,2024,432.2411,2: Two,,,6: Millions
OECD.TAD.ARP:DSD_AGR_POLIND@DF_COMM(1.2),CAN: Canada,A: Annual,"RP: Reference price, at farm gate",CPC_022: Raw milk,USD_T: US dollars per tonne,2022,457.084,2: Two,,,6: Millions
OECD.TAD.ARP:DSD_AGR_POLIND@DF_COMM(1.2),CAN: Canada,A: Annual,"RP: Reference price, at farm gate",CPC_022: Raw milk,USD_T: US dollars per tonne,2023,474.7623,2: Two,,,6: Millions
OECD.TAD.ARP:DSD_AGR_POLIND@DF_COMM(1.2),CAN: Canada,A: Annual,"RP: Reference price, at farm gate",CPC_022: Raw milk,USD_T: US dollars per tonne,2024,448.4854,2: Two,,,6: Millions
OECD.TAD.ARP:DSD_AGR_POLIND@DF_COMM(1.2),KOR: Korea,A: Annual,"RP: Reference price, at farm gate",CPC_022: Raw milk,USD_T: US dollars per tonne,2022,502.458,2: Two,,,6: Millions
OECD.TAD.ARP:DSD_AGR_POLIND@DF_COMM(1.2),KOR: Korea,A: Annual,"RP: Reference price, at farm gate",CPC_022: Raw milk,USD_T: US dollars per tonne,2023,582.4743,2: Two,,,6: Millions
OECD.TAD.ARP:DSD_AGR_POLIND@DF_COMM(1.2),KOR: Korea,A: Annual,"RP: Reference price, at farm gate",CPC_022: Raw milk,USD_T: US dollars per tonne,2024,534.4599,2: Two,,,6: Millions
OECD.TAD.ARP:DSD_AGR_POLIND@DF_COMM(1.2),NZL: New Zealand,A: Annual,"RP: Reference price, at farm gate",CPC_022: Raw milk,USD_T: US dollars per tonne,2022,471.6141,2: Two,,,6: Millions
OECD.TAD.ARP:DSD_AGR_POLIND@DF_COMM(1.2),NZL: New Zealand,A: Annual,"RP: Reference price, at farm gate",CPC_022: Raw milk,USD_T: US dollars per tonne,2023,422.2996,2: Two,,,6: Millions
OECD.TAD.ARP:DSD_AGR_POLIND@DF_COMM(1.2),NZL: New Zealand,A: Annual,"RP: Reference price, at farm gate",CPC_022: Raw milk,USD_T: US dollars per tonne,2024,438.7163,2: Two,,,6: Millions
OECD.TAD.ARP:DSD_AGR_POLIND@DF_COMM(1.2),USA: United States,A: Annual,"RP: Reference price, at farm gate",CPC_022: Raw milk,USD_T: US dollars per tonne,2022,630.1873,2: Two,,,6: Millions
OECD.TAD.ARP:DSD_AGR_POLIND@DF_COMM(1.2),USA: United States,A: Annual,"RP: Reference price, at farm gate",CPC_022: Raw milk,USD_T: US dollars per tonne,2023,553.4333,2: Two,,,6: Millions
OECD.TAD.ARP:DSD_AGR_POLIND@DF_COMM(1.2),USA: United States,A: Annual,"RP: Reference price, at farm gate",CPC_022: Raw milk,USD_T: US dollars per tonne,2024,553.2018,2: Two,,,6: Millions
OECD.TAD.ARP:DSD_AGR_POLIND@DF_COMM(1.2),EU: European Union,A: Annual,"RP: Reference price, at farm gate",CPC_022: Raw milk,USD_T: US dollars per tonne,2022,548.4304,2: Two,,,6: Millions
OECD.TAD.ARP:DSD_AGR_POLIND@DF_COMM(1.2),EU: European Union,A: Annual,"RP: Reference price, at farm gate",CPC_022: Raw milk,USD_T: US dollars per tonne,2023,513.5637,2: Two,,,6: Millions
OECD.TAD.ARP:DSD_AGR_POLIND@DF_COMM(1.2),EU: European Union,A: Annual,"RP: Reference price, at farm gate",CPC_022: Raw milk,USD_T: US dollars per tonne,2024,538.4505,2: Two,,,6: Millions
OECD.TAD.ARP:DSD_AGR_POLIND@DF_COMM(1.2),BRA: Brazil,A: Annual,"RP: Reference price, at farm gate",CPC_022: Raw milk,USD_T: US dollars per tonne,2022,414.9485,2: Two,,,6: Millions
OECD.TAD.ARP:DSD_AGR_POLIND@DF_COMM(1.2),BRA: Brazil,A: Annual,"RP: Reference price, at farm gate",CPC_022: Raw milk,USD_T: US dollars per tonne,2023,508.9159,2: Two,,,6: Millions
OECD.TAD.ARP:DSD_AGR_POLIND@DF_COMM(1.2),BRA: Brazil,A: Annual,"RP: Reference price, at farm gate",CPC_022: Raw milk,USD_T: US dollars per tonne,2024,433.5688,2: Two,,,6: Millions
OECD.TAD.ARP:DSD_AGR_POLIND@DF_COMM(1.2),IND: India,A: Annual,"RP: Reference price, at farm gate",CPC_022: Raw milk,USD_T: US dollars per tonne,2022,711.235,2: Two,,,6: Millions
OECD.TAD.ARP:DSD_AGR_POLIND@DF_COMM(1.2),IND: India,A: Annual,"RP: Reference price, at farm gate",CPC_022: Raw milk,USD_T: US dollars per tonne,2023,618.2111,2: Two,,,6: Millions
OECD.TAD.ARP:DSD_AGR_POLIND@DF_COMM(1.2),IND: India,A: Annual,"RP: Reference price, at farm gate",CPC_022: Raw milk,USD_T: US dollars per tonne,2024,751.1215,2: Two,,,6: Millions
OECD.TAD.ARP:DSD_AGR_POLIND@DF_COMM(1.2),RUS: Russia,A: Annual,"RP: Reference price, at farm gate",CPC_022: Raw milk,USD_T: US dollars per tonne,2022,416.7142,2: Two,,,6: Millions
OECD.TAD.ARP:DSD_AGR_POLIND@DF_COMM(1.2),RUS: Russia,A: Annual,"RP: Reference price, at farm gate",CPC_022: Raw milk,USD_T: US dollars per tonne,2023,498.106,2: Two,,,6: Millions
OECD.TAD.ARP:DSD_AGR_POLIND@DF_COMM(1.2),RUS: Russia,A: Annual,"RP: Reference price, at farm gate",CPC_022: Raw milk,USD_T: US dollars per tonne,2024,463.159,2: Two,,,6: Millions
OECD.TAD.ARP:DSD_AGR_POLIND@DF_COMM(1.2),AUS: Australia,A: Annual,"RP: Reference price, at farm gate",CPC_EX_PK: Pigmeat,USD_T: US dollars per tonne,2022,2559.703,2: Two,,,6: Millions
OECD.TAD.ARP:DSD_AGR_POLIND@DF_COMM(1.2),AUS: Australia,A: Annual,"RP: Reference price, at farm gate",CPC_EX_PK: Pigmeat,USD_T: US dollars per tonne,2023,2600.7815,2: Two,,,6: Millions
OECD.TAD.ARP:DSD_AGR_POLIND@DF_COMM(1.2),AUS: Australia,A: Annual,"RP: Reference price, at farm gate",CPC_EX_PK: Pigmeat,USD_T: US dollars per tonne,2024,2764.1654,2: Two,,,6: Millions
OECD.TAD.ARP:DSD_AGR_POLIND@DF_COMM(1.2),CAN: Canada,A: Annual,"RP: Reference price, at farm gate",CPC_EX_PK: Pigmeat,USD_T: US dollars per tonne,2022,1674.9187,2: Two,,,6: Millions
OECD.TAD.ARP:DSD_AGR_POLIND@DF_COMM(1.2),CAN: Canada,A: Annual,"RP: Reference price, at farm gate",CPC_EX_PK: Pigmeat,USD_T: US dollars per tonne,2023,1425.519,2: Two,,,6: Millions
OECD.TAD.ARP:DSD_AGR_POLIND@DF_COMM(1.2),CAN: Canada,A: Annual,"RP: Reference price, at farm gate",CPC_EX_PK: Pigmeat,USD_T: US dollars per tonne,2024,1503.9267,2: Two,,,6: Millions
OECD.TAD.ARP:DSD_AGR_POLIND@DF_COMM(1.2),KOR: Korea,A: Annual,"RP: Reference price, at farm gate",CPC_EX_PK: Pigmeat,USD_T: US dollars per tonne,2022,2741.4097,2: Two,,,6: Millions
OECD.TAD.ARP:DSD_AGR_POLIND@DF_COMM(1.2),KOR: Korea,A: Annual,"RP: Reference price, at farm gate",CPC_EX_PK: Pigmeat,USD_T: US dollars per tonne,2023,2373.0925,2: Two,,,6: Millions
OECD.TAD.ARP:DSD_AGR_POLIND@DF_COMM(1.2),KOR: Korea,A: Annual,"RP: Reference price, at farm gate",CPC_EX_PK: Pigmeat,USD_T: US dollars per tonne,2024,2529.5419,2: Two,,,6: Millions
OECD.TAD.ARP:DSD_AGR_POLIND@DF_COMM(1.2),NZL: New Zealand,A: Annual,"RP: Reference price, at farm gate",CPC_EX_PK: Pigmeat,USD_T: US dollars per tonne,2022,2908.6883,2: Two,,,6: Millions
OECD.TAD.ARP:DSD_AGR_POLIND@DF_COMM(1.2),NZL: New Zealand,A: Annual,"RP: Reference price, at farm gate",CPC_EX_PK: Pigmeat,USD_T: US dollars per tonne,2023,2885.3466,2: Two,,,6: Millions
OECD.TAD.ARP:DSD_AGR_POLIND@DF_COMM(1.2),NZL: New Zealand,A: Annual,"RP: Reference price, at farm gate",CPC_EX_PK: Pigmeat,USD_T: US dollars per tonne,2024,2853.2014,2: Two,,,6: Millions
OECD.TAD.ARP:DSD_AGR_POLIND@DF_COMM(1.2),USA: United States,A: Annual,"RP: Reference price, at farm gate",CPC_EX_PK: Pigmeat,USD_T: US dollars per tonne,2022,2452.6459,2: Two,,,6: Millions
OECD.TAD.ARP:DSD_AGR_POLIND@DF_COMM(1.2),USA: United States,A: Annual,"RP: Reference price, at farm gate",CPC_EX_PK: Pigmeat,USD_T: US dollars per tonne,2023,2045.4119,2: Two,,,6: Millions
OECD.TAD.ARP:DSD_AGR_POLIND@DF_COMM(1.2),USA: United States,A: Annual,"RP: Reference price, at farm gate",CPC_EX_PK: Pigmeat,USD_T: US dollars per tonne,2024,2137.1377,2: Two,,,6: Millions
OECD.TAD.ARP:DSD_AGR_POLIND@DF_COMM(1.2),EU: European Union,A: Annual,"RP: Reference price, at farm gate",CPC_EX_PK: Pigmeat,USD_T: US dollars per tonne,2022,2057.2881,2: Two,,,6: Millions
OECD.TAD.ARP:DSD_AGR_POLIND@DF_COMM(1.2),EU: European Union,A: Annual,"RP: Reference price, at farm gate",CPC_EX_PK: Pigmeat,USD_T: US dollars per tonne,2023,2357.4609,2: Two,,,6: Millions
OECD.TAD.ARP:DSD_AGR_POLIND@DF_COMM(1.2),EU: European Union,A: Annual,"RP: Reference price, at farm gate",CPC_EX_PK: Pigmeat,USD_T: US dollars per tonne,2024,2208.8508,2: Two,,,6: Millions
OECD.TAD.ARP:DSD_AGR_POLIND@DF_COMM(1.2),BRA: Brazil,A: Annual,"RP: Reference price, at farm gate",CPC_EX_PK: Pigmeat,USD_T: US dollars per tonne,2022,1418.52,2: Two,,,6: Millions
OECD.TAD.ARP:DSD_AGR_POLIND@DF_COMM(1.2),BRA: Brazil,A: Annual,"RP: Reference price, at farm gate",CPC_EX_PK: Pigmeat,USD_T: US dollars per tonne,2023,954.0376,2: Two,,,6: Millions
OECD.TAD.ARP:DSD_AGR_POLIND@DF_COMM(1.2),BRA: Brazil,A: Annual,"RP: Reference price, at farm gate",CPC_EX_PK: Pigmeat,USD_T: US dollars per tonne,2024,785.4392,2: Two,,,6: Millions
OECD.TAD.ARP:DSD_AGR_POLIND@DF_COMM(1.2),RUS: Russia,A: Annual,"RP: Reference price, at farm gate",CPC_EX_PK: Pigmeat,USD_T: US dollars per tonne,2022,1400.637,2: Two,,,6: Millions
OECD.TAD.ARP:DSD_AGR_POLIND@DF_COMM(1.2),RUS: Russia,A: Annual,"RP: Reference price, at farm gate",CPC_EX_PK: Pigmeat,USD_T: US dollars per tonne,2023,1531.9763,2: Two,,,6: Millions
OECD.TAD.ARP:DSD_AGR_POLIND@DF_COMM(1.2),RUS: Russia,A: Annual,"RP: Reference price, at farm gate",CPC_EX_PK: Pigmeat,USD_T: US dollars per tonne,2024,1610.9891,2: Two,,,6: Millions
OECD.TAD.ARP:DSD_AGR_POLIND@DF_COMM(1.2),VNM: Viet Nam,A: Annual,"RP: Reference price, at farm gate",CPC_EX_PK: Pigmeat,USD_T: US dollars per tonne,2022,5381.9851,2: Two,,,6: Millions
OECD.TAD.ARP:DSD_AGR_POLIND@DF_COMM(1.2),VNM: Viet Nam,A: Annual,"RP: Reference price, at farm gate",CPC_EX_PK: Pigmeat,USD_T: US dollars per tonne,2023,4993.1518,2: Two,,,6: Millions
OECD.TAD.ARP:DSD_AGR_POLIND@DF_COMM(1.2),VNM: Viet Nam,A: Annual,"RP: Reference price, at farm gate",CPC_EX_PK: Pigmeat,USD_T: US dollars per tonne,2024,6040.2753,2: Two,,,6: Millions
OECD.TAD.ARP:DSD_AGR_POLIND@DF_COMM(1.2),AUS: Australia,A: Annual,"PP: Producer price, at farm gate",CPC_EX_PK: Pigmeat,USD_T: US dollars per tonne,2022,2559.703,2: Two,,,6: Millions
OECD.TAD.ARP:DSD_AGR_POLIND@DF_COMM(1.2),AUS: Australia,A: Annual,"PP: Producer price, at farm gate",CPC_EX_PK: Pigmeat,USD_T: US dollars per tonne,2023,2600.7815,2: Two,,,6: Millions
OECD.TAD.ARP:DSD_AGR_POLIND@DF_COMM(1.2),AUS: Australia,A: Annual,"PP: Producer price, at farm gate",CPC_EX_PK: Pigmeat,USD_T: US dollars per tonne,2024,2764.1654,2: Two,,,6: Millions
OECD.TAD.ARP:DSD_AGR_POLIND@DF_COMM(1.2),CAN: Canada,A: Annual,"PP: Producer price, at farm gate",CPC_EX_PK: Pigmeat,USD_T: US dollars per tonne,2022,1674.9187,2: Two,,,6: Millions
OECD.TAD.ARP:DSD_AGR_POLIND@DF_COMM(1.2),CAN: Canada,A: Annual,"PP: Producer price, at farm gate",CPC_EX_PK: Pigmeat,USD_T: US dollars per tonne,2023,1425.519,2: Two,,,6: Millions
OECD.TAD.ARP:DSD_AGR_POLIND@DF_COMM(1.2),CAN: Canada,A: Annual,"PP: Producer price, at farm gate",CPC_EX_PK: Pigmeat,USD_T: US dollars per tonne,2024,1503.9267,2: Two,,,6: Millions
OECD.TAD.ARP:DSD_AGR_POLIND@DF_COMM(1.2),KOR: Korea,A: Annual,"PP: Producer price, at farm gate",CPC_EX_PK: Pigmeat,USD_T: US dollars per tonne,2022,4285.3547,2: Two,,,6: Millions
OECD.TAD.ARP:DSD_AGR_POLIND@DF_COMM(1.2),KOR: Korea,A: Annual,"PP: Producer price, at farm gate",CPC_EX_PK: Pigmeat,USD_T: US dollars per tonne,2023,3778.7361,2: Two,,,6: Millions
OECD.TAD.ARP:DSD_AGR_POLIND@DF_COMM(1.2),KOR: Korea,A: Annual,"PP: Producer price, at farm gate",CPC_EX_PK: Pigmeat,USD_T: US dollars per tonne,2024,3740.1268,2: Two,,,6: Millions
OECD.TAD.ARP:DSD_AGR_POLIND@DF_COMM(1.2),NZL: New Zealand,A: Annual,"PP: Producer price, at farm gate",CPC_EX_PK: Pigmeat,USD_T: US dollars per tonne,2022,2908.6883,2: Two,,,6: Millions
OECD.TAD.ARP:DSD_AGR_POLIND@DF_COMM(1.2),NZL: New Zealand,A: Annual,"PP: Producer price, at farm gate",CPC_EX_PK: Pigmeat,USD_T: US dollars per tonne,2023,2885.3466,2: Two,,,6: Millions
OECD.TAD.ARP:DSD_AGR_POLIND@DF_COMM(1.2),NZL: New Zealand,A: Annual,"PP: Producer price, at farm gate",CPC_EX_PK: Pigmeat,USD_T: US dollars per tonne,2024,2853.2014,2: Two,,,6: Millions
OECD.TAD.ARP:DSD_AGR_POLIND@DF_COMM(1.2),USA: United States,A: Annual,"PP: Producer price, at farm gate",CPC_EX_PK: Pigmeat,USD_T: US dollars per tonne,2022,2452.6459,2: Two,,,6: Millions
OECD.TAD.ARP:DSD_AGR_POLIND@DF_COMM(1.2),USA: United States,A: Annual,"PP: Producer price, at farm gate",CPC_EX_PK: Pigmeat,USD_T: US dollars per tonne,2023,2045.4119,2: Two,,,6: Millions
OECD.TAD.ARP:DSD_AGR_POLIND@DF_COMM(1.2),USA: United States,A: Annual,"PP: Producer price, at farm gate",CPC_EX_PK: Pigmeat,USD_T: US dollars per tonne,2024,2137.1377,2: Two,,,6: Millions
OECD.TAD.ARP:DSD_AGR_POLIND@DF_COMM(1.2),EU: European Union,A: Annual,"PP: Producer price, at farm gate",CPC_EX_PK: Pigmeat,USD_T: US dollars per tonne,2022,1938.4865,2: Two,,,6: Millions
OECD.TAD.ARP:DSD_AGR_POLIND@DF_COMM(1.2),EU: European Union,A: Annual,"PP: Producer price, at farm gate",CPC_EX_PK: Pigmeat,USD_T: US dollars per tonne,2023,2462.057,2: Two,,,6: Millions
OECD.TAD.ARP:DSD_AGR_POLIND@DF_COMM(1.2),EU: European Union,A: Annual,"PP: Producer price, at farm gate",CPC_EX_PK: Pigmeat,USD_T: US dollars per tonne,2024,2256.2225,2: Two,,,6: Millions
OECD.TAD.ARP:DSD_AGR_POLIND@DF_COMM(1.2),BRA: Brazil,A: Annual,"PP: Producer price, at farm gate",CPC_EX_PK: Pigmeat,USD_T: US dollars per tonne,2022,1264.8132,2: Two,,,6: Millions
OECD.TAD.ARP:DSD_AGR_POLIND@DF_COMM(1.2),BRA: Brazil,A: Annual,"PP: Producer price, at farm gate",CPC_EX_PK: Pigmeat,USD_T: US dollars per tonne,2023,1700.3144,2: Two,,,6: Millions
OECD.TAD.ARP:DSD_AGR_POLIND@DF_COMM(1.2),BRA: Brazil,A: Annual,"PP: Producer price, at farm gate",CPC_EX_PK: Pigmeat,USD_T: US dollars per tonne,2024,1306.195,2: Two,,,6: Millions
OECD.TAD.ARP:DSD_AGR_POLIND@DF_COMM(1.2),RUS: Russia,A: Annual,"PP: Producer price, at farm gate",CPC_EX_PK: Pigmeat,USD_T: US dollars per tonne,2022,2305.056,2: Two,,,6: Millions
OECD.TAD.ARP:DSD_AGR_POLIND@DF_COMM(1.2),RUS: Russia,A: Annual,"PP: Producer price, at farm gate",CPC_EX_PK: Pigmeat,USD_T: US dollars per tonne,2023,1994.8096,2: Two,,,6: Millions
OECD.TAD.ARP:DSD_AGR_POLIND@DF_COMM(1.2),RUS: Russia,A: Annual,"PP: Producer price, at farm gate",CPC_EX_PK: Pigmeat,USD_T: US dollars per tonne,2024,1909.5281,2: Two,,,6: Millions
OECD.TAD.ARP:DSD_AGR_POLIND@DF_COMM(1.2),VNM: Viet Nam,A: Annual,"PP: Producer price, at farm gate",CPC_EX_PK: Pigmeat,USD_T: US dollars per tonne,2022,3309.3509,2: Two,,,6: Millions
OECD.TAD.ARP:DSD_AGR_POLIND@DF_COMM(1.2),VNM: Viet Nam,A: Annual,"PP: Producer price, at farm gate",CPC_EX_PK: Pigmeat,USD_T: US dollars per tonne,2023,3070.2596,2: Two,,,6: Millions
OECD.TAD.ARP:DSD_AGR_POLIND@DF_COMM(1.2),VNM: Viet Nam,A: Annual,"PP: Producer price, at farm gate",CPC_EX_PK: Pigmeat,USD_T: US dollars per tonne,2024,3714.1297,2: Two,,,6: Millions
OECD.TAD.ARP:DSD_AGR_POLIND@DF_COMM(1.2),AUS: Australia,A: Annual,"PP: Producer price, at farm gate",CPC_022: Raw milk,USD_T: US dollars per tonne,2022,518.8449,2: Two,,,6: Millions
OECD.TAD.ARP:DSD_AGR_POLIND@DF_COMM(1.2),AUS: Australia,A: Annual,"PP: Producer price, at farm gate",CPC_022: Raw milk,USD_T: US dollars per tonne,2023,494.2894,2: Two,,,6: Millions
OECD.TAD.ARP:DSD_AGR_POLIND@DF_COMM(1.2),AUS: Australia,A: Annual,"PP: Producer price, at farm gate",CPC_022: Raw milk,USD_T: US dollars per tonne,2024,432.2411,2: Two,,,6: Millions
OECD.TAD.ARP:DSD_AGR_POLIND@DF_COMM(1.2),CAN: Canada,A: Annual,"PP: Producer price, at farm gate",CPC_022: Raw milk,USD_T: US dollars per tonne,2022,639.8301,2: Two,,,6: Millions
OECD.TAD.ARP:DSD_AGR_POLIND@DF_COMM(1.2),CAN: Canada,A: Annual,"PP: Producer price, at farm gate",CPC_022: Raw milk,USD_T: US dollars per tonne,2023,638.3003,2: Two,,,6: Millions
OECD.TAD.ARP:DSD_AGR_POLIND@DF_COMM(1.2),CAN: Canada,A: Annual,"PP: Producer price, at farm gate",CPC_022: Raw milk,USD_T: US dollars per tonne,2024,640.9896,2: Two,,,6: Millions
OECD.TAD.ARP:DSD_AGR_POLIND@DF_COMM(1.2),KOR: Korea,A: Annual,"PP: Producer price, at farm gate",CPC_022: Raw milk,USD_T: US dollars per tonne,2022,838.5944,2: Two,,,6: Millions
OECD.TAD.ARP:DSD_AGR_POLIND@DF_COMM(1.2),KOR: Korea,A: Annual,"PP: Producer price, at farm gate",CPC_022: Raw milk,USD_T: US dollars per tonne,2023,836.9039,2: Two,,,6: Millions
OECD.TAD.ARP:DSD_AGR_POLIND@DF_COMM(1.2),KOR: Korea,A: Annual,"PP: Producer price, at farm gate",CPC_022: Raw milk,USD_T: US dollars per tonne,2024,887.5034,2: Two,,,6: Millions
OECD.TAD.ARP:DSD_AGR_POLIND@DF_COMM(1.2),NZL: New Zealand,A: Annual,"PP: Producer price, at farm gate",CPC_022: Raw milk,USD_T: US dollars per tonne,2022,471.6141,2: Two,,,6: Millions
OECD.TAD.ARP:DSD_AGR_POLIND@DF_COMM(1.2),NZL: New Zealand,A: Annual,"PP: Producer price, at farm gate",CPC_022: Raw milk,USD_T: US dollars per tonne,2023,422.2996,2: Two,,,6: Millions
OECD.TAD.ARP:DSD_AGR_POLIND@DF_COMM(1.2),NZL: New Zealand,A: Annual,"PP: Producer price, at farm gate",CPC_022: Raw milk,USD_T: US dollars per tonne,2024,438.7163,2: Two,,,6: Millions
OECD.TAD.ARP:DSD_AGR_POLIND@DF_COMM(1.2),USA: United States,A: Annual,"PP: Producer price, at farm gate",CPC_022: Raw milk,USD_T: US dollars per tonne,2022,558.6456,2: Two,,,6: Millions
OECD.TAD.ARP:DSD_AGR_POLIND@DF_COMM(1.2),USA: United States,A: Annual,"PP: Producer price, at farm gate",CPC_022: Raw milk,USD_T: US dollars per tonne,2023,448.4156,2: Two,,,6: Millions
OECD.TAD.ARP:DSD_AGR_POLIND@DF_COMM(1.2),USA: United States,A: Annual,"PP: Producer price, at farm gate",CPC_022: Raw milk,USD_T: US dollars per tonne,2024,498.4601,2: Two,,,6: Millions
OECD.TAD.ARP:DSD_AGR_POLIND@DF_COMM(1.2),EU: European Union,A: Annual,"PP: Producer price, at farm gate",CPC_022: Raw milk,USD_T: US dollars per tonne,2022,529.2263,2: Two,,,6: Millions
OECD.TAD.ARP:DSD_AGR_POLIND@DF_COMM(1.2),EU: European Union,A: Annual,"PP: Producer price, at farm gate",CPC_022: Raw milk,USD_T: US dollars per tonne,2023,507.8876,2: Two,,,6: Millions
OECD.TAD.ARP:DSD_AGR_POLIND@DF_COMM(1.2),EU: European Union,A: Annual,"PP: Producer price, at farm gate",CPC_022: Raw milk,USD_T: US dollars per tonne,2024,523.8147,2: Two,,,6: Millions
OECD.TAD.ARP:DSD_AGR_POLIND@DF_COMM(1.2),BRA: Brazil,A: Annual,"PP: Producer price, at farm gate",CPC_022: Raw milk,USD_T: US dollars per tonne,2022,499.1726,2: Two,,,6: Millions
OECD.TAD.ARP:DSD_AGR_POLIND@DF_COMM(1.2),BRA: Brazil,A: Annual,"PP: Producer price, at farm gate",CPC_022: Raw milk,USD_T: US dollars per tonne,2023,355.5962,2: Two,,,6: Millions
OECD.TAD.ARP:DSD_AGR_POLIND@DF_COMM(1.2),BRA: Brazil,A: Annual,"PP: Producer price, at farm gate",CPC_022: Raw milk,USD_T: US dollars per tonne,2024,467.5969,2: Two,,,6: Millions
OECD.TAD.ARP:DSD_AGR_POLIND@DF_COMM(1.2),IND: India,A: Annual,"PP: Producer price, at farm gate",CPC_022: Raw milk,USD_T: US dollars per tonne,2022,427.1206,2: Two,,,6: Millions
OECD.TAD.ARP:DSD_AGR_POLIND@DF_COMM(1.2),IND: India,A: Annual,"PP: Producer price, at farm gate",CPC_022: Raw milk,USD_T: US dollars per tonne,2023,449.5328,2: Two,,,6: Millions
OECD.TAD.ARP:DSD_AGR_POLIND@DF_COMM(1.2),IND: India,A: Annual,"PP: Producer price, at farm gate",CPC_022: Raw milk,USD_T: US dollars per tonne,2024,456.1046,2: Two,,,6: Millions
OECD.TAD.ARP:DSD_AGR_POLIND@DF_COMM(1.2),RUS: Russia,A: Annual,"PP: Producer price, at farm gate",CPC_022: Raw milk,USD_T: US dollars per tonne,2022,484.9557,2: Two,,,6: Millions
OECD.TAD.ARP:DSD_AGR_POLIND@DF_COMM(1.2),RUS: Russia,A: Annual,"PP: Producer price, at farm gate",CPC_022: Raw milk,USD_T: US dollars per tonne,2023,390.6658,2: Two,,,6: Millions
OECD.TAD.ARP:DSD_AGR_POLIND@DF_COMM(1.2),RUS: Russia,A: Annual,"PP: Producer price, at farm gate",CPC_022: Raw milk,USD_T: US dollars per tonne,2024,386.0846,2: Two,,,6: Millions
OECD.TAD.ARP:DSD_AGR_POLIND@DF_COMM(1.2),AUS: Australia,A: Annual,"PP: Producer price, at farm gate",CPC_EX_BV: Beef and veal,USD_T: US dollars per tonne,2022,4759.1699,2: Two,,,6: Millions
OECD.TAD.ARP:DSD_AGR_POLIND@DF_COMM(1.2),AUS: Australia,A: Annual,"PP: Producer price, at farm gate",CPC_EX_BV: Beef and veal,USD_T: US dollars per tonne,2023,3510.6616,2: Two,,,6: Millions
OECD.TAD.ARP:DSD_AGR_POLIND@DF_COMM(1.2),AUS: Australia,A: Annual,"PP: Producer price, at farm gate",CPC_EX_BV: Beef and veal,USD_T: US dollars per tonne,2024,4117.2076,2: Two,,,6: Millions
OECD.TAD.ARP:DSD_AGR_POLIND@DF_COMM(1.2),CAN: Canada,A: Annual,"PP: Producer price, at farm gate",CPC_EX_BV: Beef and veal,USD_T: US dollars per tonne,2022,4979.3509,2: Two,,,6: Millions
OECD.TAD.ARP:DSD_AGR_POLIND@DF_COMM(1.2),CAN: Canada,A: Annual,"PP: Producer price, at farm gate",CPC_EX_BV: Beef and veal,USD_T: US dollars per tonne,2023,6102.7841,2: Two,,,6: Millions
OECD.TAD.ARP:DSD_AGR_POLIND@DF_COMM(1.2),CAN: Canada,A: Annual,"PP: Producer price, at farm gate",CPC_EX_BV: Beef and veal,USD_T: US dollars per tonne,2024,6767.3527,2: Two,,,6: Millions
OECD.TAD.ARP:DSD_AGR_POLIND@DF_COMM(1.2),KOR: Korea,A: Annual,"PP: Producer price, at farm gate",CPC_EX_BV: Beef and veal,USD_T: US dollars per tonne,2022,13764.9037,2: Two,,,6: Millions
OECD.TAD.ARP:DSD_AGR_POLIND@DF_COMM(1.2),KOR: Korea,A: Annual,"PP: Producer price, at farm gate",CPC_EX_BV: Beef and veal,USD_T: US dollars per tonne,2023,12002.4861,2: Two,,,6: Millions
OECD.TAD.ARP:DSD_AGR_POLIND@DF_COMM(1.2),KOR: Korea,A: Annual,"PP: Producer price, at farm gate",CPC_EX_BV: Beef and veal,USD_T: US dollars per tonne,2024,11561.1596,2: Two,,,6: Millions
OECD.TAD.ARP:DSD_AGR_POLIND@DF_COMM(1.2),NZL: New Zealand,A: Annual,"PP: Producer price, at farm gate",CPC_EX_BV: Beef and veal,USD_T: US dollars per tonne,2022,3392.9546,2: Two,,,6: Millions
OECD.TAD.ARP:DSD_AGR_POLIND@DF_COMM(1.2),NZL: New Zealand,A: Annual,"PP: Producer price, at farm gate",CPC_EX_BV: Beef and veal,USD_T: US dollars per tonne,2023,3131.9654,2: Two,,,6: Millions
OECD.TAD.ARP:DSD_AGR_POLIND@DF_COMM(1.2),NZL: New Zealand,A: Annual,"PP: Producer price, at farm gate",CPC_EX_BV: Beef and veal,USD_T: US dollars per tonne,2024,3278.5898,2: Two,,,6: Millions
OECD.TAD.ARP:DSD_AGR_POLIND@DF_COMM(1.2),USA: United States,A: Annual,"PP: Producer price, at farm gate",CPC_EX_BV: Beef and veal,USD_T: US dollars per tonne,2022,5470.2587,2: Two,,,6: Millions
OECD.TAD.ARP:DSD_AGR_POLIND@DF_COMM(1.2),USA: United States,A: Annual,"PP: Producer price, at farm gate",CPC_EX_BV: Beef and veal,USD_T: US dollars per tonne,2023,6642.9657,2: Two,,,6: Millions
OECD.TAD.ARP:DSD_AGR_POLIND@DF_COMM(1.2),USA: United States,A: Annual,"PP: Producer price, at farm gate",CPC_EX_BV: Beef and veal,USD_T: US dollars per tonne,2024,7079.3515,2: Two,,,6: Millions
OECD.TAD.ARP:DSD_AGR_POLIND@DF_COMM(1.2),EU: European Union,A: Annual,"PP: Producer price, at farm gate",CPC_EX_BV: Beef and veal,USD_T: US dollars per tonne,2022,4903.9221,2: Two,,,6: Millions
OECD.TAD.ARP:DSD_AGR_POLIND@DF_COMM(1.2),EU: European Union,A: Annual,"PP: Producer price, at farm gate",CPC_EX_BV: Beef and veal,USD_T: US dollars per tonne,2023,5004.95,2: Two,,,6: Millions
OECD.TAD.ARP:DSD_AGR_POLIND@DF_COMM(1.2),EU: European Union,A: Annual,"PP: Producer price, at farm gate",CPC_EX_BV: Beef and veal,USD_T: US dollars per tonne,2024,5191.1157,2: Two,,,6: Millions
OECD.TAD.ARP:DSD_AGR_POLIND@DF_COMM(1.2),BRA: Brazil,A: Annual,"PP: Producer price, at farm gate",CPC_EX_BV: Beef and veal,USD_T: US dollars per tonne,2022,3695.0382,2: Two,,,6: Millions
OECD.TAD.ARP:DSD_AGR_POLIND@DF_COMM(1.2),BRA: Brazil,A: Annual,"PP: Producer price, at farm gate",CPC_EX_BV: Beef and veal,USD_T: US dollars per tonne,2023,3960.4249,2: Two,,,6: Millions
OECD.TAD.ARP:DSD_AGR_POLIND@DF_COMM(1.2),BRA: Brazil,A: Annual,"PP: Producer price, at farm gate",CPC_EX_BV: Beef and veal,USD_T: US dollars per tonne,2024,2945.8511,2: Two,,,6: Millions
OECD.TAD.ARP:DSD_AGR_POLIND@DF_COMM(1.2),IND: India,A: Annual,"PP: Producer price, at farm gate",CPC_EX_BV: Beef and veal,USD_T: US dollars per tonne,2022,1301.2493,2: Two,,,6: Millions
OECD.TAD.ARP:DSD_AGR_POLIND@DF_COMM(1.2),IND: India,A: Annual,"PP: Producer price, at farm gate",CPC_EX_BV: Beef and veal,USD_T: US dollars per tonne,2023,1284.2496,2: Two,,,6: Millions
OECD.TAD.ARP:DSD_AGR_POLIND@DF_COMM(1.2),IND: India,A: Annual,"PP: Producer price, at farm gate",CPC_EX_BV: Beef and veal,USD_T: US dollars per tonne,2024,1352.5288,2: Two,,,6: Millions
OECD.TAD.ARP:DSD_AGR_POLIND@DF_COMM(1.2),RUS: Russia,A: Annual,"PP: Producer price, at farm gate",CPC_EX_BV: Beef and veal,USD_T: US dollars per tonne,2022,4738.4301,2: Two,,,6: Millions
OECD.TAD.ARP:DSD_AGR_POLIND@DF_COMM(1.2),RUS: Russia,A: Annual,"PP: Producer price, at farm gate",CPC_EX_BV: Beef and veal,USD_T: US dollars per tonne,2023,4086.4009,2: Two,,,6: Millions
OECD.TAD.ARP:DSD_AGR_POLIND@DF_COMM(1.2),RUS: Russia,A: Annual,"PP: Producer price, at farm gate",CPC_EX_BV: Beef and veal,USD_T: US dollars per tonne,2024,3854.2345,2: Two,,,6: Millions
OECD.TAD.ARP:DSD_AGR_POLIND@DF_COMM(1.2),VNM: Viet Nam,A: Annual,"PP: Producer price, at farm gate",CPC_EX_BV: Beef and veal,USD_T: US dollars per tonne,2022,7332.7603,2: Two,,,6: Millions
OECD.TAD.ARP:DSD_AGR_POLIND@DF_COMM(1.2),VNM: Viet Nam,A: Annual,"PP: Producer price, at farm gate",CPC_EX_BV: Beef and veal,USD_T: US dollars per tonne,2023,6897.5013,2: Two,,,6: Millions
OECD.TAD.ARP:DSD_AGR_POLIND@DF_COMM(1.2),VNM: Viet Nam,A: Annual,"PP: Producer price, at farm gate",CPC_EX_BV: Beef and veal,USD_T: US dollars per tonne,2024,6861.8786,2: Two,,,6: Millions
OECD.TAD.ARP:DSD_AGR_POLIND@DF_COMM(1.2),AUS: Australia,A: Annual,"PP: Producer price, at farm gate",CPC_EX_PT: Poultry meat,USD_T: US dollars per tonne,2022,1792.5403,2: Two,,,6: Millions
OECD.TAD.ARP:DSD_AGR_POLIND@DF_COMM(1.2),AUS: Australia,A: Annual,"PP: Producer price, at farm gate",CPC_EX_PT: Poultry meat,USD_T: US dollars per tonne,2023,1802.925,2: Two,,,6: Millions
OECD.TAD.ARP:DSD_AGR_POLIND@DF_COMM(1.2),AUS: Australia,A: Annual,"PP: Producer price, at farm gate",CPC_EX_PT: Poultry meat,USD_T: US dollars per tonne,2024,1796.2009,2: Two,,,6: Millions
OECD.TAD.ARP:DSD_AGR_POLIND@DF_COMM(1.2),CAN: Canada,A: Annual,"PP: Producer price, at farm gate",CPC_EX_PT: Poultry meat,USD_T: US dollars per tonne,2022,2169.0907,2: Two,,,6: Millions
OECD.TAD.ARP:DSD_AGR_POLIND@DF_COMM(1.2),CAN: Canada,A: Annual,"PP: Producer price, at farm gate",CPC_EX_PT: Poultry meat,USD_T: US dollars per tonne,2023,2172.144,2: Two,,,6: Millions
OECD.TAD.ARP:DSD_AGR_POLIND@DF_COMM(1.2),CAN: Canada,A: Annual,"PP: Producer price, at farm gate",CPC_EX_PT: Poultry meat,USD_T: US dollars per tonne,2024,2085.3891,2: Two,,,6: Millions
OECD.TAD.ARP:DSD_AGR_POLIND@DF_COMM(1.2),KOR: Korea,A: Annual,"PP: Producer price, at farm gate",CPC_EX_PT: Poultry meat,USD_T: US dollars per tonne,2022,2383.2963,2: Two,,,6: Millions
OECD.TAD.ARP:DSD_AGR_POLIND@DF_COMM(1.2),KOR: Korea,A: Annual,"PP: Producer price, at farm gate",CPC_EX_PT: Poultry meat,USD_T: US dollars per tonne,2023,2654.5987,2: Two,,,6: Millions
OECD.TAD.ARP:DSD_AGR_POLIND@DF_COMM(1.2),KOR: Korea,A: Annual,"PP: Producer price, at farm gate",CPC_EX_PT: Poultry meat,USD_T: US dollars per tonne,2024,2053.6464,2: Two,,,6: Millions
OECD.TAD.ARP:DSD_AGR_POLIND@DF_COMM(1.2),NZL: New Zealand,A: Annual,"PP: Producer price, at farm gate",CPC_EX_PT: Poultry meat,USD_T: US dollars per tonne,2022,1852.0457,2: Two,,,6: Millions
OECD.TAD.ARP:DSD_AGR_POLIND@DF_COMM(1.2),NZL: New Zealand,A: Annual,"PP: Producer price, at farm gate",CPC_EX_PT: Poultry meat,USD_T: US dollars per tonne,2023,1927.8064,2: Two,,,6: Millions
OECD.TAD.ARP:DSD_AGR_POLIND@DF_COMM(1.2),NZL: New Zealand,A: Annual,"PP: Producer price, at farm gate",CPC_EX_PT: Poultry meat,USD_T: US dollars per tonne,2024,1922.7013,2: Two,,,6: Millions
OECD.TAD.ARP:DSD_AGR_POLIND@DF_COMM(1.2),USA: United States,A: Annual,"PP: Producer price, at farm gate",CPC_EX_PT: Poultry meat,USD_T: US dollars per tonne,2022,2473.0484,2: Two,,,6: Millions
OECD.TAD.ARP:DSD_AGR_POLIND@DF_COMM(1.2),USA: United States,A: Annual,"PP: Producer price, at farm gate",CPC_EX_PT: Poultry meat,USD_T: US dollars per tonne,2023,2088.3076,2: Two,,,6: Millions
OECD.TAD.ARP:DSD_AGR_POLIND@DF_COMM(1.2),USA: United States,A: Annual,"PP: Producer price, at farm gate",CPC_EX_PT: Poultry meat,USD_T: US dollars per tonne,2024,2056.8741,2: Two,,,6: Millions
OECD.TAD.ARP:DSD_AGR_POLIND@DF_COMM(1.2),EU: European Union,A: Annual,"PP: Producer price, at farm gate",CPC_EX_PT: Poultry meat,USD_T: US dollars per tonne,2022,1746.3175,2: Two,,,6: Millions
OECD.TAD.ARP:DSD_AGR_POLIND@DF_COMM(1.2),EU: European Union,A: Annual,"PP: Producer price, at farm gate",CPC_EX_PT: Poultry meat,USD_T: US dollars per tonne,2023,1907.3245,2: Two,,,6: Millions
OECD.TAD.ARP:DSD_AGR_POLIND@DF_COMM(1.2),EU: European Union,A: Annual,"PP: Producer price, at farm gate",CPC_EX_PT: Poultry meat,USD_T: US dollars per tonne,2024,1907.0744,2: Two,,,6: Millions
OECD.TAD.ARP:DSD_AGR_POLIND@DF_COMM(1.2),BRA: Brazil,A: Annual,"PP: Producer price, at farm gate",CPC_EX_PT: Poultry meat,USD_T: US dollars per tonne,2022,1214.2475,2: Two,,,6: Millions
OECD.TAD.ARP:DSD_AGR_POLIND@DF_COMM(1.2),BRA: Brazil,A: Annual,"PP: Producer price, at farm gate",CPC_EX_PT: Poultry meat,USD_T: US dollars per tonne,2023,1252.7588,2: Two,,,6: Millions
OECD.TAD.ARP:DSD_AGR_POLIND@DF_COMM(1.2),BRA: Brazil,A: Annual,"PP: Producer price, at farm gate",CPC_EX_PT: Poultry meat,USD_T: US dollars per tonne,2024,1288.3833,2: Two,,,6: Millions
OECD.TAD.ARP:DSD_AGR_POLIND@DF_COMM(1.2),IND: India,A: Annual,"PP: Producer price, at farm gate",CPC_EX_PT: Poultry meat,USD_T: US dollars per tonne,2022,2466.6422,2: Two,,,6: Millions
OECD.TAD.ARP:DSD_AGR_POLIND@DF_COMM(1.2),IND: India,A: Annual,"PP: Producer price, at farm gate",CPC_EX_PT: Poultry meat,USD_T: US dollars per tonne,2023,2434.4178,2: Two,,,6: Millions
OECD.TAD.ARP:DSD_AGR_POLIND@DF_COMM(1.2),IND: India,A: Annual,"PP: Producer price, at farm gate",CPC_EX_PT: Poultry meat,USD_T: US dollars per tonne,2024,2563.8474,2: Two,,,6: Millions
OECD.TAD.ARP:DSD_AGR_POLIND@DF_COMM(1.2),RUS: Russia,A: Annual,"PP: Producer price, at farm gate",CPC_EX_PT: Poultry meat,USD_T: US dollars per tonne,2022,2069.2781,2: Two,,,6: Millions
OECD.TAD.ARP:DSD_AGR_POLIND@DF_COMM(1.2),RUS: Russia,A: Annual,"PP: Producer price, at farm gate",CPC_EX_PT: Poultry meat,USD_T: US dollars per tonne,2023,1861.7095,2: Two,,,6: Millions
OECD.TAD.ARP:DSD_AGR_POLIND@DF_COMM(1.2),RUS: Russia,A: Annual,"PP: Producer price, at farm gate",CPC_EX_PT: Poultry meat,USD_T: US dollars per tonne,2024,1784.3899,2: Two,,,6: Millions
OECD.TAD.ARP:DSD_AGR_POLIND@DF_COMM(1.2),VNM: Viet Nam,A: Annual,"PP: Producer price, at farm gate",CPC_EX_PT: Poultry meat,USD_T: US dollars per tonne,2022,2202.6409,2: Two,,,6: Millions
OECD.TAD.ARP:DSD_AGR_POLIND@DF_COMM(1.2),VNM: Viet Nam,A: Annual,"PP: Producer price, at farm gate",CPC_EX_PT: Poultry meat,USD_T: US dollars per tonne,2023,1897.0451,2: Two,,,6: Millions
OECD.TAD.ARP:DSD_AGR_POLIND@DF_COMM(1.2),VNM: Viet Nam,A: Annual,"PP: Producer price, at farm gate",CPC_EX_PT: Poultry meat,USD_T: US dollars per tonne,2024,1952.9765,2: Two,,,6: Millions
OECD.TAD.ARP:DSD_AGR_POLIND@DF_COMM(1.2),CAN: Canada,A: Annual,MPD: Market Price Differential (MPD),CPC_EX_PT: Poultry meat,USD_T: US dollars per tonne,2024,45.2736,2: Two,,,6: Millions
OECD.TAD.ARP:DSD_AGR_POLIND@DF_COMM(1.2),KOR: Korea,A: Annual,MPD: Market Price Differential (MPD),CPC_EX_PT: Poultry meat,USD_T: US dollars per tonne,2023,455.7457,2: Two,,,6: Millions
OECD.TAD.ARP:DSD_AGR_POLIND@DF_COMM(1.2),EU: European Union,A: Annual,MPD: Market Price Differential (MPD),CPC_EX_PT: Poultry meat,USD_T: US dollars per tonne,2022,406.2817,2: Two,,,6: Millions
OECD.TAD.ARP:DSD_AGR_POLIND@DF_COMM(1.2),EU: European Union,A: Annual,MPD: Market Price Differential (MPD),CPC_EX_PT: Poultry meat,USD_T: US dollars per tonne,2023,590.121,2: Two,,,6: Millions
OECD.TAD.ARP:DSD_AGR_POLIND@DF_COMM(1.2),EU: European Union,A: Annual,MPD: Market Price Differential (MPD),CPC_EX_PT: Poultry meat,USD_T: US dollars per tonne,2024,552.2634,2: Two,,,6: Millions
OECD.TAD.ARP:DSD_AGR_POLIND@DF_COMM(1.2),IND: India,A: Annual,MPD: Market Price Differential (MPD),CPC_EX_PT: Poultry meat,USD_T: US dollars per tonne,2022,437.3983,2: Two,,,6: Millions
OECD.TAD.ARP:DSD_AGR_POLIND@DF_COMM(1.2),IND: India,A: Annual,MPD: Market Price Differential (MPD),CPC_EX_PT: Poultry meat,USD_T: US dollars per tonne,2023,551.4986,2: Two,,,6: Millions
OECD.TAD.ARP:DSD_AGR_POLIND@DF_COMM(1.2),IND: India,A: Annual,MPD: Market Price Differential (MPD),CPC_EX_PT: Poultry meat,USD_T: US dollars per tonne,2024,724.9198,2: Two,,,6: Millions
OECD.TAD.ARP:DSD_AGR_POLIND@DF_COMM(1.2),RUS: Russia,A: Annual,MPD: Market Price Differential (MPD),CPC_EX_PT: Poultry meat,USD_T: US dollars per tonne,2022,135.543,2: Two,,,6: Millions
OECD.TAD.ARP:DSD_AGR_POLIND@DF_COMM(1.2),RUS: Russia,A: Annual,MPD: Market Price Differential (MPD),CPC_EX_PT: Poultry meat,USD_T: US dollars per tonne,2023,78.4771,2: Two,,,6: Millions
OECD.TAD.ARP:DSD_AGR_POLIND@DF_COMM(1.2),RUS: Russia,A: Annual,MPD: Market Price Differential (MPD),CPC_EX_PT: Poultry meat,USD_T: US dollars per tonne,2024,18.0686,2: Two,,,6: Millions
OECD.TAD.ARP:DSD_AGR_POLIND@DF_COMM(1.2),VNM: Viet Nam,A: Annual,MPD: Market Price Differential (MPD),CPC_EX_PT: Poultry meat,USD_T: US dollars per tonne,2022,-1462.4607,2: Two,,,6: Millions
OECD.TAD.ARP:DSD_AGR_POLIND@DF_COMM(1.2),VNM: Viet Nam,A: Annual,MPD: Market Price Differential (MPD),CPC_EX_PT: Poultry meat,USD_T: US dollars per tonne,2023,-1751.7911,2: Two,,,6: Millions
OECD.TAD.ARP:DSD_AGR_POLIND@DF_COMM(1.2),VNM: Viet Nam,A: Annual,MPD: Market Price Differential (MPD),CPC_EX_PT: Poultry meat,USD_T: US dollars per tonne,2024,-1626.3306,2: Two,,,6: Millions
OECD.TAD.ARP:DSD_AGR_POLIND@DF_COMM(1.2),CAN: Canada,A: Annual,MPD: Market Price Differential (MPD),CPC_022: Raw milk,USD_T: US dollars per tonne,2022,182.746,2: Two,,,6: Millions
OECD.TAD.ARP:DSD_AGR_POLIND@DF_COMM(1.2),CAN: Canada,A: Annual,MPD: Market Price Differential (MPD),CPC_022: Raw milk,USD_T: US dollars per tonne,2023,163.5381,2: Two,,,6: Millions
OECD.TAD.ARP:DSD_AGR_POLIND@DF_COMM(1.2),CAN: Canada,A: Annual,MPD: Market Price Differential (MPD),CPC_022: Raw milk,USD_T: US dollars per tonne,2024,192.5042,2: Two,,,6: Millions
OECD.TAD.ARP:DSD_AGR_POLIND@DF_COMM(1.2),KOR: Korea,A: Annual,MPD: Market Price Differential (MPD),CPC_022: Raw milk,USD_T: US dollars per tonne,2022,336.1365,2: Two,,,6: Millions
OECD.TAD.ARP:DSD_AGR_POLIND@DF_COMM(1.2),KOR: Korea,A: Annual,MPD: Market Price Differential (MPD),CPC_022: Raw milk,USD_T: US dollars per tonne,2023,254.4296,2: Two,,,6: Millions
OECD.TAD.ARP:DSD_AGR_POLIND@DF_COMM(1.2),KOR: Korea,A: Annual,MPD: Market Price Differential (MPD),CPC_022: Raw milk,USD_T: US dollars per tonne,2024,353.0435,2: Two,,,6: Millions
OECD.TAD.ARP:DSD_AGR_POLIND@DF_COMM(1.2),BRA: Brazil,A: Annual,MPD: Market Price Differential (MPD),CPC_022: Raw milk,USD_T: US dollars per tonne,2022,84.2241,2: Two,,,6: Millions
OECD.TAD.ARP:DSD_AGR_POLIND@DF_COMM(1.2),BRA: Brazil,A: Annual,MPD: Market Price Differential (MPD),CPC_022: Raw milk,USD_T: US dollars per tonne,2024,34.0281,2: Two,,,6: Millions
OECD.TAD.ARP:DSD_AGR_POLIND@DF_COMM(1.2),IND: India,A: Annual,MPD: Market Price Differential (MPD),CPC_022: Raw milk,USD_T: US dollars per tonne,2022,-284.1144,2: Two,,,6: Millions
OECD.TAD.ARP:DSD_AGR_POLIND@DF_COMM(1.2),IND: India,A: Annual,MPD: Market Price Differential (MPD),CPC_022: Raw milk,USD_T: US dollars per tonne,2023,-168.6784,2: Two,,,6: Millions
OECD.TAD.ARP:DSD_AGR_POLIND@DF_COMM(1.2),IND: India,A: Annual,MPD: Market Price Differential (MPD),CPC_022: Raw milk,USD_T: US dollars per tonne,2024,-295.0169,2: Two,,,6: Millions
OECD.TAD.ARP:DSD_AGR_POLIND@DF_COMM(1.2),RUS: Russia,A: Annual,MPD: Market Price Differential (MPD),CPC_022: Raw milk,USD_T: US dollars per tonne,2022,68.2415,2: Two,,,6: Millions
OECD.TAD.ARP:DSD_AGR_POLIND@DF_COMM(1.2),CAN: Canada,A: Annual,MPD: Market Price Differential (MPD),CPC_EX_BV: Beef and veal,USD_T: US dollars per tonne,2023,53.3465,2: Two,,,6: Millions
OECD.TAD.ARP:DSD_AGR_POLIND@DF_COMM(1.2),CAN: Canada,A: Annual,MPD: Market Price Differential (MPD),CPC_EX_BV: Beef and veal,USD_T: US dollars per tonne,2024,201.2701,2: Two,,,6: Millions
OECD.TAD.ARP:DSD_AGR_POLIND@DF_COMM(1.2),KOR: Korea,A: Annual,MPD: Market Price Differential (MPD),CPC_EX_BV: Beef and veal,USD_T: US dollars per tonne,2022,4003.5728,2: Two,,,6: Millions
OECD.TAD.ARP:DSD_AGR_POLIND@DF_COMM(1.2),KOR: Korea,A: Annual,MPD: Market Price Differential (MPD),CPC_EX_BV: Beef and veal,USD_T: US dollars per tonne,2023,3489.6373,2: Two,,,6: Millions
OECD.TAD.ARP:DSD_AGR_POLIND@DF_COMM(1.2),KOR: Korea,A: Annual,MPD: Market Price Differential (MPD),CPC_EX_BV: Beef and veal,USD_T: US dollars per tonne,2024,3360.9891,2: Two,,,6: Millions
OECD.TAD.ARP:DSD_AGR_POLIND@DF_COMM(1.2),EU: European Union,A: Annual,MPD: Market Price Differential (MPD),CPC_EX_BV: Beef and veal,USD_T: US dollars per tonne,2022,814.8098,2: Two,,,6: Millions
OECD.TAD.ARP:DSD_AGR_POLIND@DF_COMM(1.2),EU: European Union,A: Annual,MPD: Market Price Differential (MPD),CPC_EX_BV: Beef and veal,USD_T: US dollars per tonne,2023,1570.8254,2: Two,,,6: Millions
OECD.TAD.ARP:DSD_AGR_POLIND@DF_COMM(1.2),EU: European Union,A: Annual,MPD: Market Price Differential (MPD),CPC_EX_BV: Beef and veal,USD_T: US dollars per tonne,2024,1927.9399,2: Two,,,6: Millions
OECD.TAD.ARP:DSD_AGR_POLIND@DF_COMM(1.2),IND: India,A: Annual,MPD: Market Price Differential (MPD),CPC_EX_BV: Beef and veal,USD_T: US dollars per tonne,2022,-151.2077,2: Two,,,6: Millions
OECD.TAD.ARP:DSD_AGR_POLIND@DF_COMM(1.2),IND: India,A: Annual,MPD: Market Price Differential (MPD),CPC_EX_BV: Beef and veal,USD_T: US dollars per tonne,2023,-281.6208,2: Two,,,6: Millions
OECD.TAD.ARP:DSD_AGR_POLIND@DF_COMM(1.2),IND: India,A: Annual,MPD: Market Price Differential (MPD),CPC_EX_BV: Beef and veal,USD_T: US dollars per tonne,2024,-383.6001,2: Two,,,6: Millions
OECD.TAD.ARP:DSD_AGR_POLIND@DF_COMM(1.2),RUS: Russia,A: Annual,MPD: Market Price Differential (MPD),CPC_EX_BV: Beef and veal,USD_T: US dollars per tonne,2022,694.876,2: Two,,,6: Millions
OECD.TAD.ARP:DSD_AGR_POLIND@DF_COMM(1.2),RUS: Russia,A: Annual,MPD: Market Price Differential (MPD),CPC_EX_BV: Beef and veal,USD_T: US dollars per tonne,2023,634.2381,2: Two,,,6: Millions
OECD.TAD.ARP:DSD_AGR_POLIND@DF_COMM(1.2),RUS: Russia,A: Annual,MPD: Market Price Differential (MPD),CPC_EX_BV: Beef and veal,USD_T: US dollars per tonne,2024,437.1973,2: Two,,,6: Millions
OECD.TAD.ARP:DSD_AGR_POLIND@DF_COMM(1.2),VNM: Viet Nam,A: Annual,MPD: Market Price Differential (MPD),CPC_EX_BV: Beef and veal,USD_T: US dollars per tonne,2022,1763.8924,2: Two,,,6: Millions
OECD.TAD.ARP:DSD_AGR_POLIND@DF_COMM(1.2),VNM: Viet Nam,A: Annual,MPD: Market Price Differential (MPD),CPC_EX_BV: Beef and veal,USD_T: US dollars per tonne,2023,2230.6228,2: Two,,,6: Millions
OECD.TAD.ARP:DSD_AGR_POLIND@DF_COMM(1.2),VNM: Viet Nam,A: Annual,MPD: Market Price Differential (MPD),CPC_EX_BV: Beef and veal,USD_T: US dollars per tonne,2024,2179.4883,2: Two,,,6: Millions
OECD.TAD.ARP:DSD_AGR_POLIND@DF_COMM(1.2),KOR: Korea,A: Annual,MPD: Market Price Differential (MPD),CPC_EX_PK: Pigmeat,USD_T: US dollars per tonne,2022,1848.0172,2: Two,,,6: Millions
OECD.TAD.ARP:DSD_AGR_POLIND@DF_COMM(1.2),KOR: Korea,A: Annual,MPD: Market Price Differential (MPD),CPC_EX_PK: Pigmeat,USD_T: US dollars per tonne,2023,1559.0109,2: Two,,,6: Millions
OECD.TAD.ARP:DSD_AGR_POLIND@DF_COMM(1.2),KOR: Korea,A: Annual,MPD: Market Price Differential (MPD),CPC_EX_PK: Pigmeat,USD_T: US dollars per tonne,2024,1537.571,2: Two,,,6: Millions
OECD.TAD.ARP:DSD_AGR_POLIND@DF_COMM(1.2),EU: European Union,A: Annual,MPD: Market Price Differential (MPD),CPC_EX_PK: Pigmeat,USD_T: US dollars per tonne,2023,104.596,2: Two,,,6: Millions
OECD.TAD.ARP:DSD_AGR_POLIND@DF_COMM(1.2),EU: European Union,A: Annual,MPD: Market Price Differential (MPD),CPC_EX_PK: Pigmeat,USD_T: US dollars per tonne,2024,47.3717,2: Two,,,6: Millions
OECD.TAD.ARP:DSD_AGR_POLIND@DF_COMM(1.2),BRA: Brazil,A: Annual,MPD: Market Price Differential (MPD),CPC_EX_PK: Pigmeat,USD_T: US dollars per tonne,2024,520.7558,2: Two,,,6: Millions
OECD.TAD.ARP:DSD_AGR_POLIND@DF_COMM(1.2),RUS: Russia,A: Annual,MPD: Market Price Differential (MPD),CPC_EX_PK: Pigmeat,USD_T: US dollars per tonne,2022,904.419,2: Two,,,6: Millions
OECD.TAD.ARP:DSD_AGR_POLIND@DF_COMM(1.2),RUS: Russia,A: Annual,MPD: Market Price Differential (MPD),CPC_EX_PK: Pigmeat,USD_T: US dollars per tonne,2023,462.8332,2: Two,,,6: Millions
OECD.TAD.ARP:DSD_AGR_POLIND@DF_COMM(1.2),RUS: Russia,A: Annual,MPD: Market Price Differential (MPD),CPC_EX_PK: Pigmeat,USD_T: US dollars per tonne,2024,298.5391,2: Two,,,6: Millions
OECD.TAD.ARP:DSD_AGR_POLIND@DF_COMM(1.2),AUS: Australia,A: Annual,"VP: Value of production, at farm gate",CPC_EX_BV: Beef and veal,USD: US dollar,2022,10445.4755,2: Two,,,6: Millions
OECD.TAD.ARP:DSD_AGR_POLIND@DF_COMM(1.2),AUS: Australia,A: Annual,"VP: Value of production, at farm gate",CPC_EX_BV: Beef and veal,USD: US dollar,2023,9108.9696,2: Two,,,6: Millions
OECD.TAD.ARP:DSD_AGR_POLIND@DF_COMM(1.2),AUS: Australia,A: Annual,"VP: Value of production, at farm gate",CPC_EX_BV: Beef and veal,USD: US dollar,2024,12080.3137,2: Two,,,6: Millions
OECD.TAD.ARP:DSD_AGR_POLIND@DF_COMM(1.2),CAN: Canada,A: Annual,"VP: Value of production, at farm gate",CPC_EX_BV: Beef and veal,USD: US dollar,2022,7568.3463,2: Two,,,6: Millions
OECD.TAD.ARP:DSD_AGR_POLIND@DF_COMM(1.2),CAN: Canada,A: Annual,"VP: Value of production, at farm gate",CPC_EX_BV: Beef and veal,USD: US dollar,2023,8888.5629,2: Two,,,6: Millions
OECD.TAD.ARP:DSD_AGR_POLIND@DF_COMM(1.2),CAN: Canada,A: Annual,"VP: Value of production, at farm gate",CPC_EX_BV: Beef and veal,USD: US dollar,2024,9752.5917,2: Two,,,6: Millions
OECD.TAD.ARP:DSD_AGR_POLIND@DF_COMM(1.2),KOR: Korea,A: Annual,"VP: Value of production, at farm gate",CPC_EX_BV: Beef and veal,USD: US dollar,2022,5712.435,2: Two,,,6: Millions
OECD.TAD.ARP:DSD_AGR_POLIND@DF_COMM(1.2),KOR: Korea,A: Annual,"VP: Value of production, at farm gate",CPC_EX_BV: Beef and veal,USD: US dollar,2023,5173.0715,2: Two,,,6: Millions
OECD.TAD.ARP:DSD_AGR_POLIND@DF_COMM(1.2),KOR: Korea,A: Annual,"VP: Value of production, at farm gate",CPC_EX_BV: Beef and veal,USD: US dollar,2024,5375.9392,2: Two,,,6: Millions
OECD.TAD.ARP:DSD_AGR_POLIND@DF_COMM(1.2),NZL: New Zealand,A: Annual,"VP: Value of production, at farm gate",CPC_EX_BV: Beef and veal,USD: US dollar,2022,2397.3122,2: Two,,,6: Millions
OECD.TAD.ARP:DSD_AGR_POLIND@DF_COMM(1.2),NZL: New Zealand,A: Annual,"VP: Value of production, at farm gate",CPC_EX_BV: Beef and veal,USD: US dollar,2023,2204.5734,2: Two,,,6: Millions
OECD.TAD.ARP:DSD_AGR_POLIND@DF_COMM(1.2),NZL: New Zealand,A: Annual,"VP: Value of production, at farm gate",CPC_EX_BV: Beef and veal,USD: US dollar,2024,2184.8227,2: Two,,,6: Millions
OECD.TAD.ARP:DSD_AGR_POLIND@DF_COMM(1.2),USA: United States,A: Annual,"VP: Value of production, at farm gate",CPC_EX_BV: Beef and veal,USD: US dollar,2022,67826.7835,2: Two,,,6: Millions
OECD.TAD.ARP:DSD_AGR_POLIND@DF_COMM(1.2),USA: United States,A: Annual,"VP: Value of production, at farm gate",CPC_EX_BV: Beef and veal,USD: US dollar,2023,78510.6914,2: Two,,,6: Millions
OECD.TAD.ARP:DSD_AGR_POLIND@DF_COMM(1.2),USA: United States,A: Annual,"VP: Value of production, at farm gate",CPC_EX_BV: Beef and veal,USD: US dollar,2024,83708.6339,2: Two,,,6: Millions
OECD.TAD.ARP:DSD_AGR_POLIND@DF_COMM(1.2),EU: European Union,A: Annual,"VP: Value of production, at farm gate",CPC_EX_BV: Beef and veal,USD: US dollar,2022,32563.367,2: Two,,,6: Millions
OECD.TAD.ARP:DSD_AGR_POLIND@DF_COMM(1.2),EU: European Union,A: Annual,"VP: Value of production, at farm gate",CPC_EX_BV: Beef and veal,USD: US dollar,2023,31955.4543,2: Two,,,6: Millions
OECD.TAD.ARP:DSD_AGR_POLIND@DF_COMM(1.2),EU: European Union,A: Annual,"VP: Value of production, at farm gate",CPC_EX_BV: Beef and veal,USD: US dollar,2024,32471.7266,2: Two,,,6: Millions
OECD.TAD.ARP:DSD_AGR_POLIND@DF_COMM(1.2),BRA: Brazil,A: Annual,"VP: Value of production, at farm gate",CPC_EX_BV: Beef and veal,USD: US dollar,2022,32050.7612,2: Two,,,6: Millions
OECD.TAD.ARP:DSD_AGR_POLIND@DF_COMM(1.2),BRA: Brazil,A: Annual,"VP: Value of production, at farm gate",CPC_EX_BV: Beef and veal,USD: US dollar,2023,37691.3634,2: Two,,,6: Millions
OECD.TAD.ARP:DSD_AGR_POLIND@DF_COMM(1.2),BRA: Brazil,A: Annual,"VP: Value of production, at farm gate",CPC_EX_BV: Beef and veal,USD: US dollar,2024,28930.9089,2: Two,,,6: Millions
OECD.TAD.ARP:DSD_AGR_POLIND@DF_COMM(1.2),IND: India,A: Annual,"VP: Value of production, at farm gate",CPC_EX_BV: Beef and veal,USD: US dollar,2022,5841.1128,2: Two,,,6: Millions
OECD.TAD.ARP:DSD_AGR_POLIND@DF_COMM(1.2),IND: India,A: Annual,"VP: Value of production, at farm gate",CPC_EX_BV: Beef and veal,USD: US dollar,2023,5862.5996,2: Two,,,6: Millions
OECD.TAD.ARP:DSD_AGR_POLIND@DF_COMM(1.2),IND: India,A: Annual,"VP: Value of production, at farm gate",CPC_EX_BV: Beef and veal,USD: US dollar,2024,6268.9709,2: Two,,,6: Millions
OECD.TAD.ARP:DSD_AGR_POLIND@DF_COMM(1.2),RUS: Russia,A: Annual,"VP: Value of production, at farm gate",CPC_EX_BV: Beef and veal,USD: US dollar,2022,6399.4209,2: Two,,,6: Millions
OECD.TAD.ARP:DSD_AGR_POLIND@DF_COMM(1.2),RUS: Russia,A: Annual,"VP: Value of production, at farm gate",CPC_EX_BV: Beef and veal,USD: US dollar,2023,5660.5045,2: Two,,,6: Millions
OECD.TAD.ARP:DSD_AGR_POLIND@DF_COMM(1.2),RUS: Russia,A: Annual,"VP: Value of production, at farm gate",CPC_EX_BV: Beef and veal,USD: US dollar,2024,5352.1773,2: Two,,,6: Millions
OECD.TAD.ARP:DSD_AGR_POLIND@DF_COMM(1.2),VNM: Viet Nam,A: Annual,"VP: Value of production, at farm gate",CPC_EX_BV: Beef and veal,USD: US dollar,2022,1791.8735,2: Two,,,6: Millions
OECD.TAD.ARP:DSD_AGR_POLIND@DF_COMM(1.2),VNM: Viet Nam,A: Annual,"VP: Value of production, at farm gate",CPC_EX_BV: Beef and veal,USD: US dollar,2023,1726.794,2: Two,,,6: Millions
OECD.TAD.ARP:DSD_AGR_POLIND@DF_COMM(1.2),VNM: Viet Nam,A: Annual,"VP: Value of production, at farm gate",CPC_EX_BV: Beef and veal,USD: US dollar,2024,1747.8633,2: Two,,,6: Millions
OECD.TAD.ARP:DSD_AGR_POLIND@DF_COMM(1.2),AUS: Australia,A: Annual,"VP: Value of production, at farm gate",CPC_022: Raw milk,USD: US dollar,2022,4347.1094,2: Two,,,6: Millions
OECD.TAD.ARP:DSD_AGR_POLIND@DF_COMM(1.2),AUS: Australia,A: Annual,"VP: Value of production, at farm gate",CPC_022: Raw milk,USD: US dollar,2023,4268.4821,2: Two,,,6: Millions
OECD.TAD.ARP:DSD_AGR_POLIND@DF_COMM(1.2),AUS: Australia,A: Annual,"VP: Value of production, at farm gate",CPC_022: Raw milk,USD: US dollar,2024,3717.7273,2: Two,,,6: Millions
OECD.TAD.ARP:DSD_AGR_POLIND@DF_COMM(1.2),CAN: Canada,A: Annual,"VP: Value of production, at farm gate",CPC_022: Raw milk,USD: US dollar,2022,6540.0398,2: Two,,,6: Millions
OECD.TAD.ARP:DSD_AGR_POLIND@DF_COMM(1.2),CAN: Canada,A: Annual,"VP: Value of production, at farm gate",CPC_022: Raw milk,USD: US dollar,2023,6557.9443,2: Two,,,6: Millions
OECD.TAD.ARP:DSD_AGR_POLIND@DF_COMM(1.2),CAN: Canada,A: Annual,"VP: Value of production, at farm gate",CPC_022: Raw milk,USD: US dollar,2024,6660.3986,2: Two,,,6: Millions
OECD.TAD.ARP:DSD_AGR_POLIND@DF_COMM(1.2),KOR: Korea,A: Annual,"VP: Value of production, at farm gate",CPC_022: Raw milk,USD: US dollar,2022,1656.224,2: Two,,,6: Millions
OECD.TAD.ARP:DSD_AGR_POLIND@DF_COMM(1.2),KOR: Korea,A: Annual,"VP: Value of production, at farm gate",CPC_022: Raw milk,USD: US dollar,2023,1639.4076,2: Two,,,6: Millions
OECD.TAD.ARP:DSD_AGR_POLIND@DF_COMM(1.2),KOR: Korea,A: Annual,"VP: Value of production, at farm gate",CPC_022: Raw milk,USD: US dollar,2024,1723.5317,2: Two,,,6: Millions
OECD.TAD.ARP:DSD_AGR_POLIND@DF_COMM(1.2),NZL: New Zealand,A: Annual,"VP: Value of production, at farm gate",CPC_022: Raw milk,USD: US dollar,2022,10245.482,2: Two,,,6: Millions
OECD.TAD.ARP:DSD_AGR_POLIND@DF_COMM(1.2),NZL: New Zealand,A: Annual,"VP: Value of production, at farm gate",CPC_022: Raw milk,USD: US dollar,2023,9223.591,2: Two,,,6: Millions
OECD.TAD.ARP:DSD_AGR_POLIND@DF_COMM(1.2),NZL: New Zealand,A: Annual,"VP: Value of production, at farm gate",CPC_022: Raw milk,USD: US dollar,2024,9774.2067,2: Two,,,6: Millions
OECD.TAD.ARP:DSD_AGR_POLIND@DF_COMM(1.2),USA: United States,A: Annual,"VP: Value of production, at farm gate",CPC_022: Raw milk,USD: US dollar,2022,57373.8144,2: Two,,,6: Millions
OECD.TAD.ARP:DSD_AGR_POLIND@DF_COMM(1.2),USA: United States,A: Annual,"VP: Value of production, at farm gate",CPC_022: Raw milk,USD: US dollar,2023,46031.6574,2: Two,,,6: Millions
OECD.TAD.ARP:DSD_AGR_POLIND@DF_COMM(1.2),USA: United States,A: Annual,"VP: Value of production, at farm gate",CPC_022: Raw milk,USD: US dollar,2024,51075.99,2: Two,,,6: Millions
OECD.TAD.ARP:DSD_AGR_POLIND@DF_COMM(1.2),EU: European Union,A: Annual,"VP: Value of production, at farm gate",CPC_022: Raw milk,USD: US dollar,2022,76690.4014,2: Two,,,6: Millions
OECD.TAD.ARP:DSD_AGR_POLIND@DF_COMM(1.2),EU: European Union,A: Annual,"VP: Value of production, at farm gate",CPC_022: Raw milk,USD: US dollar,2023,73707.1557,2: Two,,,6: Millions
OECD.TAD.ARP:DSD_AGR_POLIND@DF_COMM(1.2),EU: European Union,A: Annual,"VP: Value of production, at farm gate",CPC_022: Raw milk,USD: US dollar,2024,80023.8295,2: Two,,,6: Millions
OECD.TAD.ARP:DSD_AGR_POLIND@DF_COMM(1.2),BRA: Brazil,A: Annual,"VP: Value of production, at farm gate",CPC_022: Raw milk,USD: US dollar,2022,18509.3884,2: Two,,,6: Millions
OECD.TAD.ARP:DSD_AGR_POLIND@DF_COMM(1.2),BRA: Brazil,A: Annual,"VP: Value of production, at farm gate",CPC_022: Raw milk,USD: US dollar,2023,13290.7757,2: Two,,,6: Millions
OECD.TAD.ARP:DSD_AGR_POLIND@DF_COMM(1.2),BRA: Brazil,A: Annual,"VP: Value of production, at farm gate",CPC_022: Raw milk,USD: US dollar,2024,17704.5797,2: Two,,,6: Millions
OECD.TAD.ARP:DSD_AGR_POLIND@DF_COMM(1.2),IND: India,A: Annual,"VP: Value of production, at farm gate",CPC_022: Raw milk,USD: US dollar,2022,99414.0565,2: Two,,,6: Millions
OECD.TAD.ARP:DSD_AGR_POLIND@DF_COMM(1.2),IND: India,A: Annual,"VP: Value of production, at farm gate",CPC_022: Raw milk,USD: US dollar,2023,110069.9429,2: Two,,,6: Millions
OECD.TAD.ARP:DSD_AGR_POLIND@DF_COMM(1.2),IND: India,A: Annual,"VP: Value of production, at farm gate",CPC_022: Raw milk,USD: US dollar,2024,115587.8558,2: Two,,,6: Millions
OECD.TAD.ARP:DSD_AGR_POLIND@DF_COMM(1.2),RUS: Russia,A: Annual,"VP: Value of production, at farm gate",CPC_022: Raw milk,USD: US dollar,2022,15992.7935,2: Two,,,6: Millions
OECD.TAD.ARP:DSD_AGR_POLIND@DF_COMM(1.2),RUS: Russia,A: Annual,"VP: Value of production, at farm gate",CPC_022: Raw milk,USD: US dollar,2023,13208.662,2: Two,,,6: Millions
OECD.TAD.ARP:DSD_AGR_POLIND@DF_COMM(1.2),RUS: Russia,A: Annual,"VP: Value of production, at farm gate",CPC_022: Raw milk,USD: US dollar,2024,13154.8106,2: Two,,,6: Millions
OECD.TAD.ARP:DSD_AGR_POLIND@DF_COMM(1.2),AUS: Australia,A: Annual,"VP: Value of production, at farm gate",CPC_EX_PK: Pigmeat,USD: US dollar,2022,1160.6359,2: Two,,,6: Millions
OECD.TAD.ARP:DSD_AGR_POLIND@DF_COMM(1.2),AUS: Australia,A: Annual,"VP: Value of production, at farm gate",CPC_EX_PK: Pigmeat,USD: US dollar,2023,1218.2919,2: Two,,,6: Millions
OECD.TAD.ARP:DSD_AGR_POLIND@DF_COMM(1.2),AUS: Australia,A: Annual,"VP: Value of production, at farm gate",CPC_EX_PK: Pigmeat,USD: US dollar,2024,1321.0799,2: Two,,,6: Millions
OECD.TAD.ARP:DSD_AGR_POLIND@DF_COMM(1.2),CAN: Canada,A: Annual,"VP: Value of production, at farm gate",CPC_EX_PK: Pigmeat,USD: US dollar,2022,4906.9916,2: Two,,,6: Millions
OECD.TAD.ARP:DSD_AGR_POLIND@DF_COMM(1.2),CAN: Canada,A: Annual,"VP: Value of production, at farm gate",CPC_EX_PK: Pigmeat,USD: US dollar,2023,4264.8676,2: Two,,,6: Millions
OECD.TAD.ARP:DSD_AGR_POLIND@DF_COMM(1.2),CAN: Canada,A: Annual,"VP: Value of production, at farm gate",CPC_EX_PK: Pigmeat,USD: US dollar,2024,4436.7533,2: Two,,,6: Millions
OECD.TAD.ARP:DSD_AGR_POLIND@DF_COMM(1.2),KOR: Korea,A: Annual,"VP: Value of production, at farm gate",CPC_EX_PK: Pigmeat,USD: US dollar,2022,7130.8302,2: Two,,,6: Millions
OECD.TAD.ARP:DSD_AGR_POLIND@DF_COMM(1.2),KOR: Korea,A: Annual,"VP: Value of production, at farm gate",CPC_EX_PK: Pigmeat,USD: US dollar,2023,6314.268,2: Two,,,6: Millions
OECD.TAD.ARP:DSD_AGR_POLIND@DF_COMM(1.2),KOR: Korea,A: Annual,"VP: Value of production, at farm gate",CPC_EX_PK: Pigmeat,USD: US dollar,2024,6375.8619,2: Two,,,6: Millions
OECD.TAD.ARP:DSD_AGR_POLIND@DF_COMM(1.2),NZL: New Zealand,A: Annual,"VP: Value of production, at farm gate",CPC_EX_PK: Pigmeat,USD: US dollar,2022,130.6126,2: Two,,,6: Millions
OECD.TAD.ARP:DSD_AGR_POLIND@DF_COMM(1.2),NZL: New Zealand,A: Annual,"VP: Value of production, at farm gate",CPC_EX_PK: Pigmeat,USD: US dollar,2023,128.9583,2: Two,,,6: Millions
OECD.TAD.ARP:DSD_AGR_POLIND@DF_COMM(1.2),NZL: New Zealand,A: Annual,"VP: Value of production, at farm gate",CPC_EX_PK: Pigmeat,USD: US dollar,2024,114.9907,2: Two,,,6: Millions
OECD.TAD.ARP:DSD_AGR_POLIND@DF_COMM(1.2),USA: United States,A: Annual,"VP: Value of production, at farm gate",CPC_EX_PK: Pigmeat,USD: US dollar,2022,30050.086,2: Two,,,6: Millions
OECD.TAD.ARP:DSD_AGR_POLIND@DF_COMM(1.2),USA: United States,A: Annual,"VP: Value of production, at farm gate",CPC_EX_PK: Pigmeat,USD: US dollar,2023,25345.443,2: Two,,,6: Millions
OECD.TAD.ARP:DSD_AGR_POLIND@DF_COMM(1.2),USA: United States,A: Annual,"VP: Value of production, at farm gate",CPC_EX_PK: Pigmeat,USD: US dollar,2024,26954.1473,2: Two,,,6: Millions
OECD.TAD.ARP:DSD_AGR_POLIND@DF_COMM(1.2),EU: European Union,A: Annual,"VP: Value of production, at farm gate",CPC_EX_PK: Pigmeat,USD: US dollar,2022,42774.5081,2: Two,,,6: Millions
OECD.TAD.ARP:DSD_AGR_POLIND@DF_COMM(1.2),EU: European Union,A: Annual,"VP: Value of production, at farm gate",CPC_EX_PK: Pigmeat,USD: US dollar,2023,50819.7114,2: Two,,,6: Millions
OECD.TAD.ARP:DSD_AGR_POLIND@DF_COMM(1.2),EU: European Union,A: Annual,"VP: Value of production, at farm gate",CPC_EX_PK: Pigmeat,USD: US dollar,2024,44360.403,2: Two,,,6: Millions
OECD.TAD.ARP:DSD_AGR_POLIND@DF_COMM(1.2),BRA: Brazil,A: Annual,"VP: Value of production, at farm gate",CPC_EX_PK: Pigmeat,USD: US dollar,2022,6559.3211,2: Two,,,6: Millions
OECD.TAD.ARP:DSD_AGR_POLIND@DF_COMM(1.2),BRA: Brazil,A: Annual,"VP: Value of production, at farm gate",CPC_EX_PK: Pigmeat,USD: US dollar,2023,9009.9662,2: Two,,,6: Millions
OECD.TAD.ARP:DSD_AGR_POLIND@DF_COMM(1.2),BRA: Brazil,A: Annual,"VP: Value of production, at farm gate",CPC_EX_PK: Pigmeat,USD: US dollar,2024,7006.8219,2: Two,,,6: Millions
OECD.TAD.ARP:DSD_AGR_POLIND@DF_COMM(1.2),RUS: Russia,A: Annual,"VP: Value of production, at farm gate",CPC_EX_PK: Pigmeat,USD: US dollar,2022,8981.9945,2: Two,,,6: Millions
OECD.TAD.ARP:DSD_AGR_POLIND@DF_COMM(1.2),RUS: Russia,A: Annual,"VP: Value of production, at farm gate",CPC_EX_PK: Pigmeat,USD: US dollar,2023,8152.3061,2: Two,,,6: Millions
OECD.TAD.ARP:DSD_AGR_POLIND@DF_COMM(1.2),RUS: Russia,A: Annual,"VP: Value of production, at farm gate",CPC_EX_PK: Pigmeat,USD: US dollar,2024,8082.4934,2: Two,,,6: Millions
OECD.TAD.ARP:DSD_AGR_POLIND@DF_COMM(1.2),VNM: Viet Nam,A: Annual,"VP: Value of production, at farm gate",CPC_EX_PK: Pigmeat,USD: US dollar,2022,11116.1361,2: Two,,,6: Millions
OECD.TAD.ARP:DSD_AGR_POLIND@DF_COMM(1.2),VNM: Viet Nam,A: Annual,"VP: Value of production, at farm gate",CPC_EX_PK: Pigmeat,USD: US dollar,2023,11055.1499,2: Two,,,6: Millions
OECD.TAD.ARP:DSD_AGR_POLIND@DF_COMM(1.2),VNM: Viet Nam,A: Annual,"VP: Value of production, at farm gate",CPC_EX_PK: Pigmeat,USD: US dollar,2024,14249.6448,2: Two,,,6: Millions
OECD.TAD.ARP:DSD_AGR_POLIND@DF_COMM(1.2),AUS: Australia,A: Annual,"VP: Value of production, at farm gate",CPC_EX_PT: Poultry meat,USD: US dollar,2022,2545.7395,2: Two,,,6: Millions
OECD.TAD.ARP:DSD_AGR_POLIND@DF_COMM(1.2),AUS: Australia,A: Annual,"VP: Value of production, at farm gate",CPC_EX_PT: Poultry meat,USD: US dollar,2023,2695.2035,2: Two,,,6: Millions
OECD.TAD.ARP:DSD_AGR_POLIND@DF_COMM(1.2),AUS: Australia,A: Annual,"VP: Value of production, at farm gate",CPC_EX_PT: Poultry meat,USD: US dollar,2024,2775.6629,2: Two,,,6: Millions
OECD.TAD.ARP:DSD_AGR_POLIND@DF_COMM(1.2),CAN: Canada,A: Annual,"VP: Value of production, at farm gate",CPC_EX_PT: Poultry meat,USD: US dollar,2022,3236.4569,2: Two,,,6: Millions
OECD.TAD.ARP:DSD_AGR_POLIND@DF_COMM(1.2),CAN: Canada,A: Annual,"VP: Value of production, at farm gate",CPC_EX_PT: Poultry meat,USD: US dollar,2023,3358.2432,2: Two,,,6: Millions
OECD.TAD.ARP:DSD_AGR_POLIND@DF_COMM(1.2),CAN: Canada,A: Annual,"VP: Value of production, at farm gate",CPC_EX_PT: Poultry meat,USD: US dollar,2024,3261.471,2: Two,,,6: Millions
OECD.TAD.ARP:DSD_AGR_POLIND@DF_COMM(1.2),KOR: Korea,A: Annual,"VP: Value of production, at farm gate",CPC_EX_PT: Poultry meat,USD: US dollar,2022,1463.3439,2: Two,,,6: Millions
OECD.TAD.ARP:DSD_AGR_POLIND@DF_COMM(1.2),KOR: Korea,A: Annual,"VP: Value of production, at farm gate",CPC_EX_PT: Poultry meat,USD: US dollar,2023,1656.4696,2: Two,,,6: Millions
OECD.TAD.ARP:DSD_AGR_POLIND@DF_COMM(1.2),KOR: Korea,A: Annual,"VP: Value of production, at farm gate",CPC_EX_PT: Poultry meat,USD: US dollar,2024,1269.1534,2: Two,,,6: Millions
OECD.TAD.ARP:DSD_AGR_POLIND@DF_COMM(1.2),NZL: New Zealand,A: Annual,"VP: Value of production, at farm gate",CPC_EX_PT: Poultry meat,USD: US dollar,2022,421.5256,2: Two,,,6: Millions
OECD.TAD.ARP:DSD_AGR_POLIND@DF_COMM(1.2),NZL: New Zealand,A: Annual,"VP: Value of production, at farm gate",CPC_EX_PT: Poultry meat,USD: US dollar,2023,453.7442,2: Two,,,6: Millions
OECD.TAD.ARP:DSD_AGR_POLIND@DF_COMM(1.2),NZL: New Zealand,A: Annual,"VP: Value of production, at farm gate",CPC_EX_PT: Poultry meat,USD: US dollar,2024,459.3307,2: Two,,,6: Millions
OECD.TAD.ARP:DSD_AGR_POLIND@DF_COMM(1.2),USA: United States,A: Annual,"VP: Value of production, at farm gate",CPC_EX_PT: Poultry meat,USD: US dollar,2022,57775.5077,2: Two,,,6: Millions
OECD.TAD.ARP:DSD_AGR_POLIND@DF_COMM(1.2),USA: United States,A: Annual,"VP: Value of production, at farm gate",CPC_EX_PT: Poultry meat,USD: US dollar,2023,49194.4882,2: Two,,,6: Millions
OECD.TAD.ARP:DSD_AGR_POLIND@DF_COMM(1.2),USA: United States,A: Annual,"VP: Value of production, at farm gate",CPC_EX_PT: Poultry meat,USD: US dollar,2024,48677.924,2: Two,,,6: Millions
OECD.TAD.ARP:DSD_AGR_POLIND@DF_COMM(1.2),EU: European Union,A: Annual,"VP: Value of production, at farm gate",CPC_EX_PT: Poultry meat,USD: US dollar,2022,22670.0158,2: Two,,,6: Millions
OECD.TAD.ARP:DSD_AGR_POLIND@DF_COMM(1.2),EU: European Union,A: Annual,"VP: Value of production, at farm gate",CPC_EX_PT: Poultry meat,USD: US dollar,2023,25366.8967,2: Two,,,6: Millions
OECD.TAD.ARP:DSD_AGR_POLIND@DF_COMM(1.2),EU: European Union,A: Annual,"VP: Value of production, at farm gate",CPC_EX_PT: Poultry meat,USD: US dollar,2024,24985.6977,2: Two,,,6: Millions
OECD.TAD.ARP:DSD_AGR_POLIND@DF_COMM(1.2),BRA: Brazil,A: Annual,"VP: Value of production, at farm gate",CPC_EX_PT: Poultry meat,USD: US dollar,2022,17950.2212,2: Two,,,6: Millions
OECD.TAD.ARP:DSD_AGR_POLIND@DF_COMM(1.2),BRA: Brazil,A: Annual,"VP: Value of production, at farm gate",CPC_EX_PT: Poultry meat,USD: US dollar,2023,18692.4135,2: Two,,,6: Millions
OECD.TAD.ARP:DSD_AGR_POLIND@DF_COMM(1.2),BRA: Brazil,A: Annual,"VP: Value of production, at farm gate",CPC_EX_PT: Poultry meat,USD: US dollar,2024,19569.64,2: Two,,,6: Millions
OECD.TAD.ARP:DSD_AGR_POLIND@DF_COMM(1.2),IND: India,A: Annual,"VP: Value of production, at farm gate",CPC_EX_PT: Poultry meat,USD: US dollar,2022,12979.4427,2: Two,,,6: Millions
OECD.TAD.ARP:DSD_AGR_POLIND@DF_COMM(1.2),IND: India,A: Annual,"VP: Value of production, at farm gate",CPC_EX_PT: Poultry meat,USD: US dollar,2023,13629.5438,2: Two,,,6: Millions
OECD.TAD.ARP:DSD_AGR_POLIND@DF_COMM(1.2),IND: India,A: Annual,"VP: Value of production, at farm gate",CPC_EX_PT: Poultry meat,USD: US dollar,2024,14928.3471,2: Two,,,6: Millions
OECD.TAD.ARP:DSD_AGR_POLIND@DF_COMM(1.2),RUS: Russia,A: Annual,"VP: Value of production, at farm gate",CPC_EX_PT: Poultry meat,USD: US dollar,2022,10271.9183,2: Two,,,6: Millions
OECD.TAD.ARP:DSD_AGR_POLIND@DF_COMM(1.2),RUS: Russia,A: Annual,"VP: Value of production, at farm gate",CPC_EX_PT: Poultry meat,USD: US dollar,2023,9244.3787,2: Two,,,6: Millions
OECD.TAD.ARP:DSD_AGR_POLIND@DF_COMM(1.2),RUS: Russia,A: Annual,"VP: Value of production, at farm gate",CPC_EX_PT: Poultry meat,USD: US dollar,2024,9034.0012,2: Two,,,6: Millions
OECD.TAD.ARP:DSD_AGR_POLIND@DF_COMM(1.2),VNM: Viet Nam,A: Annual,"VP: Value of production, at farm gate",CPC_EX_PT: Poultry meat,USD: US dollar,2022,3550.6923,2: Two,,,6: Millions
OECD.TAD.ARP:DSD_AGR_POLIND@DF_COMM(1.2),VNM: Viet Nam,A: Annual,"VP: Value of production, at farm gate",CPC_EX_PT: Poultry meat,USD: US dollar,2023,3241.0302,2: Two,,,6: Millions
OECD.TAD.ARP:DSD_AGR_POLIND@DF_COMM(1.2),VNM: Viet Nam,A: Annual,"VP: Value of production, at farm gate",CPC_EX_PT: Poultry meat,USD: US dollar,2024,3515.7443,2: Two,,,6: Millions
OECD.TAD.ARP:DSD_AGR_POLIND@DF_COMM(1.2),OECD: OECD,A: Annual,"VP: Value of production, at farm gate",CPC_EX_PT: Poultry meat,USD: US dollar,2022,113178.8314,2: Two,,,6: Millions
OECD.TAD.ARP:DSD_AGR_POLIND@DF_COMM(1.2),OECD: OECD,A: Annual,"VP: Value of production, at farm gate",CPC_EX_BV: Beef and veal,USD: US dollar,2022,156815.3312,2: Two,,,6: Millions
OECD.TAD.ARP:DSD_AGR_POLIND@DF_COMM(1.2),OECD: OECD,A: Annual,"VP: Value of production, at farm gate",CPC_022: Raw milk,USD: US dollar,2022,194189.037,2: Two,,,6: Millions
OECD.TAD.ARP:DSD_AGR_POLIND@DF_COMM(1.2),OECD: OECD,A: Annual,"VP: Value of production, at farm gate",CPC_EX_PK: Pigmeat,USD: US dollar,2022,99263.4303,2: Two,,,6: Millions
OECD.TAD.ARP:DSD_AGR_POLIND@DF_COMM(1.2),OECD: OECD,A: Annual,"VP: Value of production, at farm gate",CPC_EX_PK: Pigmeat,USD: US dollar,2023,102673.6076,2: Two,,,6: Millions
OECD.TAD.ARP:DSD_AGR_POLIND@DF_COMM(1.2),OECD: OECD,A: Annual,"VP: Value of production, at farm gate",CPC_022: Raw milk,USD: US dollar,2023,183060.7669,2: Two,,,6: Millions
OECD.TAD.ARP:DSD_AGR_POLIND@DF_COMM(1.2),OECD: OECD,A: Annual,"VP: Value of production, at farm gate",CPC_EX_BV: Beef and veal,USD: US dollar,2023,169676.0608,2: Two,,,6: Millions
OECD.TAD.ARP:DSD_AGR_POLIND@DF_COMM(1.2),OECD: OECD,A: Annual,"VP: Value of production, at farm gate",CPC_EX_PT: Poultry meat,USD: US dollar,2023,111957.587,2: Two,,,6: Millions
OECD.TAD.ARP:DSD_AGR_POLIND@DF_COMM(1.2),OECD: OECD,A: Annual,"VP: Value of production, at farm gate",CPC_EX_PT: Poultry meat,USD: US dollar,2024,110875.0904,2: Two,,,6: Millions
OECD.TAD.ARP:DSD_AGR_POLIND@DF_COMM(1.2),OECD: OECD,A: Annual,"VP: Value of production, at farm gate",CPC_EX_BV: Beef and veal,USD: US dollar,2024,179554.9875,2: Two,,,6: Millions
OECD.TAD.ARP:DSD_AGR_POLIND@DF_COMM(1.2),OECD: OECD,A: Annual,"VP: Value of production, at farm gate",CPC_022: Raw milk,USD: US dollar,2024,180476.7699,2: Two,,,6: Millions
OECD.TAD.ARP:DSD_AGR_POLIND@DF_COMM(1.2),OECD: OECD,A: Annual,"VP: Value of production, at farm gate",CPC_EX_PK: Pigmeat,USD: US dollar,2024,97536.271,2: Two,,,6: Millions
OECD.TAD.ARP:DSD_AGR_POLIND@DF_COMM(1.2),CAN: Canada,A: Annual,MPS: Market Price Support (MPS),CPC_EX_PT: Poultry meat,USD: US dollar,2024,70.8062,2: Two,,,6: Millions
OECD.TAD.ARP:DSD_AGR_POLIND@DF_COMM(1.2),KOR: Korea,A: Annual,MPS: Market Price Support (MPS),CPC_EX_PT: Poultry meat,USD: US dollar,2023,284.3853,2: Two,,,6: Millions
OECD.TAD.ARP:DSD_AGR_POLIND@DF_COMM(1.2),EU: European Union,A: Annual,MPS: Market Price Support (MPS),CPC_EX_PT: Poultry meat,USD: US dollar,2022,5273.3991,2: Two,,,6: Millions
OECD.TAD.ARP:DSD_AGR_POLIND@DF_COMM(1.2),EU: European Union,A: Annual,MPS: Market Price Support (MPS),CPC_EX_PT: Poultry meat,USD: US dollar,2023,7744.498,2: Two,,,6: Millions
OECD.TAD.ARP:DSD_AGR_POLIND@DF_COMM(1.2),EU: European Union,A: Annual,MPS: Market Price Support (MPS),CPC_EX_PT: Poultry meat,USD: US dollar,2024,7179.8705,2: Two,,,6: Millions
OECD.TAD.ARP:DSD_AGR_POLIND@DF_COMM(1.2),OECD: OECD,A: Annual,MPS: Market Price Support (MPS),CPC_EX_PT: Poultry meat,USD: US dollar,2022,6997.7626,2: Two,,,6: Millions
OECD.TAD.ARP:DSD_AGR_POLIND@DF_COMM(1.2),OECD: OECD,A: Annual,MPS: Market Price Support (MPS),CPC_EX_PT: Poultry meat,USD: US dollar,2023,13291.203,2: Two,,,6: Millions
OECD.TAD.ARP:DSD_AGR_POLIND@DF_COMM(1.2),OECD: OECD,A: Annual,MPS: Market Price Support (MPS),CPC_EX_PT: Poultry meat,USD: US dollar,2024,12718.8535,2: Two,,,6: Millions
OECD.TAD.ARP:DSD_AGR_POLIND@DF_COMM(1.2),IND: India,A: Annual,MPS: Market Price Support (MPS),CPC_EX_PT: Poultry meat,USD: US dollar,2022,2633.3525,2: Two,,,6: Millions
OECD.TAD.ARP:DSD_AGR_POLIND@DF_COMM(1.2),IND: India,A: Annual,MPS: Market Price Support (MPS),CPC_EX_PT: Poultry meat,USD: US dollar,2023,3104.4515,2: Two,,,6: Millions
OECD.TAD.ARP:DSD_AGR_POLIND@DF_COMM(1.2),IND: India,A: Annual,MPS: Market Price Support (MPS),CPC_EX_PT: Poultry meat,USD: US dollar,2024,4023.8208,2: Two,,,6: Millions
OECD.TAD.ARP:DSD_AGR_POLIND@DF_COMM(1.2),RUS: Russia,A: Annual,MPS: Market Price Support (MPS),CPC_EX_PT: Poultry meat,USD: US dollar,2022,1260.7949,2: Two,,,6: Millions
OECD.TAD.ARP:DSD_AGR_POLIND@DF_COMM(1.2),RUS: Russia,A: Annual,MPS: Market Price Support (MPS),CPC_EX_PT: Poultry meat,USD: US dollar,2023,759.7512,2: Two,,,6: Millions
OECD.TAD.ARP:DSD_AGR_POLIND@DF_COMM(1.2),RUS: Russia,A: Annual,MPS: Market Price Support (MPS),CPC_EX_PT: Poultry meat,USD: US dollar,2024,248.1476,2: Two,,,6: Millions
OECD.TAD.ARP:DSD_AGR_POLIND@DF_COMM(1.2),VNM: Viet Nam,A: Annual,MPS: Market Price Support (MPS),CPC_EX_PT: Poultry meat,USD: US dollar,2022,-2355.2389,2: Two,,,6: Millions
OECD.TAD.ARP:DSD_AGR_POLIND@DF_COMM(1.2),VNM: Viet Nam,A: Annual,MPS: Market Price Support (MPS),CPC_EX_PT: Poultry meat,USD: US dollar,2023,-3055.8719,2: Two,,,6: Millions
OECD.TAD.ARP:DSD_AGR_POLIND@DF_COMM(1.2),VNM: Viet Nam,A: Annual,MPS: Market Price Support (MPS),CPC_EX_PT: Poultry meat,USD: US dollar,2024,-3059.8523,2: Two,,,6: Millions
OECD.TAD.ARP:DSD_AGR_POLIND@DF_COMM(1.2),CAN: Canada,A: Annual,MPS: Market Price Support (MPS),CPC_022: Raw milk,USD: US dollar,2022,1867.9434,2: Two,,,6: Millions
OECD.TAD.ARP:DSD_AGR_POLIND@DF_COMM(1.2),CAN: Canada,A: Annual,MPS: Market Price Support (MPS),CPC_022: Raw milk,USD: US dollar,2023,1680.202,2: Two,,,6: Millions
OECD.TAD.ARP:DSD_AGR_POLIND@DF_COMM(1.2),CAN: Canada,A: Annual,MPS: Market Price Support (MPS),CPC_022: Raw milk,USD: US dollar,2024,2000.2737,2: Two,,,6: Millions
OECD.TAD.ARP:DSD_AGR_POLIND@DF_COMM(1.2),KOR: Korea,A: Annual,MPS: Market Price Support (MPS),CPC_022: Raw milk,USD: US dollar,2022,663.8695,2: Two,,,6: Millions
OECD.TAD.ARP:DSD_AGR_POLIND@DF_COMM(1.2),KOR: Korea,A: Annual,MPS: Market Price Support (MPS),CPC_022: Raw milk,USD: US dollar,2023,498.4011,2: Two,,,6: Millions
OECD.TAD.ARP:DSD_AGR_POLIND@DF_COMM(1.2),KOR: Korea,A: Annual,MPS: Market Price Support (MPS),CPC_022: Raw milk,USD: US dollar,2024,685.6105,2: Two,,,6: Millions
OECD.TAD.ARP:DSD_AGR_POLIND@DF_COMM(1.2),EU: European Union,A: Annual,MPS: Market Price Support (MPS),CPC_022: Raw milk,USD: US dollar,2022,-1.2147,2: Two,,,6: Millions
OECD.TAD.ARP:DSD_AGR_POLIND@DF_COMM(1.2),OECD: OECD,A: Annual,MPS: Market Price Support (MPS),CPC_022: Raw milk,USD: US dollar,2022,4181.3769,2: Two,,,6: Millions
OECD.TAD.ARP:DSD_AGR_POLIND@DF_COMM(1.2),OECD: OECD,A: Annual,MPS: Market Price Support (MPS),CPC_022: Raw milk,USD: US dollar,2023,5903.6652,2: Two,,,6: Millions
OECD.TAD.ARP:DSD_AGR_POLIND@DF_COMM(1.2),OECD: OECD,A: Annual,MPS: Market Price Support (MPS),CPC_022: Raw milk,USD: US dollar,2024,6485.1022,2: Two,,,6: Millions
OECD.TAD.ARP:DSD_AGR_POLIND@DF_COMM(1.2),BRA: Brazil,A: Annual,MPS: Market Price Support (MPS),CPC_022: Raw milk,USD: US dollar,2022,3123.042,2: Two,,,6: Millions
OECD.TAD.ARP:DSD_AGR_POLIND@DF_COMM(1.2),BRA: Brazil,A: Annual,MPS: Market Price Support (MPS),CPC_022: Raw milk,USD: US dollar,2024,1288.4039,2: Two,,,6: Millions
OECD.TAD.ARP:DSD_AGR_POLIND@DF_COMM(1.2),IND: India,A: Annual,MPS: Market Price Support (MPS),CPC_022: Raw milk,USD: US dollar,2022,-65197.4713,2: Two,,,6: Millions
OECD.TAD.ARP:DSD_AGR_POLIND@DF_COMM(1.2),IND: India,A: Annual,MPS: Market Price Support (MPS),CPC_022: Raw milk,USD: US dollar,2023,-40271.7517,2: Two,,,6: Millions
OECD.TAD.ARP:DSD_AGR_POLIND@DF_COMM(1.2),IND: India,A: Annual,MPS: Market Price Support (MPS),CPC_022: Raw milk,USD: US dollar,2024,-73763.5889,2: Two,,,6: Millions
OECD.TAD.ARP:DSD_AGR_POLIND@DF_COMM(1.2),RUS: Russia,A: Annual,MPS: Market Price Support (MPS),CPC_022: Raw milk,USD: US dollar,2022,2770.0104,2: Two,,,6: Millions
OECD.TAD.ARP:DSD_AGR_POLIND@DF_COMM(1.2),RUS: Russia,A: Annual,MPS: Market Price Support (MPS),CPC_022: Raw milk,USD: US dollar,2023,343.7461,2: Two,,,6: Millions
OECD.TAD.ARP:DSD_AGR_POLIND@DF_COMM(1.2),RUS: Russia,A: Annual,MPS: Market Price Support (MPS),CPC_022: Raw milk,USD: US dollar,2024,145.2706,2: Two,,,6: Millions
OECD.TAD.ARP:DSD_AGR_POLIND@DF_COMM(1.2),CAN: Canada,A: Annual,MPS: Market Price Support (MPS),CPC_EX_BV: Beef and veal,USD: US dollar,2023,77.698,2: Two,,,6: Millions
OECD.TAD.ARP:DSD_AGR_POLIND@DF_COMM(1.2),CAN: Canada,A: Annual,MPS: Market Price Support (MPS),CPC_EX_BV: Beef and veal,USD: US dollar,2024,290.0551,2: Two,,,6: Millions
OECD.TAD.ARP:DSD_AGR_POLIND@DF_COMM(1.2),KOR: Korea,A: Annual,MPS: Market Price Support (MPS),CPC_EX_BV: Beef and veal,USD: US dollar,2022,1661.4827,2: Two,,,6: Millions
OECD.TAD.ARP:DSD_AGR_POLIND@DF_COMM(1.2),KOR: Korea,A: Annual,MPS: Market Price Support (MPS),CPC_EX_BV: Beef and veal,USD: US dollar,2023,1504.0337,2: Two,,,6: Millions
OECD.TAD.ARP:DSD_AGR_POLIND@DF_COMM(1.2),KOR: Korea,A: Annual,MPS: Market Price Support (MPS),CPC_EX_BV: Beef and veal,USD: US dollar,2024,1562.86,2: Two,,,6: Millions
OECD.TAD.ARP:DSD_AGR_POLIND@DF_COMM(1.2),EU: European Union,A: Annual,MPS: Market Price Support (MPS),CPC_EX_BV: Beef and veal,USD: US dollar,2022,5409.3498,2: Two,,,6: Millions
OECD.TAD.ARP:DSD_AGR_POLIND@DF_COMM(1.2),EU: European Union,A: Annual,MPS: Market Price Support (MPS),CPC_EX_BV: Beef and veal,USD: US dollar,2023,9979.8095,2: Two,,,6: Millions
OECD.TAD.ARP:DSD_AGR_POLIND@DF_COMM(1.2),EU: European Union,A: Annual,MPS: Market Price Support (MPS),CPC_EX_BV: Beef and veal,USD: US dollar,2024,12016.235,2: Two,,,6: Millions
OECD.TAD.ARP:DSD_AGR_POLIND@DF_COMM(1.2),OECD: OECD,A: Annual,MPS: Market Price Support (MPS),CPC_EX_BV: Beef and veal,USD: US dollar,2022,10511.1197,2: Two,,,6: Millions
OECD.TAD.ARP:DSD_AGR_POLIND@DF_COMM(1.2),OECD: OECD,A: Annual,MPS: Market Price Support (MPS),CPC_EX_BV: Beef and veal,USD: US dollar,2023,16185.197,2: Two,,,6: Millions
OECD.TAD.ARP:DSD_AGR_POLIND@DF_COMM(1.2),OECD: OECD,A: Annual,MPS: Market Price Support (MPS),CPC_EX_BV: Beef and veal,USD: US dollar,2024,17733.4314,2: Two,,,6: Millions
OECD.TAD.ARP:DSD_AGR_POLIND@DF_COMM(1.2),IND: India,A: Annual,MPS: Market Price Support (MPS),CPC_EX_BV: Beef and veal,USD: US dollar,2022,-678.7485,2: Two,,,6: Millions
OECD.TAD.ARP:DSD_AGR_POLIND@DF_COMM(1.2),IND: India,A: Annual,MPS: Market Price Support (MPS),CPC_EX_BV: Beef and veal,USD: US dollar,2023,-1285.599,2: Two,,,6: Millions
OECD.TAD.ARP:DSD_AGR_POLIND@DF_COMM(1.2),IND: India,A: Annual,MPS: Market Price Support (MPS),CPC_EX_BV: Beef and veal,USD: US dollar,2024,-1777.9865,2: Two,,,6: Millions
OECD.TAD.ARP:DSD_AGR_POLIND@DF_COMM(1.2),RUS: Russia,A: Annual,MPS: Market Price Support (MPS),CPC_EX_BV: Beef and veal,USD: US dollar,2022,1213.8512,2: Two,,,6: Millions
OECD.TAD.ARP:DSD_AGR_POLIND@DF_COMM(1.2),RUS: Russia,A: Annual,MPS: Market Price Support (MPS),CPC_EX_BV: Beef and veal,USD: US dollar,2023,1065.509,2: Two,,,6: Millions
OECD.TAD.ARP:DSD_AGR_POLIND@DF_COMM(1.2),RUS: Russia,A: Annual,MPS: Market Price Support (MPS),CPC_EX_BV: Beef and veal,USD: US dollar,2024,686.1242,2: Two,,,6: Millions
OECD.TAD.ARP:DSD_AGR_POLIND@DF_COMM(1.2),VNM: Viet Nam,A: Annual,MPS: Market Price Support (MPS),CPC_EX_BV: Beef and veal,USD: US dollar,2022,431.5438,2: Two,,,6: Millions
OECD.TAD.ARP:DSD_AGR_POLIND@DF_COMM(1.2),VNM: Viet Nam,A: Annual,MPS: Market Price Support (MPS),CPC_EX_BV: Beef and veal,USD: US dollar,2023,549.8492,2: Two,,,6: Millions
OECD.TAD.ARP:DSD_AGR_POLIND@DF_COMM(1.2),VNM: Viet Nam,A: Annual,MPS: Market Price Support (MPS),CPC_EX_BV: Beef and veal,USD: US dollar,2024,536.7619,2: Two,,,6: Millions
OECD.TAD.ARP:DSD_AGR_POLIND@DF_COMM(1.2),KOR: Korea,A: Annual,MPS: Market Price Support (MPS),CPC_EX_PK: Pigmeat,USD: US dollar,2022,3075.1005,2: Two,,,6: Millions
OECD.TAD.ARP:DSD_AGR_POLIND@DF_COMM(1.2),KOR: Korea,A: Annual,MPS: Market Price Support (MPS),CPC_EX_PK: Pigmeat,USD: US dollar,2023,2605.1073,2: Two,,,6: Millions
OECD.TAD.ARP:DSD_AGR_POLIND@DF_COMM(1.2),KOR: Korea,A: Annual,MPS: Market Price Support (MPS),CPC_EX_PK: Pigmeat,USD: US dollar,2024,2621.1252,2: Two,,,6: Millions
OECD.TAD.ARP:DSD_AGR_POLIND@DF_COMM(1.2),EU: European Union,A: Annual,MPS: Market Price Support (MPS),CPC_EX_PK: Pigmeat,USD: US dollar,2022,-3.1264,2: Two,,,6: Millions
OECD.TAD.ARP:DSD_AGR_POLIND@DF_COMM(1.2),EU: European Union,A: Annual,MPS: Market Price Support (MPS),CPC_EX_PK: Pigmeat,USD: US dollar,2023,2019.0922,2: Two,,,6: Millions
OECD.TAD.ARP:DSD_AGR_POLIND@DF_COMM(1.2),EU: European Union,A: Annual,MPS: Market Price Support (MPS),CPC_EX_PK: Pigmeat,USD: US dollar,2024,814.3273,2: Two,,,6: Millions
OECD.TAD.ARP:DSD_AGR_POLIND@DF_COMM(1.2),OECD: OECD,A: Annual,MPS: Market Price Support (MPS),CPC_EX_PK: Pigmeat,USD: US dollar,2022,4817.5149,2: Two,,,6: Millions
OECD.TAD.ARP:DSD_AGR_POLIND@DF_COMM(1.2),OECD: OECD,A: Annual,MPS: Market Price Support (MPS),CPC_EX_PK: Pigmeat,USD: US dollar,2023,7414.8923,2: Two,,,6: Millions
OECD.TAD.ARP:DSD_AGR_POLIND@DF_COMM(1.2),OECD: OECD,A: Annual,MPS: Market Price Support (MPS),CPC_EX_PK: Pigmeat,USD: US dollar,2024,4828.9806,2: Two,,,6: Millions
OECD.TAD.ARP:DSD_AGR_POLIND@DF_COMM(1.2),BRA: Brazil,A: Annual,MPS: Market Price Support (MPS),CPC_EX_PK: Pigmeat,USD: US dollar,2024,2793.4902,2: Two,,,6: Millions
OECD.TAD.ARP:DSD_AGR_POLIND@DF_COMM(1.2),RUS: Russia,A: Annual,MPS: Market Price Support (MPS),CPC_EX_PK: Pigmeat,USD: US dollar,2022,4314.989,2: Two,,,6: Millions
OECD.TAD.ARP:DSD_AGR_POLIND@DF_COMM(1.2),RUS: Russia,A: Annual,MPS: Market Price Support (MPS),CPC_EX_PK: Pigmeat,USD: US dollar,2023,2393.2859,2: Two,,,6: Millions
OECD.TAD.ARP:DSD_AGR_POLIND@DF_COMM(1.2),RUS: Russia,A: Annual,MPS: Market Price Support (MPS),CPC_EX_PK: Pigmeat,USD: US dollar,2024,1475.6965,2: Two,,,6: Millions
OECD.TAD.ARP:DSD_AGR_POLIND@DF_COMM(1.2),VNM: Viet Nam,A: Annual,MPS: Market Price Support (MPS),CPC_EX_PK: Pigmeat,USD: US dollar,2022,7.527,2: Two,,,6: Millions
OECD.TAD.ARP:DSD_AGR_POLIND@DF_COMM(1.2),VNM: Viet Nam,A: Annual,MPS: Market Price Support (MPS),CPC_EX_PK: Pigmeat,USD: US dollar,2023,-222.6637,2: Two,,,6: Millions
OECD.TAD.ARP:DSD_AGR_POLIND@DF_COMM(1.2),VNM: Viet Nam,A: Annual,MPS: Market Price Support (MPS),CPC_EX_PK: Pigmeat,USD: US dollar,2024,-466.0265,2: Two,,,6: Millions
OECD.TAD.ARP:DSD_AGR_POLIND@DF_COMM(1.2),KOR: Korea,A: Annual,BT: Budgetary transfers,CPC_EX_PK: Pigmeat,USD: US dollar,2022,210.674,2: Two,,,6: Millions
OECD.TAD.ARP:DSD_AGR_POLIND@DF_COMM(1.2),KOR: Korea,A: Annual,BT: Budgetary transfers,CPC_EX_PK: Pigmeat,USD: US dollar,2023,233.8516,2: Two,,,6: Millions
OECD.TAD.ARP:DSD_AGR_POLIND@DF_COMM(1.2),KOR: Korea,A: Annual,BT: Budgetary transfers,CPC_EX_PK: Pigmeat,USD: US dollar,2024,185.6127,2: Two,,,6: Millions
OECD.TAD.ARP:DSD_AGR_POLIND@DF_COMM(1.2),EU: European Union,A: Annual,BT: Budgetary transfers,CPC_EX_PK: Pigmeat,USD: US dollar,2023,283.6649,2: Two,,,6: Millions
OECD.TAD.ARP:DSD_AGR_POLIND@DF_COMM(1.2),EU: European Union,A: Annual,BT: Budgetary transfers,CPC_EX_PK: Pigmeat,USD: US dollar,2024,83.4102,2: Two,,,6: Millions
OECD.TAD.ARP:DSD_AGR_POLIND@DF_COMM(1.2),BRA: Brazil,A: Annual,BT: Budgetary transfers,CPC_EX_PK: Pigmeat,USD: US dollar,2024,722.7012,2: Two,,,6: Millions
OECD.TAD.ARP:DSD_AGR_POLIND@DF_COMM(1.2),CAN: Canada,A: Annual,BT: Budgetary transfers,CPC_EX_BV: Beef and veal,USD: US dollar,2023,26.5675,2: Two,,,6: Millions
OECD.TAD.ARP:DSD_AGR_POLIND@DF_COMM(1.2),CAN: Canada,A: Annual,BT: Budgetary transfers,CPC_EX_BV: Beef and veal,USD: US dollar,2024,93.8685,2: Two,,,6: Millions
OECD.TAD.ARP:DSD_AGR_POLIND@DF_COMM(1.2),EU: European Union,A: Annual,BT: Budgetary transfers,CPC_EX_BV: Beef and veal,USD: US dollar,2022,83.6817,2: Two,,,6: Millions
OECD.TAD.ARP:DSD_AGR_POLIND@DF_COMM(1.2),EU: European Union,A: Annual,BT: Budgetary transfers,CPC_EX_BV: Beef and veal,USD: US dollar,2023,188.8298,2: Two,,,6: Millions
OECD.TAD.ARP:DSD_AGR_POLIND@DF_COMM(1.2),EU: European Union,A: Annual,BT: Budgetary transfers,CPC_EX_BV: Beef and veal,USD: US dollar,2024,211.4,2: Two,,,6: Millions
OECD.TAD.ARP:DSD_AGR_POLIND@DF_COMM(1.2),IND: India,A: Annual,BT: Budgetary transfers,CPC_EX_BV: Beef and veal,USD: US dollar,2022,-242.1364,2: Two,,,6: Millions
OECD.TAD.ARP:DSD_AGR_POLIND@DF_COMM(1.2),IND: India,A: Annual,BT: Budgetary transfers,CPC_EX_BV: Beef and veal,USD: US dollar,2023,-443.5528,2: Two,,,6: Millions
OECD.TAD.ARP:DSD_AGR_POLIND@DF_COMM(1.2),IND: India,A: Annual,BT: Budgetary transfers,CPC_EX_BV: Beef and veal,USD: US dollar,2024,-631.0222,2: Two,,,6: Millions
OECD.TAD.ARP:DSD_AGR_POLIND@DF_COMM(1.2),CAN: Canada,A: Annual,BT: Budgetary transfers,CPC_EX_PT: Poultry meat,USD: US dollar,2024,5.8381,2: Two,,,6: Millions
OECD.TAD.ARP:DSD_AGR_POLIND@DF_COMM(1.2),EU: European Union,A: Annual,BT: Budgetary transfers,CPC_EX_PT: Poultry meat,USD: US dollar,2022,418.1609,2: Two,,,6: Millions
OECD.TAD.ARP:DSD_AGR_POLIND@DF_COMM(1.2),EU: European Union,A: Annual,BT: Budgetary transfers,CPC_EX_PT: Poultry meat,USD: US dollar,2023,529.1135,2: Two,,,6: Millions
OECD.TAD.ARP:DSD_AGR_POLIND@DF_COMM(1.2),EU: European Union,A: Annual,BT: Budgetary transfers,CPC_EX_PT: Poultry meat,USD: US dollar,2024,124.6145,2: Two,,,6: Millions
OECD.TAD.ARP:DSD_AGR_POLIND@DF_COMM(1.2),RUS: Russia,A: Annual,BT: Budgetary transfers,CPC_EX_PT: Poultry meat,USD: US dollar,2022,43.9336,2: Two,,,6: Millions
OECD.TAD.ARP:DSD_AGR_POLIND@DF_COMM(1.2),KOR: Korea,A: Annual,BT: Budgetary transfers,CPC_022: Raw milk,USD: US dollar,2022,36.4243,2: Two,,,6: Millions
OECD.TAD.ARP:DSD_AGR_POLIND@DF_COMM(1.2),KOR: Korea,A: Annual,BT: Budgetary transfers,CPC_022: Raw milk,USD: US dollar,2023,35.6202,2: Two,,,6: Millions
OECD.TAD.ARP:DSD_AGR_POLIND@DF_COMM(1.2),KOR: Korea,A: Annual,BT: Budgetary transfers,CPC_022: Raw milk,USD: US dollar,2024,34.1124,2: Two,,,6: Millions
OECD.TAD.ARP:DSD_AGR_POLIND@DF_COMM(1.2),EU: European Union,A: Annual,BT: Budgetary transfers,CPC_022: Raw milk,USD: US dollar,2022,1.2024,2: Two,,,6: Millions
OECD.TAD.ARP:DSD_AGR_POLIND@DF_COMM(1.2),BRA: Brazil,A: Annual,BT: Budgetary transfers,CPC_022: Raw milk,USD: US dollar,2022,795.4123,2: Two,,,6: Millions
OECD.TAD.ARP:DSD_AGR_POLIND@DF_COMM(1.2),BRA: Brazil,A: Annual,BT: Budgetary transfers,CPC_022: Raw milk,USD: US dollar,2024,329.0957,2: Two,,,6: Millions
OECD.TAD.ARP:DSD_AGR_POLIND@DF_COMM(1.2),IND: India,A: Annual,BT: Budgetary transfers,CPC_022: Raw milk,USD: US dollar,2022,-16415.8981,2: Two,,,6: Millions
OECD.TAD.ARP:DSD_AGR_POLIND@DF_COMM(1.2),IND: India,A: Annual,BT: Budgetary transfers,CPC_022: Raw milk,USD: US dollar,2023,-11786.2019,2: Two,,,6: Millions
OECD.TAD.ARP:DSD_AGR_POLIND@DF_COMM(1.2),IND: India,A: Annual,BT: Budgetary transfers,CPC_022: Raw milk,USD: US dollar,2024,-23143.0178,2: Two,,,6: Millions
OECD.TAD.ARP:DSD_AGR_POLIND@DF_COMM(1.2),OECD: OECD,A: Annual,BT: Budgetary transfers,CPC_022: Raw milk,USD: US dollar,2022,104.2522,2: Two,,,6: Millions
OECD.TAD.ARP:DSD_AGR_POLIND@DF_COMM(1.2),OECD: OECD,A: Annual,BT: Budgetary transfers,CPC_EX_PT: Poultry meat,USD: US dollar,2022,635.6974,2: Two,,,6: Millions
OECD.TAD.ARP:DSD_AGR_POLIND@DF_COMM(1.2),OECD: OECD,A: Annual,BT: Budgetary transfers,CPC_EX_PK: Pigmeat,USD: US dollar,2022,205.224,2: Two,,,6: Millions
OECD.TAD.ARP:DSD_AGR_POLIND@DF_COMM(1.2),OECD: OECD,A: Annual,BT: Budgetary transfers,CPC_EX_BV: Beef and veal,USD: US dollar,2022,78.8168,2: Two,,,6: Millions
OECD.TAD.ARP:DSD_AGR_POLIND@DF_COMM(1.2),OECD: OECD,A: Annual,BT: Budgetary transfers,CPC_EX_BV: Beef and veal,USD: US dollar,2023,303.6511,2: Two,,,6: Millions
OECD.TAD.ARP:DSD_AGR_POLIND@DF_COMM(1.2),OECD: OECD,A: Annual,BT: Budgetary transfers,CPC_EX_PK: Pigmeat,USD: US dollar,2023,500.0395,2: Two,,,6: Millions
OECD.TAD.ARP:DSD_AGR_POLIND@DF_COMM(1.2),OECD: OECD,A: Annual,BT: Budgetary transfers,CPC_EX_PT: Poultry meat,USD: US dollar,2023,969.8488,2: Two,,,6: Millions
OECD.TAD.ARP:DSD_AGR_POLIND@DF_COMM(1.2),OECD: OECD,A: Annual,BT: Budgetary transfers,CPC_022: Raw milk,USD: US dollar,2023,135.3133,2: Two,,,6: Millions
OECD.TAD.ARP:DSD_AGR_POLIND@DF_COMM(1.2),OECD: OECD,A: Annual,BT: Budgetary transfers,CPC_022: Raw milk,USD: US dollar,2024,135.0922,2: Two,,,6: Millions
OECD.TAD.ARP:DSD_AGR_POLIND@DF_COMM(1.2),OECD: OECD,A: Annual,BT: Budgetary transfers,CPC_EX_PT: Poultry meat,USD: US dollar,2024,791.7149,2: Two,,,6: Millions
OECD.TAD.ARP:DSD_AGR_POLIND@DF_COMM(1.2),OECD: OECD,A: Annual,BT: Budgetary transfers,CPC_EX_PK: Pigmeat,USD: US dollar,2024,243.0789,2: Two,,,6: Millions
OECD.TAD.ARP:DSD_AGR_POLIND@DF_COMM(1.2),OECD: OECD,A: Annual,BT: Budgetary transfers,CPC_EX_BV: Beef and veal,USD: US dollar,2024,332.7554,2: Two,,,6: Millions
OECD.TAD.ARP:DSD_AGR_POLIND@DF_COMM(1.2),OECD: OECD,A: Annual,PO: Payments based on output,CPC_EX_PK: Pigmeat,USD: US dollar,2022,11.3846,2: Two,,,6: Millions
OECD.TAD.ARP:DSD_AGR_POLIND@DF_COMM(1.2),OECD: OECD,A: Annual,PO: Payments based on output,CPC_022: Raw milk,USD: US dollar,2022,1446.8238,2: Two,,,6: Millions
OECD.TAD.ARP:DSD_AGR_POLIND@DF_COMM(1.2),OECD: OECD,A: Annual,PO: Payments based on output,CPC_EX_PT: Poultry meat,USD: US dollar,2022,1.6317,2: Two,,,6: Millions
OECD.TAD.ARP:DSD_AGR_POLIND@DF_COMM(1.2),OECD: OECD,A: Annual,PO: Payments based on output,CPC_EX_BV: Beef and veal,USD: US dollar,2022,230.3527,2: Two,,,6: Millions
OECD.TAD.ARP:DSD_AGR_POLIND@DF_COMM(1.2),OECD: OECD,A: Annual,PO: Payments based on output,CPC_EX_BV: Beef and veal,USD: US dollar,2023,403.5599,2: Two,,,6: Millions
OECD.TAD.ARP:DSD_AGR_POLIND@DF_COMM(1.2),OECD: OECD,A: Annual,PO: Payments based on output,CPC_EX_PT: Poultry meat,USD: US dollar,2023,1.2543,2: Two,,,6: Millions
OECD.TAD.ARP:DSD_AGR_POLIND@DF_COMM(1.2),OECD: OECD,A: Annual,PO: Payments based on output,CPC_022: Raw milk,USD: US dollar,2023,1272.4237,2: Two,,,6: Millions
OECD.TAD.ARP:DSD_AGR_POLIND@DF_COMM(1.2),OECD: OECD,A: Annual,PO: Payments based on output,CPC_EX_PK: Pigmeat,USD: US dollar,2023,9.1982,2: Two,,,6: Millions
OECD.TAD.ARP:DSD_AGR_POLIND@DF_COMM(1.2),OECD: OECD,A: Annual,PO: Payments based on output,CPC_EX_PK: Pigmeat,USD: US dollar,2024,125.3067,2: Two,,,6: Millions
OECD.TAD.ARP:DSD_AGR_POLIND@DF_COMM(1.2),OECD: OECD,A: Annual,PO: Payments based on output,CPC_022: Raw milk,USD: US dollar,2024,1273.7489,2: Two,,,6: Millions
OECD.TAD.ARP:DSD_AGR_POLIND@DF_COMM(1.2),OECD: OECD,A: Annual,PO: Payments based on output,CPC_EX_PT: Poultry meat,USD: US dollar,2024,1.4217,2: Two,,,6: Millions
OECD.TAD.ARP:DSD_AGR_POLIND@DF_COMM(1.2),OECD: OECD,A: Annual,PO: Payments based on output,CPC_EX_BV: Beef and veal,USD: US dollar,2024,826.2148,2: Two,,,6: Millions
OECD.TAD.ARP:DSD_AGR_POLIND@DF_COMM(1.2),BRA: Brazil,A: Annual,PO: Payments based on output,CPC_EX_PK: Pigmeat,USD: US dollar,2022,0.018,2: Two,,,6: Millions
OECD.TAD.ARP:DSD_AGR_POLIND@DF_COMM(1.2),BRA: Brazil,A: Annual,PO: Payments based on output,CPC_EX_BV: Beef and veal,USD: US dollar,2022,0.0719,2: Two,,,6: Millions
OECD.TAD.ARP:DSD_AGR_POLIND@DF_COMM(1.2),BRA: Brazil,A: Annual,PO: Payments based on output,CPC_EX_PT: Poultry meat,USD: US dollar,2022,0.0036,2: Two,,,6: Millions
OECD.TAD.ARP:DSD_AGR_POLIND@DF_COMM(1.2),BRA: Brazil,A: Annual,PO: Payments based on output,CPC_EX_PT: Poultry meat,USD: US dollar,2023,0.0002,2: Two,,,6: Millions
OECD.TAD.ARP:DSD_AGR_POLIND@DF_COMM(1.2),BRA: Brazil,A: Annual,PO: Payments based on output,CPC_EX_BV: Beef and veal,USD: US dollar,2023,0.0087,2: Two,,,6: Millions
OECD.TAD.ARP:DSD_AGR_POLIND@DF_COMM(1.2),BRA: Brazil,A: Annual,PO: Payments based on output,CPC_EX_PK: Pigmeat,USD: US dollar,2023,0.0021,2: Two,,,6: Millions
OECD.TAD.ARP:DSD_AGR_POLIND@DF_COMM(1.2),BRA: Brazil,A: Annual,PO: Payments based on output,CPC_EX_PK: Pigmeat,USD: US dollar,2024,0.0096,2: Two,,,6: Millions
OECD.TAD.ARP:DSD_AGR_POLIND@DF_COMM(1.2),BRA: Brazil,A: Annual,PO: Payments based on output,CPC_EX_BV: Beef and veal,USD: US dollar,2024,0.0385,2: Two,,,6: Millions
OECD.TAD.ARP:DSD_AGR_POLIND@DF_COMM(1.2),BRA: Brazil,A: Annual,PO: Payments based on output,CPC_EX_PT: Poultry meat,USD: US dollar,2024,0.0018,2: Two,,,6: Millions
OECD.TAD.ARP:DSD_AGR_POLIND@DF_COMM(1.2),USA: United States,A: Annual,PO: Payments based on output,CPC_022: Raw milk,USD: US dollar,2022,49.0291,2: Two,,,6: Millions
OECD.TAD.ARP:DSD_AGR_POLIND@DF_COMM(1.2),EU: European Union,A: Annual,PO: Payments based on output,CPC_022: Raw milk,USD: US dollar,2022,212.0432,2: Two,,,6: Millions
OECD.TAD.ARP:DSD_AGR_POLIND@DF_COMM(1.2),EU: European Union,A: Annual,PO: Payments based on output,CPC_022: Raw milk,USD: US dollar,2023,224.8189,2: Two,,,6: Millions
OECD.TAD.ARP:DSD_AGR_POLIND@DF_COMM(1.2),EU: European Union,A: Annual,PO: Payments based on output,CPC_022: Raw milk,USD: US dollar,2024,225.2884,2: Two,,,6: Millions
OECD.TAD.ARP:DSD_AGR_POLIND@DF_COMM(1.2),BRA: Brazil,A: Annual,PO: Payments based on output,CPC_022: Raw milk,USD: US dollar,2022,0.1042,2: Two,,,6: Millions
OECD.TAD.ARP:DSD_AGR_POLIND@DF_COMM(1.2),BRA: Brazil,A: Annual,PO: Payments based on output,CPC_022: Raw milk,USD: US dollar,2023,0.0141,2: Two,,,6: Millions
OECD.TAD.ARP:DSD_AGR_POLIND@DF_COMM(1.2),BRA: Brazil,A: Annual,PO: Payments based on output,CPC_022: Raw milk,USD: US dollar,2024,0.0565,2: Two,,,6: Millions
OECD.TAD.ARP:DSD_AGR_POLIND@DF_COMM(1.2),RUS: Russia,A: Annual,PO: Payments based on output,CPC_022: Raw milk,USD: US dollar,2022,178.8209,2: Two,,,6: Millions
OECD.TAD.ARP:DSD_AGR_POLIND@DF_COMM(1.2),RUS: Russia,A: Annual,PO: Payments based on output,CPC_022: Raw milk,USD: US dollar,2023,173.3979,2: Two,,,6: Millions
OECD.TAD.ARP:DSD_AGR_POLIND@DF_COMM(1.2),RUS: Russia,A: Annual,PO: Payments based on output,CPC_022: Raw milk,USD: US dollar,2024,153.9559,2: Two,,,6: Millions
OECD.TAD.ARP:DSD_AGR_POLIND@DF_COMM(1.2),BRA: Brazil,A: Annual,TPT: Transfers to producers from taxpayers,CPC_022: Raw milk,USD: US dollar,2022,795.4123,2: Two,,,6: Millions
OECD.TAD.ARP:DSD_AGR_POLIND@DF_COMM(1.2),BRA: Brazil,A: Annual,TPT: Transfers to producers from taxpayers,CPC_022: Raw milk,USD: US dollar,2024,329.0957,2: Two,,,6: Millions
OECD.TAD.ARP:DSD_AGR_POLIND@DF_COMM(1.2),IND: India,A: Annual,TPT: Transfers to producers from taxpayers,CPC_022: Raw milk,USD: US dollar,2022,-16415.8981,2: Two,,,6: Millions
OECD.TAD.ARP:DSD_AGR_POLIND@DF_COMM(1.2),IND: India,A: Annual,TPT: Transfers to producers from taxpayers,CPC_022: Raw milk,USD: US dollar,2023,-11786.2019,2: Two,,,6: Millions
OECD.TAD.ARP:DSD_AGR_POLIND@DF_COMM(1.2),IND: India,A: Annual,TPT: Transfers to producers from taxpayers,CPC_022: Raw milk,USD: US dollar,2024,-23143.0178,2: Two,,,6: Millions
OECD.TAD.ARP:DSD_AGR_POLIND@DF_COMM(1.2),CAN: Canada,A: Annual,TPT: Transfers to producers from taxpayers,CPC_EX_PT: Poultry meat,USD: US dollar,2024,5.8381,2: Two,,,6: Millions
OECD.TAD.ARP:DSD_AGR_POLIND@DF_COMM(1.2),EU: European Union,A: Annual,TPT: Transfers to producers from taxpayers,CPC_EX_PT: Poultry meat,USD: US dollar,2022,418.1609,2: Two,,,6: Millions
OECD.TAD.ARP:DSD_AGR_POLIND@DF_COMM(1.2),EU: European Union,A: Annual,TPT: Transfers to producers from taxpayers,CPC_EX_PT: Poultry meat,USD: US dollar,2023,529.1135,2: Two,,,6: Millions
OECD.TAD.ARP:DSD_AGR_POLIND@DF_COMM(1.2),EU: European Union,A: Annual,TPT: Transfers to producers from taxpayers,CPC_EX_PT: Poultry meat,USD: US dollar,2024,124.6145,2: Two,,,6: Millions
OECD.TAD.ARP:DSD_AGR_POLIND@DF_COMM(1.2),RUS: Russia,A: Annual,TPT: Transfers to producers from taxpayers,CPC_EX_PT: Poultry meat,USD: US dollar,2022,43.9336,2: Two,,,6: Millions
OECD.TAD.ARP:DSD_AGR_POLIND@DF_COMM(1.2),CAN: Canada,A: Annual,TPT: Transfers to producers from taxpayers,CPC_EX_BV: Beef and veal,USD: US dollar,2023,26.5675,2: Two,,,6: Millions
OECD.TAD.ARP:DSD_AGR_POLIND@DF_COMM(1.2),CAN: Canada,A: Annual,TPT: Transfers to producers from taxpayers,CPC_EX_BV: Beef and veal,USD: US dollar,2024,93.8685,2: Two,,,6: Millions
OECD.TAD.ARP:DSD_AGR_POLIND@DF_COMM(1.2),EU: European Union,A: Annual,TPT: Transfers to producers from taxpayers,CPC_EX_BV: Beef and veal,USD: US dollar,2022,83.6817,2: Two,,,6: Millions
OECD.TAD.ARP:DSD_AGR_POLIND@DF_COMM(1.2),EU: European Union,A: Annual,TPT: Transfers to producers from taxpayers,CPC_EX_BV: Beef and veal,USD: US dollar,2023,188.8298,2: Two,,,6: Millions
OECD.TAD.ARP:DSD_AGR_POLIND@DF_COMM(1.2),EU: European Union,A: Annual,TPT: Transfers to producers from taxpayers,CPC_EX_BV: Beef and veal,USD: US dollar,2024,211.4,2: Two,,,6: Millions
OECD.TAD.ARP:DSD_AGR_POLIND@DF_COMM(1.2),KOR: Korea,A: Annual,TPT: Transfers to producers from taxpayers,CPC_EX_PK: Pigmeat,USD: US dollar,2022,210.674,2: Two,,,6: Millions
OECD.TAD.ARP:DSD_AGR_POLIND@DF_COMM(1.2),KOR: Korea,A: Annual,TPT: Transfers to producers from taxpayers,CPC_EX_PK: Pigmeat,USD: US dollar,2023,233.8516,2: Two,,,6: Millions
OECD.TAD.ARP:DSD_AGR_POLIND@DF_COMM(1.2),KOR: Korea,A: Annual,TPT: Transfers to producers from taxpayers,CPC_EX_PK: Pigmeat,USD: US dollar,2024,185.6127,2: Two,,,6: Millions
OECD.TAD.ARP:DSD_AGR_POLIND@DF_COMM(1.2),EU: European Union,A: Annual,TPT: Transfers to producers from taxpayers,CPC_EX_PK: Pigmeat,USD: US dollar,2023,283.6649,2: Two,,,6: Millions
OECD.TAD.ARP:DSD_AGR_POLIND@DF_COMM(1.2),EU: European Union,A: Annual,TPT: Transfers to producers from taxpayers,CPC_EX_PK: Pigmeat,USD: US dollar,2024,83.4102,2: Two,,,6: Millions
OECD.TAD.ARP:DSD_AGR_POLIND@DF_COMM(1.2),BRA: Brazil,A: Annual,TPT: Transfers to producers from taxpayers,CPC_EX_PK: Pigmeat,USD: US dollar,2024,722.7012,2: Two,,,6: Millions
OECD.TAD.ARP:DSD_AGR_POLIND@DF_COMM(1.2),IND: India,A: Annual,TPT: Transfers to producers from taxpayers,CPC_EX_BV: Beef and veal,USD: US dollar,2022,-242.1364,2: Two,,,6: Millions
OECD.TAD.ARP:DSD_AGR_POLIND@DF_COMM(1.2),IND: India,A: Annual,TPT: Transfers to producers from taxpayers,CPC_EX_BV: Beef and veal,USD: US dollar,2023,-443.5528,2: Two,,,6: Millions
OECD.TAD.ARP:DSD_AGR_POLIND@DF_COMM(1.2),IND: India,A: Annual,TPT: Transfers to producers from taxpayers,CPC_EX_BV: Beef and veal,USD: US dollar,2024,-631.0222,2: Two,,,6: Millions
OECD.TAD.ARP:DSD_AGR_POLIND@DF_COMM(1.2),OECD: OECD,A: Annual,TPT: Transfers to producers from taxpayers,CPC_EX_PT: Poultry meat,USD: US dollar,2022,636.7506,2: Two,,,6: Millions
OECD.TAD.ARP:DSD_AGR_POLIND@DF_COMM(1.2),OECD: OECD,A: Annual,TPT: Transfers to producers from taxpayers,CPC_EX_PK: Pigmeat,USD: US dollar,2022,210.8499,2: Two,,,6: Millions
OECD.TAD.ARP:DSD_AGR_POLIND@DF_COMM(1.2),OECD: OECD,A: Annual,TPT: Transfers to producers from taxpayers,CPC_022: Raw milk,USD: US dollar,2022,9.0214,2: Two,,,6: Millions
OECD.TAD.ARP:DSD_AGR_POLIND@DF_COMM(1.2),OECD: OECD,A: Annual,TPT: Transfers to producers from taxpayers,CPC_EX_BV: Beef and veal,USD: US dollar,2022,82.5426,2: Two,,,6: Millions
OECD.TAD.ARP:DSD_AGR_POLIND@DF_COMM(1.2),OECD: OECD,A: Annual,TPT: Transfers to producers from taxpayers,CPC_EX_BV: Beef and veal,USD: US dollar,2023,324.4961,2: Two,,,6: Millions
OECD.TAD.ARP:DSD_AGR_POLIND@DF_COMM(1.2),OECD: OECD,A: Annual,TPT: Transfers to producers from taxpayers,CPC_022: Raw milk,USD: US dollar,2023,27.1446,2: Two,,,6: Millions
OECD.TAD.ARP:DSD_AGR_POLIND@DF_COMM(1.2),OECD: OECD,A: Annual,TPT: Transfers to producers from taxpayers,CPC_EX_PK: Pigmeat,USD: US dollar,2023,514.3019,2: Two,,,6: Millions
OECD.TAD.ARP:DSD_AGR_POLIND@DF_COMM(1.2),OECD: OECD,A: Annual,TPT: Transfers to producers from taxpayers,CPC_EX_PT: Poultry meat,USD: US dollar,2023,972.1816,2: Two,,,6: Millions
OECD.TAD.ARP:DSD_AGR_POLIND@DF_COMM(1.2),OECD: OECD,A: Annual,TPT: Transfers to producers from taxpayers,CPC_EX_PT: Poultry meat,USD: US dollar,2024,793.9448,2: Two,,,6: Millions
OECD.TAD.ARP:DSD_AGR_POLIND@DF_COMM(1.2),OECD: OECD,A: Annual,TPT: Transfers to producers from taxpayers,CPC_EX_PK: Pigmeat,USD: US dollar,2024,268.2081,2: Two,,,6: Millions
OECD.TAD.ARP:DSD_AGR_POLIND@DF_COMM(1.2),OECD: OECD,A: Annual,TPT: Transfers to producers from taxpayers,CPC_022: Raw milk,USD: US dollar,2024,23.9898,2: Two,,,6: Millions
OECD.TAD.ARP:DSD_AGR_POLIND@DF_COMM(1.2),OECD: OECD,A: Annual,TPT: Transfers to producers from taxpayers,CPC_EX_BV: Beef and veal,USD: US dollar,2024,356.1789,2: Two,,,6: Millions
